day,GPP,R,NEP,method,GPP_true,R_true,NEP_true,case
2019-06-01,13.8300983956742,15.540863405895,-1.71076501022077,time domain,7.04438367963676,4.00194439924308,3.04243928039368,metalimnion
2019-06-01,5.51060660473992,4.84329846128207,0.667308143457846,"spectral (trapz, original)",7.04438367963676,4.00194439924308,3.04243928039368,metalimnion
2019-06-01,6.92236637262325,6.2550582291654,0.667308143457846,spectral (rect),7.04438367963676,4.00194439924308,3.04243928039368,metalimnion
2019-06-01,0.667308143457846,0,0.667308143457846,"spectral (rect, coh-threshold)",7.04438367963676,4.00194439924308,3.04243928039368,metalimnion
2019-06-02,14.7076835660523,0,14.7076835660523,time domain,7.24717270104575,4.01007563315547,3.23709706789028,metalimnion
2019-06-02,5.55959711420866,4.85760137104332,0.701995743165342,"spectral (trapz, original)",7.24717270104575,4.01007563315547,3.23709706789028,metalimnion
2019-06-02,6.97552599797986,6.27353025481452,0.701995743165342,spectral (rect),7.24717270104575,4.01007563315547,3.23709706789028,metalimnion
2019-06-02,0.701995743165342,0,0.701995743165342,"spectral (rect, coh-threshold)",7.24717270104575,4.01007563315547,3.23709706789028,metalimnion
2019-06-03,14.5303106454904,22.6801194130103,-8.14980876751986,time domain,4.37214866137371,4.01822338827813,0.353925273095583,metalimnion
2019-06-03,5.60786341683054,4.87133311730075,0.736530299529786,"spectral (trapz, original)",4.37214866137371,4.01822338827813,0.353925273095583,metalimnion
2019-06-03,7.0277949296084,6.29126463007861,0.736530299529786,spectral (rect),4.37214866137371,4.01822338827813,0.353925273095583,metalimnion
2019-06-03,0.736530299529786,0,0.736530299529786,"spectral (rect, coh-threshold)",4.37214866137371,4.01822338827813,0.353925273095583,metalimnion
2019-06-04,13.1348785003092,5.98467053413881,7.15020796617042,time domain,6.96618303609436,4.02638769817921,2.93979533791515,metalimnion
2019-06-04,5.6535588465452,4.88447238242601,0.769086464119191,"spectral (trapz, original)",6.96618303609436,4.02638769817921,2.93979533791515,metalimnion
2019-06-04,7.07732028763156,6.30823382351237,0.769086464119191,spectral (rect),6.96618303609436,4.02638769817921,2.93979533791515,metalimnion
2019-06-04,0.769086464119191,0,0.769086464119191,"spectral (rect, coh-threshold)",6.96618303609436,4.02638769817921,2.93979533791515,metalimnion
2019-06-05,7.88454614867893,10.135113221042,-2.2505670723631,time domain,6.1546122054982,4.03456859649505,2.12004360900315,metalimnion
2019-06-05,5.69882239392686,4.89699836406297,0.801824029863887,"spectral (trapz, original)",6.1546122054982,4.03456859649505,2.12004360900315,metalimnion
2019-06-05,7.1262349990019,6.32441096913801,0.801824029863887,spectral (rect),6.1546122054982,4.03456859649505,2.12004360900315,metalimnion
2019-06-05,0.801824029863887,0,0.801824029863887,"spectral (rect, coh-threshold)",6.1546122054982,4.03456859649505,2.12004360900315,metalimnion
2019-06-06,9.77922489133334,10.7879218499703,-1.00869695863695,time domain,5.59364517640096,4.04276611693034,1.55087905947063,metalimnion
2019-06-06,5.9579647471582,5.12507533215612,0.832889415002077,"spectral (trapz, original)",5.59364517640096,4.04276611693034,1.55087905947063,metalimnion
2019-06-06,7.08786141007356,6.25497199507148,0.832889415002077,spectral (rect),5.59364517640096,4.04276611693034,1.55087905947063,metalimnion
2019-06-06,0.832889415002077,0,0.832889415002077,"spectral (rect, coh-threshold)",5.59364517640096,4.04276611693034,1.55087905947063,metalimnion
2019-06-07,23.1372411688063,22.7794631115146,0.35777805729165,time domain,6.66474854836688,4.05098029325823,2.61376825510864,metalimnion
2019-06-07,6.52716870966553,5.65980509014323,0.8673636195223,"spectral (trapz, original)",6.66474854836688,4.05098029325823,2.61376825510864,metalimnion
2019-06-07,7.42593805134436,6.55857443182206,0.8673636195223,spectral (rect),6.66474854836688,4.05098029325823,2.61376825510864,metalimnion
2019-06-07,5.55243338285351,4.68506976333121,0.8673636195223,"spectral (rect, coh-threshold)",6.66474854836688,4.05098029325823,2.61376825510864,metalimnion
2019-06-08,12.5289879308187,13.9483282983808,-1.41934036756214,time domain,3.65590002467525,4.05921115932054,-0.403311134645291,metalimnion
2019-06-08,4.024491849449,3.12139248057178,0.903099368877224,"spectral (trapz, original)",3.65590002467525,4.05921115932054,-0.403311134645291,metalimnion
2019-06-08,4.7216251653851,3.81852579650788,0.903099368877224,spectral (rect),3.65590002467525,4.05921115932054,-0.403311134645291,metalimnion
2019-06-08,4.67722809612113,3.77412872724391,0.903099368877224,"spectral (rect, coh-threshold)",3.65590002467525,4.05921115932054,-0.403311134645291,metalimnion
2019-06-09,2.36838524322368,0,2.36838524322368,time domain,6.32213595465754,4.06745874902779,2.25467720562974,metalimnion
2019-06-09,3.80762438962718,2.87421456730425,0.933409822322933,"spectral (trapz, original)",6.32213595465754,4.06745874902779,2.25467720562974,metalimnion
2019-06-09,3.59696202814567,2.66355220582274,0.933409822322933,spectral (rect),6.32213595465754,4.06745874902779,2.25467720562974,metalimnion
2019-06-09,8.13466498429279,7.20125516196986,0.933409822322933,"spectral (rect, coh-threshold)",6.32213595465754,4.06745874902779,2.25467720562974,metalimnion
2019-06-10,14.8010310648961,14.677324146298,0.12370691859811,time domain,6.56615793382721,4.07572309635945,2.49043483746776,metalimnion
2019-06-10,6.82819995967731,5.86690618254509,0.961293777132218,"spectral (trapz, original)",6.56615793382721,4.07572309635945,2.49043483746776,metalimnion
2019-06-10,7.7031635637568,6.74186978662458,0.961293777132218,spectral (rect),6.56615793382721,4.07572309635945,2.49043483746776,metalimnion
2019-06-10,10.4846042730694,9.5233104959372,0.961293777132218,"spectral (rect, coh-threshold)",6.56615793382721,4.07572309635945,2.49043483746776,metalimnion
2019-06-11,6.50534770565067,2.72728647458867,3.77806123106199,time domain,5.34722526944006,4.084004235364,1.26322103407606,metalimnion
2019-06-11,5.49006150686537,4.4920842316013,0.997977275264073,"spectral (trapz, original)",5.34722526944006,4.084004235364,1.26322103407606,metalimnion
2019-06-11,5.73182165929541,4.73384438403134,0.997977275264073,spectral (rect),5.34722526944006,4.084004235364,1.26322103407606,metalimnion
2019-06-11,11.0829827978341,10.08500552257,0.997977275264073,"spectral (rect, coh-threshold)",5.34722526944006,4.084004235364,1.26322103407606,metalimnion
2019-06-12,1.68825222471523,0,1.68825222471523,time domain,6.64107095599772,4.09230220015912,2.5487687558386,metalimnion
2019-06-12,1.02716651484368,0,1.02716651484368,"spectral (trapz, original)",6.64107095599772,4.09230220015912,2.5487687558386,metalimnion
2019-06-12,1.02716651484368,0,1.02716651484368,spectral (rect),6.64107095599772,4.09230220015912,2.5487687558386,metalimnion
2019-06-12,1.02716651484368,0,1.02716651484368,"spectral (rect, coh-threshold)",6.64107095599772,4.09230220015912,2.5487687558386,metalimnion
2019-06-13,12.6760957475809,8.10073300044182,4.5753627471391,time domain,7.64569593725706,4.10061702493178,3.54507891232527,metalimnion
2019-06-13,1.051009818287,0,1.051009818287,"spectral (trapz, original)",7.64569593725706,4.10061702493178,3.54507891232527,metalimnion
2019-06-13,1.051009818287,0,1.051009818287,spectral (rect),7.64569593725706,4.10061702493178,3.54507891232527,metalimnion
2019-06-13,1.051009818287,0,1.051009818287,"spectral (rect, coh-threshold)",7.64569593725706,4.10061702493178,3.54507891232527,metalimnion
2019-06-14,1.95218538306125,0,1.95218538306125,time domain,4.30737748237414,4.10894874393846,0.198428738435679,metalimnion
2019-06-14,1.07431684933157,0,1.07431684933157,"spectral (trapz, original)",4.30737748237414,4.10894874393846,0.198428738435679,metalimnion
2019-06-14,1.07431684933157,0,1.07431684933157,spectral (rect),4.30737748237414,4.10894874393846,0.198428738435679,metalimnion
2019-06-14,1.9358938519175,0.861577002585939,1.07431684933157,"spectral (rect, coh-threshold)",4.30737748237414,4.10894874393846,0.198428738435679,metalimnion
2019-06-15,2.0083824013588,0,2.0083824013588,time domain,5.35871055786075,4.1172973915052,1.24141316635555,metalimnion
2019-06-15,1.08959595706876,0,1.08959595706876,"spectral (trapz, original)",5.35871055786075,4.1172973915052,1.24141316635555,metalimnion
2019-06-15,1.08959595706876,0,1.08959595706876,spectral (rect),5.35871055786075,4.1172973915052,1.24141316635555,metalimnion
2019-06-15,1.28258620292258,0.192990245853816,1.08959595706876,"spectral (rect, coh-threshold)",5.35871055786075,4.1172973915052,1.24141316635555,metalimnion
2019-06-16,0.61851354687397,0,0.61851354687397,time domain,7.58416586608136,4.12566300202781,3.45850286405356,metalimnion
2019-06-16,2.77437235858285,1.66942857035289,1.10494378822995,"spectral (trapz, original)",7.58416586608136,4.12566300202781,3.45850286405356,metalimnion
2019-06-16,2.96244543276971,1.85750164453976,1.10494378822995,spectral (rect),7.58416586608136,4.12566300202781,3.45850286405356,metalimnion
2019-06-16,5.6015258701346,4.49658208190465,1.10494378822995,"spectral (rect, coh-threshold)",7.58416586608136,4.12566300202781,3.45850286405356,metalimnion
2019-06-17,12.9689392249622,14.8254851127306,-1.85654588776843,time domain,7.69469884131495,4.13404560997196,3.56065323134299,metalimnion
2019-06-17,6.13763584013602,5.02701318750231,1.11062265263371,"spectral (trapz, original)",7.69469884131495,4.13404560997196,3.56065323134299,metalimnion
2019-06-17,7.87694273603109,6.76632008339738,1.11062265263371,spectral (rect),7.69469884131495,4.13404560997196,3.56065323134299,metalimnion
2019-06-17,11.6998218478543,10.5891991952205,1.11062265263371,"spectral (rect, coh-threshold)",7.69469884131495,4.13404560997196,3.56065323134299,metalimnion
2019-06-18,1.01141953097658,0,1.01141953097658,time domain,3.56701961049761,4.14244524987338,-0.575425639375776,metalimnion
2019-06-18,1.60635044299058,0.489341555838552,1.11700888715203,"spectral (trapz, original)",3.56701961049761,4.14244524987338,-0.575425639375776,metalimnion
2019-06-18,1.91169737866824,0.794688491516216,1.11700888715203,spectral (rect),3.56701961049761,4.14244524987338,-0.575425639375776,metalimnion
2019-06-18,7.8903168255109,6.77330793835887,1.11700888715203,"spectral (rect, coh-threshold)",3.56701961049761,4.14244524987338,-0.575425639375776,metalimnion
2019-06-19,2.11969956855937,6.78501726072345,-4.66531769216408,time domain,5.33587117846314,4.15086195633796,1.18500922212518,metalimnion
2019-06-19,6.37925724625283,5.26106427395443,1.1181929722984,"spectral (trapz, original)",5.33587117846314,4.15086195633796,1.18500922212518,metalimnion
2019-06-19,7.29950590406663,6.18131293176822,1.1181929722984,spectral (rect),5.33587117846314,4.15086195633796,1.18500922212518,metalimnion
2019-06-19,4.77806782550909,3.65987485321069,1.1181929722984,"spectral (rect, coh-threshold)",5.33587117846314,4.15086195633796,1.18500922212518,metalimnion
2019-06-20,6.87989628505858,0,6.87989628505858,time domain,5.68540825403564,4.15929576404188,1.52611248999376,metalimnion
2019-06-20,6.28902529026733,5.17516481965121,1.11386047061611,"spectral (trapz, original)",5.68540825403564,4.15929576404188,1.52611248999376,metalimnion
2019-06-20,7.62606986137118,6.51220939075506,1.11386047061611,spectral (rect),5.68540825403564,4.15929576404188,1.52611248999376,metalimnion
2019-06-20,5.47183888521438,4.35797841459827,1.11386047061611,"spectral (rect, coh-threshold)",5.68540825403564,4.15929576404188,1.52611248999376,metalimnion
2019-06-21,9.39938431953527,0,9.39938431953527,time domain,7.01039104048208,4.16774670773181,2.84264433275027,metalimnion
2019-06-21,6.3705401205576,5.26471239657273,1.10582772398487,"spectral (trapz, original)",7.01039104048208,4.16774670773181,2.84264433275027,metalimnion
2019-06-21,7.78470360650583,6.67887588252096,1.10582772398487,spectral (rect),7.01039104048208,4.16774670773181,2.84264433275027,metalimnion
2019-06-21,14.9458936529623,13.8400659289774,1.10582772398487,"spectral (rect, coh-threshold)",7.01039104048208,4.16774670773181,2.84264433275027,metalimnion
2019-06-22,10.7174878715549,13.6326030548018,-2.91511518324689,time domain,3.6182055593769,4.17621482222499,-0.558009262848096,metalimnion
2019-06-22,7.45506114554402,6.36040822435021,1.0946529211938,"spectral (trapz, original)",3.6182055593769,4.17621482222499,-0.558009262848096,metalimnion
2019-06-22,8.51330467647044,7.41865175527664,1.0946529211938,spectral (rect),3.6182055593769,4.17621482222499,-0.558009262848096,metalimnion
2019-06-22,13.1341905358422,12.0395376146484,1.0946529211938,"spectral (rect, coh-threshold)",3.6182055593769,4.17621482222499,-0.558009262848096,metalimnion
2019-06-23,13.0805410779801,16.3345816724468,-3.25404059446675,time domain,6.96062275666564,4.18470014240943,2.77592261425621,metalimnion
2019-06-23,7.46100709822656,6.38651787414896,1.0744892240776,"spectral (trapz, original)",6.96062275666564,4.18470014240943,2.77592261425621,metalimnion
2019-06-23,8.66277542904924,7.58828620497165,1.0744892240776,spectral (rect),6.96062275666564,4.18470014240943,2.77592261425621,metalimnion
2019-06-23,11.1506142175208,10.0761249934432,1.0744892240776,"spectral (rect, coh-threshold)",6.96062275666564,4.18470014240943,2.77592261425621,metalimnion
2019-06-24,15.9110826913689,9.29702644387759,6.61405624749131,time domain,6.62401156964229,4.193202703244,2.43080886639829,metalimnion
2019-06-24,6.44107168379291,5.38211541497303,1.05895626881987,"spectral (trapz, original)",6.62401156964229,4.193202703244,2.43080886639829,metalimnion
2019-06-24,8.37114204425222,7.31218577543234,1.05895626881987,spectral (rect),6.62401156964229,4.193202703244,2.43080886639829,metalimnion
2019-06-24,14.4109040896696,13.3519478208498,1.05895626881987,"spectral (rect, coh-threshold)",6.62401156964229,4.193202703244,2.43080886639829,metalimnion
2019-06-25,10.5042688408597,14.5191845764325,-4.01491573557283,time domain,3.26358675900419,4.20172253975861,-0.938135780754423,metalimnion
2019-06-25,5.74979395530305,4.71041210501286,1.03938185029019,"spectral (trapz, original)",3.26358675900419,4.20172253975861,-0.938135780754423,metalimnion
2019-06-25,7.78228408059201,6.74290223030183,1.03938185029019,spectral (rect),3.26358675900419,4.20172253975861,-0.938135780754423,metalimnion
2019-06-25,11.287799252925,10.2484174026348,1.03938185029019,"spectral (rect, coh-threshold)",3.26358675900419,4.20172253975861,-0.938135780754423,metalimnion
2019-06-26,0.0762974815550592,0,0.0762974815550592,time domain,4.9510041157549,4.21025968705436,0.740744428700535,metalimnion
2019-06-26,7.16620752274235,6.14808259389015,1.0181249288522,"spectral (trapz, original)",4.9510041157549,4.21025968705436,0.740744428700535,metalimnion
2019-06-26,8.50294066660741,7.48481573775521,1.0181249288522,spectral (rect),4.9510041157549,4.21025968705436,0.740744428700535,metalimnion
2019-06-26,12.9932156707846,11.9750907419324,1.0181249288522,"spectral (rect, coh-threshold)",4.9510041157549,4.21025968705436,0.740744428700535,metalimnion
2019-06-27,14.8146868295894,10.4781358859419,4.33655094364756,time domain,4.42313521823442,4.21881418030364,0.204321037930779,metalimnion
2019-06-27,5.34533124584433,4.35023688423676,0.995094361607571,"spectral (trapz, original)",4.42313521823442,4.21881418030364,0.204321037930779,metalimnion
2019-06-27,6.63279271894521,5.63769835733764,0.995094361607571,spectral (rect),4.42313521823442,4.21881418030364,0.204321037930779,metalimnion
2019-06-27,9.47393171564741,8.47883735403984,0.995094361607571,"spectral (rect, coh-threshold)",4.42313521823442,4.21881418030364,0.204321037930779,metalimnion
2019-06-28,4.09779570165458,0,4.09779570165458,time domain,5.68267327532493,4.22738605475033,1.4552872205746,metalimnion
2019-06-28,4.72710381530989,3.75544846762545,0.971655347684436,"spectral (trapz, original)",5.68267327532493,4.22738605475033,1.4552872205746,metalimnion
2019-06-28,5.05024030554155,4.07858495785711,0.971655347684436,spectral (rect),5.68267327532493,4.22738605475033,1.4552872205746,metalimnion
2019-06-28,9.75774225853996,8.78608691085553,0.971655347684436,"spectral (rect, coh-threshold)",5.68267327532493,4.22738605475033,1.4552872205746,metalimnion
2019-06-29,0,3.84815248901566,-3.84815248901566,time domain,4.45598858880103,4.23597534570991,0.220013243091126,metalimnion
2019-06-29,1.53793675034705,0.593106201843544,0.944830548503505,"spectral (trapz, original)",4.45598858880103,4.23597534570991,0.220013243091126,metalimnion
2019-06-29,0.944830548503505,0,0.944830548503505,spectral (rect),4.45598858880103,4.23597534570991,0.220013243091126,metalimnion
2019-06-29,8.98805972361236,8.04322917510886,0.944830548503505,"spectral (rect, coh-threshold)",4.45598858880103,4.23597534570991,0.220013243091126,metalimnion
2019-06-30,0,1.80816052611922,-1.80816052611922,time domain,5.34252570201645,4.2445820885696,1.09794361344685,metalimnion
2019-06-30,0.929025509650749,0,0.929025509650749,"spectral (trapz, original)",5.34252570201645,4.2445820885696,1.09794361344685,metalimnion
2019-06-30,0.929025509650749,0,0.929025509650749,spectral (rect),5.34252570201645,4.2445820885696,1.09794361344685,metalimnion
2019-06-30,0.929025509650749,0,0.929025509650749,"spectral (rect, coh-threshold)",5.34252570201645,4.2445820885696,1.09794361344685,metalimnion
2019-07-01,0.438048725307851,0,0.438048725307851,time domain,5.13934502542042,4.25320631878854,0.886138706631876,metalimnion
2019-07-01,0.939673995515514,0,0.939673995515514,"spectral (trapz, original)",5.13934502542042,4.25320631878854,0.886138706631876,metalimnion
2019-07-01,1.63723274304419,0.697558747528677,0.939673995515514,spectral (rect),5.13934502542042,4.25320631878854,0.886138706631876,metalimnion
2019-07-01,7.8068127135167,6.86713871800119,0.939673995515514,"spectral (rect, coh-threshold)",5.13934502542042,4.25320631878854,0.886138706631876,metalimnion
2019-07-02,3.4403285932168,0,3.4403285932168,time domain,5.34667136108432,4.26184807189792,1.0848232891864,metalimnion
2019-07-02,1.11416848498991,0.193770671003607,0.920397813986299,"spectral (trapz, original)",5.34667136108432,4.26184807189792,1.0848232891864,metalimnion
2019-07-02,3.53590857093204,2.61551075694574,0.920397813986299,spectral (rect),5.34667136108432,4.26184807189792,1.0848232891864,metalimnion
2019-07-02,10.6721600064088,9.75176219242254,0.920397813986299,"spectral (rect, coh-threshold)",5.34667136108432,4.26184807189792,1.0848232891864,metalimnion
2019-07-03,11.7110595757249,8.92656204224449,2.78449753348044,time domain,4.31599863020496,4.2705073835011,0.0454912467038605,metalimnion
2019-07-03,6.95245747690387,6.04592778934184,0.906529687562023,"spectral (trapz, original)",4.31599863020496,4.2705073835011,0.0454912467038605,metalimnion
2019-07-03,5.87968378986154,4.97315410229952,0.906529687562023,spectral (rect),4.31599863020496,4.2705073835011,0.0454912467038605,metalimnion
2019-07-03,15.0093054579899,14.1027757704279,0.906529687562023,"spectral (rect, coh-threshold)",4.31599863020496,4.2705073835011,0.0454912467038605,metalimnion
2019-07-04,18.168717105269,21.0319885204862,-2.86327141521723,time domain,5.29743868013743,4.2791842892738,1.01825439086363,metalimnion
2019-07-04,8.63205151811849,7.73715789082735,0.894893627291135,"spectral (trapz, original)",5.29743868013743,4.2791842892738,1.01825439086363,metalimnion
2019-07-04,10.367623802771,9.4727301754799,0.894893627291135,spectral (rect),5.29743868013743,4.2791842892738,1.01825439086363,metalimnion
2019-07-04,13.1210530268634,12.2261593995723,0.894893627291135,"spectral (rect, coh-threshold)",5.29743868013743,4.2791842892738,1.01825439086363,metalimnion
2019-07-05,4.62654704736983,0,4.62654704736983,time domain,2.84244240126635,4.28787882496422,-1.44543642369787,metalimnion
2019-07-05,9.1555531000544,8.26832485788152,0.887228242172883,"spectral (trapz, original)",2.84244240126635,4.28787882496422,-1.44543642369787,metalimnion
2019-07-05,10.5601336027459,9.67290536057303,0.887228242172883,spectral (rect),2.84244240126635,4.28787882496422,-1.44543642369787,metalimnion
2019-07-05,13.1173265532431,12.2300983110702,0.887228242172883,"spectral (rect, coh-threshold)",2.84244240126635,4.28787882496422,-1.44543642369787,metalimnion
2019-07-06,14.4621228438742,19.2232013142078,-4.76107847033362,time domain,6.03180291592578,4.2965910263932,1.73521188953259,metalimnion
2019-07-06,9.8984888968617,9.01674121953497,0.881747677326727,"spectral (trapz, original)",6.03180291592578,4.2965910263932,1.73521188953259,metalimnion
2019-07-06,11.5905616054903,10.7088139281636,0.881747677326727,spectral (rect),6.03180291592578,4.2965910263932,1.73521188953259,metalimnion
2019-07-06,14.391835572865,13.5100878955383,0.881747677326727,"spectral (rect, coh-threshold)",6.03180291592578,4.2965910263932,1.73521188953259,metalimnion
2019-07-07,14.5089104715207,15.6707071687023,-1.16179669718164,time domain,2.8921798637506,4.30532092945434,-1.41314106570374,metalimnion
2019-07-07,8.143947299914,7.25980192189348,0.884145378020515,"spectral (trapz, original)",2.8921798637506,4.30532092945434,-1.41314106570374,metalimnion
2019-07-07,10.2058470942404,9.3217017162199,0.884145378020515,spectral (rect),2.8921798637506,4.30532092945434,-1.41314106570374,metalimnion
2019-07-07,7.0926989207683,6.20855354274778,0.884145378020515,"spectral (rect, coh-threshold)",2.8921798637506,4.30532092945434,-1.41314106570374,metalimnion
2019-07-08,10.6957154450137,13.9359448067139,-3.24022936170024,time domain,3.87417478274308,4.31406857011419,-0.439893787371106,metalimnion
2019-07-08,7.64445284745487,6.75684958414786,0.887603263307011,"spectral (trapz, original)",3.87417478274308,4.31406857011419,-0.439893787371106,metalimnion
2019-07-08,9.0558860546625,8.16828279135549,0.887603263307011,spectral (rect),3.87417478274308,4.31406857011419,-0.439893787371106,metalimnion
2019-07-08,4.55331920846613,3.66571594515911,0.887603263307011,"spectral (rect, coh-threshold)",3.87417478274308,4.31406857011419,-0.439893787371106,metalimnion
2019-07-09,6.47405128514826,7.07437535384454,-0.600324068696283,time domain,6.77432536838328,4.32283398441238,2.45149138397091,metalimnion
2019-07-09,8.32761501850773,7.42902237879194,0.898592639715793,"spectral (trapz, original)",6.77432536838328,4.32283398441238,2.45149138397091,metalimnion
2019-07-09,9.39590562046639,8.49731298075059,0.898592639715793,spectral (rect),6.77432536838328,4.32283398441238,2.45149138397091,metalimnion
2019-07-09,8.97308724056578,8.07449460084998,0.898592639715793,"spectral (rect, coh-threshold)",6.77432536838328,4.32283398441238,2.45149138397091,metalimnion
2019-07-10,0,1.5751119568078,-1.5751119568078,time domain,5.75376859154198,4.33161720846174,1.42215138308023,metalimnion
2019-07-10,7.05879666101588,6.16168601606871,0.897110644947163,"spectral (trapz, original)",5.75376859154198,4.33161720846174,1.42215138308023,metalimnion
2019-07-10,7.38769584881203,6.49058520386487,0.897110644947163,spectral (rect),5.75376859154198,4.33161720846174,1.42215138308023,metalimnion
2019-07-10,12.2208851904117,11.3237745454646,0.897110644947163,"spectral (rect, coh-threshold)",5.75376859154198,4.33161720846174,1.42215138308023,metalimnion
2019-07-11,5.26436728718136,0,5.26436728718136,time domain,4.76497740404189,4.34041827844852,0.424559125593366,metalimnion
2019-07-11,1.10653350896967,0.196962500790747,0.909571008178921,"spectral (trapz, original)",4.76497740404189,4.34041827844852,0.424559125593366,metalimnion
2019-07-11,0.909571008178921,0,0.909571008178921,spectral (rect),4.76497740404189,4.34041827844852,0.424559125593366,metalimnion
2019-07-11,6.23928372419886,5.32971271601994,0.909571008178921,"spectral (rect, coh-threshold)",4.76497740404189,4.34041827844852,0.424559125593366,metalimnion
2019-07-12,0,1.90637428297487,-1.90637428297487,time domain,5.0539312309785,4.34923723063245,0.704694000346047,metalimnion
2019-07-12,0.920465982372525,0,0.920465982372525,"spectral (trapz, original)",5.0539312309785,4.34923723063245,0.704694000346047,metalimnion
2019-07-12,0.920465982372525,0,0.920465982372525,spectral (rect),5.0539312309785,4.34923723063245,0.704694000346047,metalimnion
2019-07-12,0.920465982372525,0,0.920465982372525,"spectral (rect, coh-threshold)",5.0539312309785,4.34923723063245,0.704694000346047,metalimnion
2019-07-13,3.99564769180561,7.60886854119353,-3.61322084938792,time domain,3.08346230141474,4.35807410134695,-1.27461179993221,metalimnion
2019-07-13,0.921436930623003,0,0.921436930623003,"spectral (trapz, original)",3.08346230141474,4.35807410134695,-1.27461179993221,metalimnion
2019-07-13,0.921436930623003,0,0.921436930623003,spectral (rect),3.08346230141474,4.35807410134695,-1.27461179993221,metalimnion
2019-07-13,0.921436930623003,0,0.921436930623003,"spectral (rect, coh-threshold)",3.08346230141474,4.35807410134695,-1.27461179993221,metalimnion
2019-07-14,20.3033339861576,18.138600853957,2.16473313220059,time domain,7.5081499901644,4.36692892699927,3.14122106316513,metalimnion
2019-07-14,0.926611753941471,0,0.926611753941471,"spectral (trapz, original)",7.5081499901644,4.36692892699927,3.14122106316513,metalimnion
2019-07-14,0.926611753941471,0,0.926611753941471,spectral (rect),7.5081499901644,4.36692892699927,3.14122106316513,metalimnion
2019-07-14,0.926611753941471,0,0.926611753941471,"spectral (rect, coh-threshold)",7.5081499901644,4.36692892699927,3.14122106316513,metalimnion
2019-07-15,4.48606394884078,0,4.48606394884078,time domain,5.07478088573206,4.37580174407062,0.698979141661439,metalimnion
2019-07-15,0.931348123182269,0,0.931348123182269,"spectral (trapz, original)",5.07478088573206,4.37580174407062,0.698979141661439,metalimnion
2019-07-15,0.931348123182269,0,0.931348123182269,spectral (rect),5.07478088573206,4.37580174407062,0.698979141661439,metalimnion
2019-07-15,10.1128805571509,9.18153243396863,0.931348123182269,"spectral (rect, coh-threshold)",5.07478088573206,4.37580174407062,0.698979141661439,metalimnion
2019-07-16,4.22686060022117,5.45644765541558,-1.22958705519441,time domain,7.51159932616933,4.38469258911634,3.12690673705299,metalimnion
2019-07-16,0.919348809154641,0,0.919348809154641,"spectral (trapz, original)",7.51159932616933,4.38469258911634,3.12690673705299,metalimnion
2019-07-16,0.919348809154641,0,0.919348809154641,spectral (rect),7.51159932616933,4.38469258911634,3.12690673705299,metalimnion
2019-07-16,10.854886147935,9.93553733878037,0.919348809154641,"spectral (rect, coh-threshold)",7.51159932616933,4.38469258911634,3.12690673705299,metalimnion
2019-07-17,5.37124828565314,2.79160824442371,2.57964004122944,time domain,7.21989400114728,4.39360149876605,2.82629250238123,metalimnion
2019-07-17,0.907776172632939,0,0.907776172632939,"spectral (trapz, original)",7.21989400114728,4.39360149876605,2.82629250238123,metalimnion
2019-07-17,0.907776172632939,0,0.907776172632939,spectral (rect),7.21989400114728,4.39360149876605,2.82629250238123,metalimnion
2019-07-17,1.20799465914457,0.300218486511626,0.907776172632939,"spectral (rect, coh-threshold)",7.21989400114728,4.39360149876605,2.82629250238123,metalimnion
2019-07-18,0,1.96717773362636,-1.96717773362636,time domain,6.08053167819532,4.40252850972378,1.67800316847154,metalimnion
2019-07-18,0.899345432540106,0,0.899345432540106,"spectral (trapz, original)",6.08053167819532,4.40252850972378,1.67800316847154,metalimnion
2019-07-18,0.899345432540106,0,0.899345432540106,spectral (rect),6.08053167819532,4.40252850972378,1.67800316847154,metalimnion
2019-07-18,3.30871483584726,2.40936940330715,0.899345432540106,"spectral (rect, coh-threshold)",6.08053167819532,4.40252850972378,1.67800316847154,metalimnion
2019-07-19,8.67376951141461,0,8.67376951141461,time domain,7.59165762842513,4.41147365876815,3.18018396965698,metalimnion
2019-07-19,0.882135150526003,0,0.882135150526003,"spectral (trapz, original)",7.59165762842513,4.41147365876815,3.18018396965698,metalimnion
2019-07-19,0.882135150526003,0,0.882135150526003,spectral (rect),7.59165762842513,4.41147365876815,3.18018396965698,metalimnion
2019-07-19,0.882135150526003,0,0.882135150526003,"spectral (rect, coh-threshold)",7.59165762842513,4.41147365876815,3.18018396965698,metalimnion
2019-07-20,0.642713398899929,0,0.642713398899929,time domain,5.96273553297184,4.4204369827525,1.54229855021934,metalimnion
2019-07-20,0.864470638612957,0,0.864470638612957,"spectral (trapz, original)",5.96273553297184,4.4204369827525,1.54229855021934,metalimnion
2019-07-20,0.864470638612957,0,0.864470638612957,spectral (rect),5.96273553297184,4.4204369827525,1.54229855021934,metalimnion
2019-07-20,0.864470638612957,0,0.864470638612957,"spectral (rect, coh-threshold)",5.96273553297184,4.4204369827525,1.54229855021934,metalimnion
2019-07-21,0,3.62354610490871,-3.62354610490871,time domain,4.55497077586499,4.42941851860506,0.125552257259938,metalimnion
2019-07-21,0.830720426500227,0,0.830720426500227,"spectral (trapz, original)",4.55497077586499,4.42941851860506,0.125552257259938,metalimnion
2019-07-21,0.830720426500227,0,0.830720426500227,spectral (rect),4.55497077586499,4.42941851860506,0.125552257259938,metalimnion
2019-07-21,0.830720426500227,0,0.830720426500227,"spectral (rect, coh-threshold)",4.55497077586499,4.42941851860506,0.125552257259938,metalimnion
2019-07-22,4.028413102515,0,4.028413102515,time domain,4.60767441663165,4.43841830332906,0.169256113302591,metalimnion
2019-07-22,0.797731042186921,0,0.797731042186921,"spectral (trapz, original)",4.60767441663165,4.43841830332906,0.169256113302591,metalimnion
2019-07-22,0.797731042186921,0,0.797731042186921,spectral (rect),4.60767441663165,4.43841830332906,0.169256113302591,metalimnion
2019-07-22,1.36611123123711,0.568380189050186,0.797731042186921,"spectral (rect, coh-threshold)",4.60767441663165,4.43841830332906,0.169256113302591,metalimnion
2019-07-23,2.85317997230013,0,2.85317997230013,time domain,4.84636664003273,4.44743637400296,0.398930266029771,metalimnion
2019-07-23,0.759591365324189,0,0.759591365324189,"spectral (trapz, original)",4.84636664003273,4.44743637400296,0.398930266029771,metalimnion
2019-07-23,0.759591365324189,0,0.759591365324189,spectral (rect),4.84636664003273,4.44743637400296,0.398930266029771,metalimnion
2019-07-23,0.759591365324189,0,0.759591365324189,"spectral (rect, coh-threshold)",4.84636664003273,4.44743637400296,0.398930266029771,metalimnion
2019-07-24,6.89041171939965,8.44847113224736,-1.5580594128477,time domain,6.63624160143076,4.45647276778053,2.17976883365023,metalimnion
2019-07-24,0.717671573551034,0,0.717671573551034,"spectral (trapz, original)",6.63624160143076,4.45647276778053,2.17976883365023,metalimnion
2019-07-24,0.717671573551034,0,0.717671573551034,spectral (rect),6.63624160143076,4.45647276778053,2.17976883365023,metalimnion
2019-07-24,0.717671573551034,0,0.717671573551034,"spectral (rect, coh-threshold)",6.63624160143076,4.45647276778053,2.17976883365023,metalimnion
2019-07-25,0,2.40558217925843,-2.40558217925843,time domain,3.01552709449699,4.46552752189102,-1.45000042739403,metalimnion
2019-07-25,3.10222481841018,2.42745323150265,0.674771586907526,"spectral (trapz, original)",3.01552709449699,4.46552752189102,-1.45000042739403,metalimnion
2019-07-25,2.5746415524127,1.89986996550517,0.674771586907526,spectral (rect),3.01552709449699,4.46552752189102,-1.45000042739403,metalimnion
2019-07-25,4.59717736070627,3.92240577379874,0.674771586907526,"spectral (rect, coh-threshold)",3.01552709449699,4.46552752189102,-1.45000042739403,metalimnion
2019-07-26,10.1898741863514,1.86344704729878,8.32642713905262,time domain,6.38818204854044,4.47460067363934,1.9135813749011,metalimnion
2019-07-26,2.08405648642063,1.45761550553597,0.626440980884663,"spectral (trapz, original)",6.38818204854044,4.47460067363934,1.9135813749011,metalimnion
2019-07-26,2.35961921203585,1.73317823115119,0.626440980884663,spectral (rect),6.38818204854044,4.47460067363934,1.9135813749011,metalimnion
2019-07-26,3.9310812290516,3.30464024816693,0.626440980884663,"spectral (rect, coh-threshold)",6.38818204854044,4.47460067363934,1.9135813749011,metalimnion
2019-07-27,10.7754725339479,13.7789086613372,-3.00343612738939,time domain,6.02305875257632,4.48369226040621,1.53936649217011,metalimnion
2019-07-27,3.64998888812078,3.07433081892523,0.57565806919555,"spectral (trapz, original)",6.02305875257632,4.48369226040621,1.53936649217011,metalimnion
2019-07-27,4.71223414406235,4.1365760748668,0.57565806919555,spectral (rect),6.02305875257632,4.48369226040621,1.53936649217011,metalimnion
2019-07-27,6.83553863889492,6.25988056969937,0.57565806919555,"spectral (rect, coh-threshold)",6.02305875257632,4.48369226040621,1.53936649217011,metalimnion
2019-07-28,10.8685746808246,10.4120016200724,0.456573060752229,time domain,3.634390441637,4.49280231964826,-0.85841187801126,metalimnion
2019-07-28,6.31874877630003,5.79769682857424,0.52105194772579,"spectral (trapz, original)",3.634390441637,4.49280231964826,-0.85841187801126,metalimnion
2019-07-28,7.56143913727571,7.04038718954992,0.52105194772579,spectral (rect),3.634390441637,4.49280231964826,-0.85841187801126,metalimnion
2019-07-28,10.0752366184284,9.55418467070257,0.52105194772579,"spectral (rect, coh-threshold)",3.634390441637,4.49280231964826,-0.85841187801126,metalimnion
2019-07-29,16.9867140980098,20.2910664708776,-3.30435237286782,time domain,4.04219236445927,4.50193088889827,-0.459738524439001,metalimnion
2019-07-29,6.52416629454192,6.05263002209901,0.471536272442902,"spectral (trapz, original)",4.04219236445927,4.50193088889827,-0.459738524439001,metalimnion
2019-07-29,7.74166120165685,7.27012492921394,0.471536272442902,spectral (rect),4.04219236445927,4.50193088889827,-0.459738524439001,metalimnion
2019-07-29,6.22370907633898,5.75217280389607,0.471536272442902,"spectral (rect, coh-threshold)",4.04219236445927,4.50193088889827,-0.459738524439001,metalimnion
2019-07-30,6.81789805123589,0,6.81789805123589,time domain,5.14319500390244,4.51107800576525,0.632116998137184,metalimnion
2019-07-30,7.20670540891382,6.78783906749903,0.41886634141479,"spectral (trapz, original)",5.14319500390244,4.51107800576525,0.632116998137184,metalimnion
2019-07-30,8.64773032031482,8.22886397890003,0.41886634141479,spectral (rect),5.14319500390244,4.51107800576525,0.632116998137184,metalimnion
2019-07-30,11.2481165473932,10.8292502059784,0.41886634141479,"spectral (rect, coh-threshold)",5.14319500390244,4.51107800576525,0.632116998137184,metalimnion
2019-07-31,6.04874963930877,0,6.04874963930877,time domain,5.72261933242401,4.52024370793464,1.20237562448937,metalimnion
2019-07-31,3.49006038142567,3.12033516603227,0.369725215393397,"spectral (trapz, original)",5.72261933242401,4.52024370793464,1.20237562448937,metalimnion
2019-07-31,3.66154610181029,3.2918208864169,0.369725215393397,spectral (rect),5.72261933242401,4.52024370793464,1.20237562448937,metalimnion
2019-07-31,3.12202286863449,2.75229765324109,0.369725215393397,"spectral (rect, coh-threshold)",5.72261933242401,4.52024370793464,1.20237562448937,metalimnion
2019-08-01,10.5586178590325,6.94666746783528,3.61195039119723,time domain,6.65973318413435,4.52942803316843,2.13030515096592,metalimnion
2019-08-01,1.93621194447712,1.61907625300657,0.317135691470553,"spectral (trapz, original)",6.65973318413435,4.52942803316843,2.13030515096592,metalimnion
2019-08-01,1.48477546802471,1.16763977655416,0.317135691470553,spectral (rect),6.65973318413435,4.52942803316843,2.13030515096592,metalimnion
2019-08-01,1.45069344844407,1.13355775697352,0.317135691470553,"spectral (rect, coh-threshold)",6.65973318413435,4.52942803316843,2.13030515096592,metalimnion
2019-08-02,0,2.41443636953827,-2.41443636953827,time domain,5.77904015847428,4.53863101930536,1.24040913916892,metalimnion
2019-08-02,4.93168672878371,4.66442903142336,0.267257697360348,"spectral (trapz, original)",5.77904015847428,4.53863101930536,1.24040913916892,metalimnion
2019-08-02,6.14832593836487,5.88106824100453,0.267257697360348,spectral (rect),5.77904015847428,4.53863101930536,1.24040913916892,metalimnion
2019-08-02,8.08653034111078,7.81927264375043,0.267257697360348,"spectral (rect, coh-threshold)",5.77904015847428,4.53863101930536,1.24040913916892,metalimnion
2019-08-03,12.4050595740276,18.7671607610725,-6.36210118704496,time domain,4.99324447335618,4.54785270426105,0.445391769095134,metalimnion
2019-08-03,2.4980538477834,2.27601726763989,0.222036580143511,"spectral (trapz, original)",4.99324447335618,4.54785270426105,0.445391769095134,metalimnion
2019-08-03,2.97464523205938,2.75260865191587,0.222036580143511,spectral (rect),4.99324447335618,4.54785270426105,0.445391769095134,metalimnion
2019-08-03,5.52343981176288,5.30140323161936,0.222036580143511,"spectral (rect, coh-threshold)",4.99324447335618,4.54785270426105,0.445391769095134,metalimnion
2019-08-04,3.56028361575698,7.36645486742605,-3.80617125166907,time domain,5.69063092297857,4.55709312602813,1.13353779695043,metalimnion
2019-08-04,6.07274560043129,5.89319448487524,0.179551115556055,"spectral (trapz, original)",5.69063092297857,4.55709312602813,1.13353779695043,metalimnion
2019-08-04,7.36645559540843,7.18690447985237,0.179551115556055,spectral (rect),5.69063092297857,4.55709312602813,1.13353779695043,metalimnion
2019-08-04,9.27827715839496,9.0987260428389,0.179551115556055,"spectral (rect, coh-threshold)",5.69063092297857,4.55709312602813,1.13353779695043,metalimnion
2019-08-05,0,2.21811713568812,-2.21811713568812,time domain,3.42873197259197,4.56635232267646,-1.13762035008449,metalimnion
2019-08-05,5.2568926219852,5.11668161725444,0.140211004730767,"spectral (trapz, original)",3.42873197259197,4.56635232267646,-1.13762035008449,metalimnion
2019-08-05,6.51034545240936,6.37013444767859,0.140211004730767,spectral (rect),3.42873197259197,4.56635232267646,-1.13762035008449,metalimnion
2019-08-05,6.71454297492019,6.57433197018943,0.140211004730767,"spectral (rect, coh-threshold)",3.42873197259197,4.56635232267646,-1.13762035008449,metalimnion
2019-08-06,16.3116131022818,21.6608458180399,-5.34923271575811,time domain,3.67657767889256,4.57563033235323,-0.899052653460662,metalimnion
2019-08-06,4.70653048352202,4.6050360074251,0.101494476096924,"spectral (trapz, original)",3.67657767889256,4.57563033235323,-0.899052653460662,metalimnion
2019-08-06,5.41811754775351,5.31662307165659,0.101494476096924,spectral (rect),3.67657767889256,4.57563033235323,-0.899052653460662,metalimnion
2019-08-06,2.96138105862581,2.85988658252889,0.101494476096924,"spectral (rect, coh-threshold)",3.67657767889256,4.57563033235323,-0.899052653460662,metalimnion
2019-08-07,3.78764978985379,2.54431177833999,1.2433380115138,time domain,5.08344781693698,4.58492719328313,0.498520623653848,metalimnion
2019-08-07,4.8309339277564,4.76597359693783,0.0649603308185714,"spectral (trapz, original)",5.08344781693698,4.58492719328313,0.498520623653848,metalimnion
2019-08-07,5.75399691328659,5.68903658246802,0.0649603308185714,spectral (rect),5.08344781693698,4.58492719328313,0.498520623653848,metalimnion
2019-08-07,6.5664936547316,6.50153332391303,0.0649603308185714,"spectral (rect, coh-threshold)",5.08344781693698,4.58492719328313,0.498520623653848,metalimnion
2019-08-08,4.17541879922841,7.88479809139978,-3.70937929217138,time domain,4.69034341406121,4.59424294376855,0.0961004702926676,metalimnion
2019-08-08,3.94590207459259,3.91006962890732,0.0358324456852711,"spectral (trapz, original)",4.69034341406121,4.59424294376855,0.0961004702926676,metalimnion
2019-08-08,5.00519404857376,4.96936160288848,0.0358324456852711,spectral (rect),4.69034341406121,4.59424294376855,0.0961004702926676,metalimnion
2019-08-08,5.31035022854997,5.2745177828647,0.0358324456852711,"spectral (rect, coh-threshold)",4.69034341406121,4.59424294376855,0.0961004702926676,metalimnion
2019-08-09,14.704137576228,25.0981458741815,-10.3940082979535,time domain,3.42891581484409,4.60357762218966,-1.17466180734557,metalimnion
2019-08-09,3.30581625563296,3.29560929188077,0.0102069637521959,"spectral (trapz, original)",3.42891581484409,4.60357762218966,-1.17466180734557,metalimnion
2019-08-09,3.97437998403868,3.96417302028648,0.0102069637521959,spectral (rect),3.42891581484409,4.60357762218966,-1.17466180734557,metalimnion
2019-08-09,2.3851513752644,2.37494441151221,0.0102069637521959,"spectral (rect, coh-threshold)",3.42891581484409,4.60357762218966,-1.17466180734557,metalimnion
2019-08-10,13.2692577984384,12.8232929591366,0.445964839301826,time domain,2.70359087755906,4.61293126700465,-1.90934038944559,metalimnion
2019-08-10,2.50258862272342,2.52478047853413,-0.0221918558107046,"spectral (trapz, original)",2.70359087755906,4.61293126700465,-1.90934038944559,metalimnion
2019-08-10,2.29376995206336,2.31596180787407,-0.0221918558107046,spectral (rect),2.70359087755906,4.61293126700465,-1.90934038944559,metalimnion
2019-08-10,1.72223327030772,1.74442512611842,-0.0221918558107046,"spectral (rect, coh-threshold)",2.70359087755906,4.61293126700465,-1.90934038944559,metalimnion
2019-08-11,4.28511153001596,7.99975715085457,-3.71464562083861,time domain,3.07646759833725,4.62230391674982,-1.54583631841258,metalimnion
2019-08-11,4.65401871033388,4.69836516541298,-0.0443464550790963,"spectral (trapz, original)",3.07646759833725,4.62230391674982,-1.54583631841258,metalimnion
2019-08-11,5.93230622271816,5.97665267779725,-0.0443464550790963,spectral (rect),3.07646759833725,4.62230391674982,-1.54583631841258,metalimnion
2019-08-11,0,0.0443464550790963,-0.0443464550790963,"spectral (rect, coh-threshold)",3.07646759833725,4.62230391674982,-1.54583631841258,metalimnion
2019-08-12,4.35679315633302,7.63331357932172,-3.2765204229887,time domain,3.36824965204254,4.6316956100398,-1.26344595799726,metalimnion
2019-08-12,6.04190585413789,6.10275589607269,-0.0608500419348022,"spectral (trapz, original)",3.36824965204254,4.6316956100398,-1.26344595799726,metalimnion
2019-08-12,7.46591805569613,7.52676809763093,-0.0608500419348022,spectral (rect),3.36824965204254,4.6316956100398,-1.26344595799726,metalimnion
2019-08-12,4.67056803885316,4.73141808078796,-0.0608500419348022,"spectral (rect, coh-threshold)",3.36824965204254,4.6316956100398,-1.26344595799726,metalimnion
2019-08-13,0,1.92859803336103,-1.92859803336103,time domain,4.26351936413867,4.64110638556765,-0.377587021428976,metalimnion
2019-08-13,4.16496788263517,4.24319725747543,-0.0782293748402611,"spectral (trapz, original)",4.26351936413867,4.64110638556765,-0.377587021428976,metalimnion
2019-08-13,5.37351474529578,5.45174412013604,-0.0782293748402611,spectral (rect),4.26351936413867,4.64110638556765,-0.377587021428976,metalimnion
2019-08-13,4.26239880161566,4.34062817645593,-0.0782293748402611,"spectral (rect, coh-threshold)",4.26351936413867,4.64110638556765,-0.377587021428976,metalimnion
2019-08-14,15.2319673468686,11.602198817687,3.62976852918164,time domain,3.36401815048472,4.65053628210506,-1.28651813162034,metalimnion
2019-08-14,4.49425229135985,4.58103796699069,-0.086785675630837,"spectral (trapz, original)",3.36401815048472,4.65053628210506,-1.28651813162034,metalimnion
2019-08-14,5.96188916089432,6.04867483652515,-0.086785675630837,spectral (rect),3.36401815048472,4.65053628210506,-1.28651813162034,metalimnion
2019-08-14,0,0.086785675630837,-0.086785675630837,"spectral (rect, coh-threshold)",3.36401815048472,4.65053628210506,-1.28651813162034,metalimnion
2019-08-15,10.9727920806626,20.1795047394177,-9.20671265875502,time domain,5.15368287705479,4.65998533850249,0.4936975385523,metalimnion
2019-08-15,4.83016018105057,4.93002206533951,-0.0998618842889415,"spectral (trapz, original)",5.15368287705479,4.65998533850249,0.4936975385523,metalimnion
2019-08-15,6.34040792200412,6.44026980629307,-0.0998618842889415,spectral (rect),5.15368287705479,4.65998533850249,0.4936975385523,metalimnion
2019-08-15,0,0.0998618842889415,-0.0998618842889415,"spectral (rect, coh-threshold)",5.15368287705479,4.65998533850249,0.4936975385523,metalimnion
2019-08-16,7.1369749331474,0,7.1369749331474,time domain,2.61191500135481,4.66945359368935,-2.05753859233454,metalimnion
2019-08-16,4.80518998936114,4.90867891778572,-0.103488928424584,"spectral (trapz, original)",2.61191500135481,4.66945359368935,-2.05753859233454,metalimnion
2019-08-16,6.30763029242928,6.41111922085387,-0.103488928424584,spectral (rect),2.61191500135481,4.66945359368935,-2.05753859233454,metalimnion
2019-08-16,0,0.103488928424584,-0.103488928424584,"spectral (rect, coh-threshold)",2.61191500135481,4.66945359368935,-2.05753859233454,metalimnion
2019-08-17,2.27173699090663,7.35093519781099,-5.07919820690436,time domain,4.16590700177135,4.67894108667414,-0.513034084902785,metalimnion
2019-08-17,4.78029700928977,4.89401188115644,-0.113714871866677,"spectral (trapz, original)",4.16590700177135,4.67894108667414,-0.513034084902785,metalimnion
2019-08-17,6.27495401625401,6.38866888812069,-0.113714871866677,spectral (rect),4.16590700177135,4.67894108667414,-0.513034084902785,metalimnion
2019-08-17,0,0.113714871866677,-0.113714871866677,"spectral (rect, coh-threshold)",4.16590700177135,4.67894108667414,-0.513034084902785,metalimnion
2019-08-18,6.42628466122713,0,6.42628466122713,time domain,4.74242674452967,4.68844785654461,0.0539788879850584,metalimnion
2019-08-18,4.75549052199982,4.87648933075199,-0.120998808752178,"spectral (trapz, original)",4.74242674452967,4.68844785654461,0.0539788879850584,metalimnion
2019-08-18,6.24239127658601,6.36339008533819,-0.120998808752178,spectral (rect),4.74242674452967,4.68844785654461,0.0539788879850584,metalimnion
2019-08-18,0,0.120998808752178,-0.120998808752178,"spectral (rect, coh-threshold)",4.74242674452967,4.68844785654461,0.0539788879850584,metalimnion
2019-08-19,0,1.20719170328263,-1.20719170328263,time domain,2.59159087564663,4.69797394246794,-2.10638306682131,metalimnion
2019-08-19,4.73077925635346,4.85533745219781,-0.124558195844352,"spectral (trapz, original)",2.59159087564663,4.69797394246794,-2.10638306682131,metalimnion
2019-08-19,6.20995353154359,6.33451172738795,-0.124558195844352,spectral (rect),2.59159087564663,4.69797394246794,-2.10638306682131,metalimnion
2019-08-19,0,0.124558195844352,-0.124558195844352,"spectral (rect, coh-threshold)",2.59159087564663,4.69797394246794,-2.10638306682131,metalimnion
2019-06-01,0,1.72658536584839,-1.72658536584839,time domain,7.04438367963676,4.00194439924308,3.04243928039368,metalimnion_strongIW
2019-06-01,0.698563453822821,0,0.698563453822821,"spectral (trapz, original)",7.04438367963676,4.00194439924308,3.04243928039368,metalimnion_strongIW
2019-06-01,0.698563453822821,0,0.698563453822821,spectral (rect),7.04438367963676,4.00194439924308,3.04243928039368,metalimnion_strongIW
2019-06-01,0.698563453822821,0,0.698563453822821,"spectral (rect, coh-threshold)",7.04438367963676,4.00194439924308,3.04243928039368,metalimnion_strongIW
2019-06-02,14.9484532178228,0,14.9484532178228,time domain,7.24717270104575,4.01007563315547,3.23709706789028,metalimnion_strongIW
2019-06-02,0.734467176739238,0,0.734467176739238,"spectral (trapz, original)",7.24717270104575,4.01007563315547,3.23709706789028,metalimnion_strongIW
2019-06-02,0.734467176739238,0,0.734467176739238,spectral (rect),7.24717270104575,4.01007563315547,3.23709706789028,metalimnion_strongIW
2019-06-02,0.734467176739238,0,0.734467176739238,"spectral (rect, coh-threshold)",7.24717270104575,4.01007563315547,3.23709706789028,metalimnion_strongIW
2019-06-03,0,8.48000387789304,-8.48000387789304,time domain,4.37214866137371,4.01822338827813,0.353925273095583,metalimnion_strongIW
2019-06-03,0.767371320891403,0,0.767371320891403,"spectral (trapz, original)",4.37214866137371,4.01822338827813,0.353925273095583,metalimnion_strongIW
2019-06-03,0.767371320891403,0,0.767371320891403,spectral (rect),4.37214866137371,4.01822338827813,0.353925273095583,metalimnion_strongIW
2019-06-03,0.767371320891403,0,0.767371320891403,"spectral (rect, coh-threshold)",4.37214866137371,4.01822338827813,0.353925273095583,metalimnion_strongIW
2019-06-04,6.83168412693715,0,6.83168412693715,time domain,6.96618303609436,4.02638769817921,2.93979533791515,metalimnion_strongIW
2019-06-04,0.808057595148619,0,0.808057595148619,"spectral (trapz, original)",6.96618303609436,4.02638769817921,2.93979533791515,metalimnion_strongIW
2019-06-04,0.808057595148619,0,0.808057595148619,spectral (rect),6.96618303609436,4.02638769817921,2.93979533791515,metalimnion_strongIW
2019-06-04,0.808057595148619,0,0.808057595148619,"spectral (rect, coh-threshold)",6.96618303609436,4.02638769817921,2.93979533791515,metalimnion_strongIW
2019-06-05,0,2.60673468797856,-2.60673468797856,time domain,6.1546122054982,4.03456859649505,2.12004360900315,metalimnion_strongIW
2019-06-05,0.830111682468628,0,0.830111682468628,"spectral (trapz, original)",6.1546122054982,4.03456859649505,2.12004360900315,metalimnion_strongIW
2019-06-05,0.830111682468628,0,0.830111682468628,spectral (rect),6.1546122054982,4.03456859649505,2.12004360900315,metalimnion_strongIW
2019-06-05,0.830111682468628,0,0.830111682468628,"spectral (rect, coh-threshold)",6.1546122054982,4.03456859649505,2.12004360900315,metalimnion_strongIW
2019-06-06,0,0.927148512597597,-0.927148512597597,time domain,5.59364517640096,4.04276611693034,1.55087905947063,metalimnion_strongIW
2019-06-06,0.848194046801723,0,0.848194046801723,"spectral (trapz, original)",5.59364517640096,4.04276611693034,1.55087905947063,metalimnion_strongIW
2019-06-06,0.848194046801723,0,0.848194046801723,spectral (rect),5.59364517640096,4.04276611693034,1.55087905947063,metalimnion_strongIW
2019-06-06,0.848194046801723,0,0.848194046801723,"spectral (rect, coh-threshold)",5.59364517640096,4.04276611693034,1.55087905947063,metalimnion_strongIW
2019-06-07,1.17237243275272,0,1.17237243275272,time domain,6.66474854836688,4.05098029325823,2.61376825510864,metalimnion_strongIW
2019-06-07,3.23122276806657,2.34169152056448,0.889531247502088,"spectral (trapz, original)",6.66474854836688,4.05098029325823,2.61376825510864,metalimnion_strongIW
2019-06-07,0.889531247502088,0,0.889531247502088,spectral (rect),6.66474854836688,4.05098029325823,2.61376825510864,metalimnion_strongIW
2019-06-07,0.889531247502088,0,0.889531247502088,"spectral (rect, coh-threshold)",6.66474854836688,4.05098029325823,2.61376825510864,metalimnion_strongIW
2019-06-08,0,2.6177286315997,-2.6177286315997,time domain,3.65590002467525,4.05921115932054,-0.403311134645291,metalimnion_strongIW
2019-06-08,0.938407687587372,0,0.938407687587372,"spectral (trapz, original)",3.65590002467525,4.05921115932054,-0.403311134645291,metalimnion_strongIW
2019-06-08,0.938407687587372,0,0.938407687587372,spectral (rect),3.65590002467525,4.05921115932054,-0.403311134645291,metalimnion_strongIW
2019-06-08,0.938407687587372,0,0.938407687587372,"spectral (rect, coh-threshold)",3.65590002467525,4.05921115932054,-0.403311134645291,metalimnion_strongIW
2019-06-09,2.32074968382602,0,2.32074968382602,time domain,6.32213595465754,4.06745874902779,2.25467720562974,metalimnion_strongIW
2019-06-09,1.98143528586622,1.01865414297223,0.962781142893993,"spectral (trapz, original)",6.32213595465754,4.06745874902779,2.25467720562974,metalimnion_strongIW
2019-06-09,1.35735367556472,0.394572532670726,0.962781142893993,spectral (rect),6.32213595465754,4.06745874902779,2.25467720562974,metalimnion_strongIW
2019-06-09,3.55512570286472,2.59234455997072,0.962781142893993,"spectral (rect, coh-threshold)",6.32213595465754,4.06745874902779,2.25467720562974,metalimnion_strongIW
2019-06-10,0,0.990728457967208,-0.990728457967208,time domain,6.56615793382721,4.07572309635945,2.49043483746776,metalimnion_strongIW
2019-06-10,6.17399477024335,5.18891106113117,0.98508370911218,"spectral (trapz, original)",6.56615793382721,4.07572309635945,2.49043483746776,metalimnion_strongIW
2019-06-10,6.97575086089378,5.9906671517816,0.98508370911218,spectral (rect),6.56615793382721,4.07572309635945,2.49043483746776,metalimnion_strongIW
2019-06-10,6.68031006971733,5.69522636060515,0.98508370911218,"spectral (rect, coh-threshold)",6.56615793382721,4.07572309635945,2.49043483746776,metalimnion_strongIW
2019-06-11,2.99096517992442,0,2.99096517992442,time domain,5.34722526944006,4.084004235364,1.26322103407606,metalimnion_strongIW
2019-06-11,4.05673636557266,3.02656602385523,1.03017034171742,"spectral (trapz, original)",5.34722526944006,4.084004235364,1.26322103407606,metalimnion_strongIW
2019-06-11,4.65390961353829,3.62373927182087,1.03017034171742,spectral (rect),5.34722526944006,4.084004235364,1.26322103407606,metalimnion_strongIW
2019-06-11,4.39122237428026,3.36105203256283,1.03017034171742,"spectral (rect, coh-threshold)",5.34722526944006,4.084004235364,1.26322103407606,metalimnion_strongIW
2019-06-12,1.44852257181444,0,1.44852257181444,time domain,6.64107095599772,4.09230220015912,2.5487687558386,metalimnion_strongIW
2019-06-12,1.06721359976945,0,1.06721359976945,"spectral (trapz, original)",6.64107095599772,4.09230220015912,2.5487687558386,metalimnion_strongIW
2019-06-12,1.06721359976945,0,1.06721359976945,spectral (rect),6.64107095599772,4.09230220015912,2.5487687558386,metalimnion_strongIW
2019-06-12,1.06721359976945,0,1.06721359976945,"spectral (rect, coh-threshold)",6.64107095599772,4.09230220015912,2.5487687558386,metalimnion_strongIW
2019-06-13,4.32084004797258,0,4.32084004797258,time domain,7.64569593725706,4.10061702493178,3.54507891232527,metalimnion_strongIW
2019-06-13,1.09350896663245,0,1.09350896663245,"spectral (trapz, original)",7.64569593725706,4.10061702493178,3.54507891232527,metalimnion_strongIW
2019-06-13,1.09350896663245,0,1.09350896663245,spectral (rect),7.64569593725706,4.10061702493178,3.54507891232527,metalimnion_strongIW
2019-06-13,1.09350896663245,0,1.09350896663245,"spectral (rect, coh-threshold)",7.64569593725706,4.10061702493178,3.54507891232527,metalimnion_strongIW
2019-06-14,1.59256816662338,0,1.59256816662338,time domain,4.30737748237414,4.10894874393846,0.198428738435679,metalimnion_strongIW
2019-06-14,1.12498493167549,0,1.12498493167549,"spectral (trapz, original)",4.30737748237414,4.10894874393846,0.198428738435679,metalimnion_strongIW
2019-06-14,1.12498493167549,0,1.12498493167549,spectral (rect),4.30737748237414,4.10894874393846,0.198428738435679,metalimnion_strongIW
2019-06-14,1.12498493167549,0,1.12498493167549,"spectral (rect, coh-threshold)",4.30737748237414,4.10894874393846,0.198428738435679,metalimnion_strongIW
2019-06-15,2.13832816546224,0,2.13832816546224,time domain,5.35871055786075,4.1172973915052,1.24141316635555,metalimnion_strongIW
2019-06-15,1.13457781746007,0,1.13457781746007,"spectral (trapz, original)",5.35871055786075,4.1172973915052,1.24141316635555,metalimnion_strongIW
2019-06-15,1.13457781746007,0,1.13457781746007,spectral (rect),5.35871055786075,4.1172973915052,1.24141316635555,metalimnion_strongIW
2019-06-15,1.13457781746007,0,1.13457781746007,"spectral (rect, coh-threshold)",5.35871055786075,4.1172973915052,1.24141316635555,metalimnion_strongIW
2019-06-16,0.775572674369244,0,0.775572674369244,time domain,7.58416586608136,4.12566300202781,3.45850286405356,metalimnion_strongIW
2019-06-16,1.14721703756925,0,1.14721703756925,"spectral (trapz, original)",7.58416586608136,4.12566300202781,3.45850286405356,metalimnion_strongIW
2019-06-16,1.14721703756925,0,1.14721703756925,spectral (rect),7.58416586608136,4.12566300202781,3.45850286405356,metalimnion_strongIW
2019-06-16,1.14721703756925,0,1.14721703756925,"spectral (rect, coh-threshold)",7.58416586608136,4.12566300202781,3.45850286405356,metalimnion_strongIW
2019-06-17,0,1.95870216579286,-1.95870216579286,time domain,7.69469884131495,4.13404560997196,3.56065323134299,metalimnion_strongIW
2019-06-17,1.15120682408336,0,1.15120682408336,"spectral (trapz, original)",7.69469884131495,4.13404560997196,3.56065323134299,metalimnion_strongIW
2019-06-17,1.15120682408336,0,1.15120682408336,spectral (rect),7.69469884131495,4.13404560997196,3.56065323134299,metalimnion_strongIW
2019-06-17,1.15120682408336,0,1.15120682408336,"spectral (rect, coh-threshold)",7.69469884131495,4.13404560997196,3.56065323134299,metalimnion_strongIW
2019-06-18,1.40037868706108,0,1.40037868706108,time domain,3.56701961049761,4.14244524987338,-0.575425639375776,metalimnion_strongIW
2019-06-18,1.16171077567293,0,1.16171077567293,"spectral (trapz, original)",3.56701961049761,4.14244524987338,-0.575425639375776,metalimnion_strongIW
2019-06-18,1.16171077567293,0,1.16171077567293,spectral (rect),3.56701961049761,4.14244524987338,-0.575425639375776,metalimnion_strongIW
2019-06-18,1.16171077567293,0,1.16171077567293,"spectral (rect, coh-threshold)",3.56701961049761,4.14244524987338,-0.575425639375776,metalimnion_strongIW
2019-06-19,0,2.7674182059468,-2.7674182059468,time domain,5.33587117846314,4.15086195633796,1.18500922212518,metalimnion_strongIW
2019-06-19,1.15957863114076,0,1.15957863114076,"spectral (trapz, original)",5.33587117846314,4.15086195633796,1.18500922212518,metalimnion_strongIW
2019-06-19,1.15957863114076,0,1.15957863114076,spectral (rect),5.33587117846314,4.15086195633796,1.18500922212518,metalimnion_strongIW
2019-06-19,1.15957863114076,0,1.15957863114076,"spectral (rect, coh-threshold)",5.33587117846314,4.15086195633796,1.18500922212518,metalimnion_strongIW
2019-06-20,6.50331054680629,0,6.50331054680629,time domain,5.68540825403564,4.15929576404188,1.52611248999376,metalimnion_strongIW
2019-06-20,1.14915462837476,0,1.14915462837476,"spectral (trapz, original)",5.68540825403564,4.15929576404188,1.52611248999376,metalimnion_strongIW
2019-06-20,1.14915462837476,0,1.14915462837476,spectral (rect),5.68540825403564,4.15929576404188,1.52611248999376,metalimnion_strongIW
2019-06-20,1.14915462837476,0,1.14915462837476,"spectral (rect, coh-threshold)",5.68540825403564,4.15929576404188,1.52611248999376,metalimnion_strongIW
2019-06-21,9.25170776899927,0,9.25170776899927,time domain,7.01039104048208,4.16774670773181,2.84264433275027,metalimnion_strongIW
2019-06-21,1.13565445492147,0,1.13565445492147,"spectral (trapz, original)",7.01039104048208,4.16774670773181,2.84264433275027,metalimnion_strongIW
2019-06-21,1.13565445492147,0,1.13565445492147,spectral (rect),7.01039104048208,4.16774670773181,2.84264433275027,metalimnion_strongIW
2019-06-21,1.13565445492147,0,1.13565445492147,"spectral (rect, coh-threshold)",7.01039104048208,4.16774670773181,2.84264433275027,metalimnion_strongIW
2019-06-22,0,3.03788146088388,-3.03788146088388,time domain,3.6182055593769,4.17621482222499,-0.558009262848096,metalimnion_strongIW
2019-06-22,5.87504741514373,4.75376054709264,1.12128686805109,"spectral (trapz, original)",3.6182055593769,4.17621482222499,-0.558009262848096,metalimnion_strongIW
2019-06-22,6.40207111320373,5.28078424515264,1.12128686805109,spectral (rect),3.6182055593769,4.17621482222499,-0.558009262848096,metalimnion_strongIW
2019-06-22,6.40207111320373,5.28078424515264,1.12128686805109,"spectral (rect, coh-threshold)",3.6182055593769,4.17621482222499,-0.558009262848096,metalimnion_strongIW
2019-06-23,0,3.68929836324404,-3.68929836324404,time domain,6.96062275666564,4.18470014240943,2.77592261425621,metalimnion_strongIW
2019-06-23,7.06926127787933,5.98340798379975,1.08585329407959,"spectral (trapz, original)",6.96062275666564,4.18470014240943,2.77592261425621,metalimnion_strongIW
2019-06-23,8.32744098250321,7.24158768842362,1.08585329407959,spectral (rect),6.96062275666564,4.18470014240943,2.77592261425621,metalimnion_strongIW
2019-06-23,8.32744098250321,7.24158768842362,1.08585329407959,"spectral (rect, coh-threshold)",6.96062275666564,4.18470014240943,2.77592261425621,metalimnion_strongIW
2019-06-24,19.1586483092738,14.3040342962849,4.8546140129889,time domain,6.62401156964229,4.193202703244,2.43080886639829,metalimnion_strongIW
2019-06-24,6.5702073114757,5.50632155859434,1.06388575288136,"spectral (trapz, original)",6.62401156964229,4.193202703244,2.43080886639829,metalimnion_strongIW
2019-06-24,8.6273958154813,7.56351006259994,1.06388575288136,spectral (rect),6.62401156964229,4.193202703244,2.43080886639829,metalimnion_strongIW
2019-06-24,8.6273958154813,7.56351006259994,1.06388575288136,"spectral (rect, coh-threshold)",6.62401156964229,4.193202703244,2.43080886639829,metalimnion_strongIW
2019-06-25,0,3.88021484489352,-3.88021484489352,time domain,3.26358675900419,4.20172253975861,-0.938135780754423,metalimnion_strongIW
2019-06-25,4.39041203040292,3.35008907004395,1.04032296035897,"spectral (trapz, original)",3.26358675900419,4.20172253975861,-0.938135780754423,metalimnion_strongIW
2019-06-25,7.760121694599,6.71979873424002,1.04032296035897,spectral (rect),3.26358675900419,4.20172253975861,-0.938135780754423,metalimnion_strongIW
2019-06-25,7.760121694599,6.71979873424002,1.04032296035897,"spectral (rect, coh-threshold)",3.26358675900419,4.20172253975861,-0.938135780754423,metalimnion_strongIW
2019-06-26,0,0.0172212129568834,-0.0172212129568834,time domain,4.9510041157549,4.21025968705436,0.740744428700535,metalimnion_strongIW
2019-06-26,5.26986268588886,4.26222861868616,1.0076340672027,"spectral (trapz, original)",4.9510041157549,4.21025968705436,0.740744428700535,metalimnion_strongIW
2019-06-26,6.13909303397957,5.13145896677688,1.0076340672027,spectral (rect),4.9510041157549,4.21025968705436,0.740744428700535,metalimnion_strongIW
2019-06-26,6.13909303397957,5.13145896677688,1.0076340672027,"spectral (rect, coh-threshold)",4.9510041157549,4.21025968705436,0.740744428700535,metalimnion_strongIW
2019-06-27,3.2900224264896,0,3.2900224264896,time domain,4.42313521823442,4.21881418030364,0.204321037930779,metalimnion_strongIW
2019-06-27,2.15884347495951,1.18549477840892,0.973348696550586,"spectral (trapz, original)",4.42313521823442,4.21881418030364,0.204321037930779,metalimnion_strongIW
2019-06-27,2.66821754126328,1.6948688447127,0.973348696550586,spectral (rect),4.42313521823442,4.21881418030364,0.204321037930779,metalimnion_strongIW
2019-06-27,2.66821754126328,1.6948688447127,0.973348696550586,"spectral (rect, coh-threshold)",4.42313521823442,4.21881418030364,0.204321037930779,metalimnion_strongIW
2019-06-28,4.68966848122972,0,4.68966848122972,time domain,5.68267327532493,4.22738605475033,1.4552872205746,metalimnion_strongIW
2019-06-28,0.936851040344709,0,0.936851040344709,"spectral (trapz, original)",5.68267327532493,4.22738605475033,1.4552872205746,metalimnion_strongIW
2019-06-28,0.936851040344709,0,0.936851040344709,spectral (rect),5.68267327532493,4.22738605475033,1.4552872205746,metalimnion_strongIW
2019-06-28,0.936851040344709,0,0.936851040344709,"spectral (rect, coh-threshold)",5.68267327532493,4.22738605475033,1.4552872205746,metalimnion_strongIW
2019-06-29,0,3.33035640547962,-3.33035640547962,time domain,4.45598858880103,4.23597534570991,0.220013243091126,metalimnion_strongIW
2019-06-29,0.893577429121086,0,0.893577429121086,"spectral (trapz, original)",4.45598858880103,4.23597534570991,0.220013243091126,metalimnion_strongIW
2019-06-29,0.893577429121086,0,0.893577429121086,spectral (rect),4.45598858880103,4.23597534570991,0.220013243091126,metalimnion_strongIW
2019-06-29,0.893577429121086,0,0.893577429121086,"spectral (rect, coh-threshold)",4.45598858880103,4.23597534570991,0.220013243091126,metalimnion_strongIW
2019-06-30,0,1.6413471857912,-1.6413471857912,time domain,5.34252570201645,4.2445820885696,1.09794361344685,metalimnion_strongIW
2019-06-30,0.874280097901094,0,0.874280097901094,"spectral (trapz, original)",5.34252570201645,4.2445820885696,1.09794361344685,metalimnion_strongIW
2019-06-30,0.874280097901094,0,0.874280097901094,spectral (rect),5.34252570201645,4.2445820885696,1.09794361344685,metalimnion_strongIW
2019-06-30,0.874280097901094,0,0.874280097901094,"spectral (rect, coh-threshold)",5.34252570201645,4.2445820885696,1.09794361344685,metalimnion_strongIW
2019-07-01,0.406639791409475,0,0.406639791409475,time domain,5.13934502542042,4.25320631878854,0.886138706631876,metalimnion_strongIW
2019-07-01,0.873851738480886,0,0.873851738480886,"spectral (trapz, original)",5.13934502542042,4.25320631878854,0.886138706631876,metalimnion_strongIW
2019-07-01,1.09427402368143,0.220422285200543,0.873851738480886,spectral (rect),5.13934502542042,4.25320631878854,0.886138706631876,metalimnion_strongIW
2019-07-01,1.09427402368143,0.220422285200543,0.873851738480886,"spectral (rect, coh-threshold)",5.13934502542042,4.25320631878854,0.886138706631876,metalimnion_strongIW
2019-07-02,3.36580941913456,0,3.36580941913456,time domain,5.34667136108432,4.26184807189792,1.0848232891864,metalimnion_strongIW
2019-07-02,0.845877721974862,0,0.845877721974862,"spectral (trapz, original)",5.34667136108432,4.26184807189792,1.0848232891864,metalimnion_strongIW
2019-07-02,1.97626477252442,1.13038705054956,0.845877721974862,spectral (rect),5.34667136108432,4.26184807189792,1.0848232891864,metalimnion_strongIW
2019-07-02,1.52605390424531,0.680176182270453,0.845877721974862,"spectral (rect, coh-threshold)",5.34667136108432,4.26184807189792,1.0848232891864,metalimnion_strongIW
2019-07-03,2.78049599944364,0,2.78049599944364,time domain,4.31599863020496,4.2705073835011,0.0454912467038605,metalimnion_strongIW
2019-07-03,0.826137182646725,0,0.826137182646725,"spectral (trapz, original)",4.31599863020496,4.2705073835011,0.0454912467038605,metalimnion_strongIW
2019-07-03,0.826137182646725,0,0.826137182646725,spectral (rect),4.31599863020496,4.2705073835011,0.0454912467038605,metalimnion_strongIW
2019-07-03,0.826137182646725,0,0.826137182646725,"spectral (rect, coh-threshold)",4.31599863020496,4.2705073835011,0.0454912467038605,metalimnion_strongIW
2019-07-04,0,2.96970282425139,-2.96970282425139,time domain,5.29743868013743,4.2791842892738,1.01825439086363,metalimnion_strongIW
2019-07-04,1.49999380486511,0.697672433617004,0.802321371248105,"spectral (trapz, original)",5.29743868013743,4.2791842892738,1.01825439086363,metalimnion_strongIW
2019-07-04,1.979668262878,1.17734689162989,0.802321371248105,spectral (rect),5.29743868013743,4.2791842892738,1.01825439086363,metalimnion_strongIW
2019-07-04,0.802321371248105,0,0.802321371248105,"spectral (rect, coh-threshold)",5.29743868013743,4.2791842892738,1.01825439086363,metalimnion_strongIW
2019-07-05,4.68815608733866,0,4.68815608733866,time domain,2.84244240126635,4.28787882496422,-1.44543642369787,metalimnion_strongIW
2019-07-05,7.61059906064439,6.81990640332597,0.790692657318416,"spectral (trapz, original)",2.84244240126635,4.28787882496422,-1.44543642369787,metalimnion_strongIW
2019-07-05,8.73698623003234,7.94629357271392,0.790692657318416,spectral (rect),2.84244240126635,4.28787882496422,-1.44543642369787,metalimnion_strongIW
2019-07-05,7.11939553637379,6.32870287905538,0.790692657318416,"spectral (rect, coh-threshold)",2.84244240126635,4.28787882496422,-1.44543642369787,metalimnion_strongIW
2019-07-06,0,3.73512117223743,-3.73512117223743,time domain,6.03180291592578,4.2965910263932,1.73521188953259,metalimnion_strongIW
2019-07-06,6.6593657565676,5.87541899220241,0.783946764365192,"spectral (trapz, original)",6.03180291592578,4.2965910263932,1.73521188953259,metalimnion_strongIW
2019-07-06,7.66339187436317,6.87944510999797,0.783946764365192,spectral (rect),6.03180291592578,4.2965910263932,1.73521188953259,metalimnion_strongIW
2019-07-06,7.66339187436317,6.87944510999797,0.783946764365192,"spectral (rect, coh-threshold)",6.03180291592578,4.2965910263932,1.73521188953259,metalimnion_strongIW
2019-07-07,0,0.694552192481893,-0.694552192481893,time domain,2.8921798637506,4.30532092945434,-1.41314106570374,metalimnion_strongIW
2019-07-07,1.65568856762595,0.86610088020707,0.789587687418879,"spectral (trapz, original)",2.8921798637506,4.30532092945434,-1.41314106570374,metalimnion_strongIW
2019-07-07,3.03744742994913,2.24785974253025,0.789587687418879,spectral (rect),2.8921798637506,4.30532092945434,-1.41314106570374,metalimnion_strongIW
2019-07-07,9.0376230584624,8.24803537104352,0.789587687418879,"spectral (rect, coh-threshold)",2.8921798637506,4.30532092945434,-1.41314106570374,metalimnion_strongIW
2019-07-08,0,3.59148977892517,-3.59148977892517,time domain,3.87417478274308,4.31406857011419,-0.439893787371106,metalimnion_strongIW
2019-07-08,6.64624976753708,5.85556562359037,0.790684143946717,"spectral (trapz, original)",3.87417478274308,4.31406857011419,-0.439893787371106,metalimnion_strongIW
2019-07-08,7.81161736394855,7.02093322000183,0.790684143946717,spectral (rect),3.87417478274308,4.31406857011419,-0.439893787371106,metalimnion_strongIW
2019-07-08,11.1341758982983,10.3434917543516,0.790684143946717,"spectral (rect, coh-threshold)",3.87417478274308,4.31406857011419,-0.439893787371106,metalimnion_strongIW
2019-07-09,0.499467644085257,0,0.499467644085257,time domain,6.77432536838328,4.32283398441238,2.45149138397091,metalimnion_strongIW
2019-07-09,3.23748611565887,2.42615018301828,0.811335932640595,"spectral (trapz, original)",6.77432536838328,4.32283398441238,2.45149138397091,metalimnion_strongIW
2019-07-09,2.94493160376328,2.13359567112268,0.811335932640595,spectral (rect),6.77432536838328,4.32283398441238,2.45149138397091,metalimnion_strongIW
2019-07-09,2.94493160376328,2.13359567112268,0.811335932640595,"spectral (rect, coh-threshold)",6.77432536838328,4.32283398441238,2.45149138397091,metalimnion_strongIW
2019-07-10,0,1.76325904313578,-1.76325904313578,time domain,5.75376859154198,4.33161720846174,1.42215138308023,metalimnion_strongIW
2019-07-10,0.803570665880397,0,0.803570665880397,"spectral (trapz, original)",5.75376859154198,4.33161720846174,1.42215138308023,metalimnion_strongIW
2019-07-10,0.803570665880397,0,0.803570665880397,spectral (rect),5.75376859154198,4.33161720846174,1.42215138308023,metalimnion_strongIW
2019-07-10,0.803570665880397,0,0.803570665880397,"spectral (rect, coh-threshold)",5.75376859154198,4.33161720846174,1.42215138308023,metalimnion_strongIW
2019-07-11,5.19100339794352,0,5.19100339794352,time domain,4.76497740404189,4.34041827844852,0.424559125593366,metalimnion_strongIW
2019-07-11,0.84162447302428,0,0.84162447302428,"spectral (trapz, original)",4.76497740404189,4.34041827844852,0.424559125593366,metalimnion_strongIW
2019-07-11,0.84162447302428,0,0.84162447302428,spectral (rect),4.76497740404189,4.34041827844852,0.424559125593366,metalimnion_strongIW
2019-07-11,0.84162447302428,0,0.84162447302428,"spectral (rect, coh-threshold)",4.76497740404189,4.34041827844852,0.424559125593366,metalimnion_strongIW
2019-07-12,0,2.23578746516364,-2.23578746516364,time domain,5.0539312309785,4.34923723063245,0.704694000346047,metalimnion_strongIW
2019-07-12,0.860614529797829,0,0.860614529797829,"spectral (trapz, original)",5.0539312309785,4.34923723063245,0.704694000346047,metalimnion_strongIW
2019-07-12,0.860614529797829,0,0.860614529797829,spectral (rect),5.0539312309785,4.34923723063245,0.704694000346047,metalimnion_strongIW
2019-07-12,0.860614529797829,0,0.860614529797829,"spectral (rect, coh-threshold)",5.0539312309785,4.34923723063245,0.704694000346047,metalimnion_strongIW
2019-07-13,0,3.04864294275447,-3.04864294275447,time domain,3.08346230141474,4.35807410134695,-1.27461179993221,metalimnion_strongIW
2019-07-13,0.862486862545303,0,0.862486862545303,"spectral (trapz, original)",3.08346230141474,4.35807410134695,-1.27461179993221,metalimnion_strongIW
2019-07-13,0.862486862545303,0,0.862486862545303,spectral (rect),3.08346230141474,4.35807410134695,-1.27461179993221,metalimnion_strongIW
2019-07-13,0.862486862545303,0,0.862486862545303,"spectral (rect, coh-threshold)",3.08346230141474,4.35807410134695,-1.27461179993221,metalimnion_strongIW
2019-07-14,1.63591759175006,0,1.63591759175006,time domain,7.5081499901644,4.36692892699927,3.14122106316513,metalimnion_strongIW
2019-07-14,0.881251413141562,0,0.881251413141562,"spectral (trapz, original)",7.5081499901644,4.36692892699927,3.14122106316513,metalimnion_strongIW
2019-07-14,0.881251413141562,0,0.881251413141562,spectral (rect),7.5081499901644,4.36692892699927,3.14122106316513,metalimnion_strongIW
2019-07-14,0.881251413141562,0,0.881251413141562,"spectral (rect, coh-threshold)",7.5081499901644,4.36692892699927,3.14122106316513,metalimnion_strongIW
2019-07-15,5.05147559874465,0,5.05147559874465,time domain,5.07478088573206,4.37580174407062,0.698979141661439,metalimnion_strongIW
2019-07-15,0.892370827847853,0,0.892370827847853,"spectral (trapz, original)",5.07478088573206,4.37580174407062,0.698979141661439,metalimnion_strongIW
2019-07-15,0.892370827847853,0,0.892370827847853,spectral (rect),5.07478088573206,4.37580174407062,0.698979141661439,metalimnion_strongIW
2019-07-15,0.892370827847853,0,0.892370827847853,"spectral (rect, coh-threshold)",5.07478088573206,4.37580174407062,0.698979141661439,metalimnion_strongIW
2019-07-16,0,1.22322363086661,-1.22322363086661,time domain,7.51159932616933,4.38469258911634,3.12690673705299,metalimnion_strongIW
2019-07-16,0.872840857345432,0,0.872840857345432,"spectral (trapz, original)",7.51159932616933,4.38469258911634,3.12690673705299,metalimnion_strongIW
2019-07-16,0.872840857345432,0,0.872840857345432,spectral (rect),7.51159932616933,4.38469258911634,3.12690673705299,metalimnion_strongIW
2019-07-16,0.872840857345432,0,0.872840857345432,"spectral (rect, coh-threshold)",7.51159932616933,4.38469258911634,3.12690673705299,metalimnion_strongIW
2019-07-17,3.17179523303213,0,3.17179523303213,time domain,7.21989400114728,4.39360149876605,2.82629250238123,metalimnion_strongIW
2019-07-17,0.861569818373379,0,0.861569818373379,"spectral (trapz, original)",7.21989400114728,4.39360149876605,2.82629250238123,metalimnion_strongIW
2019-07-17,0.861569818373379,0,0.861569818373379,spectral (rect),7.21989400114728,4.39360149876605,2.82629250238123,metalimnion_strongIW
2019-07-17,0.861569818373379,0,0.861569818373379,"spectral (rect, coh-threshold)",7.21989400114728,4.39360149876605,2.82629250238123,metalimnion_strongIW
2019-07-18,0,1.74652820806526,-1.74652820806526,time domain,6.08053167819532,4.40252850972378,1.67800316847154,metalimnion_strongIW
2019-07-18,0.862689578051944,0,0.862689578051944,"spectral (trapz, original)",6.08053167819532,4.40252850972378,1.67800316847154,metalimnion_strongIW
2019-07-18,0.862689578051944,0,0.862689578051944,spectral (rect),6.08053167819532,4.40252850972378,1.67800316847154,metalimnion_strongIW
2019-07-18,0.862689578051944,0,0.862689578051944,"spectral (rect, coh-threshold)",6.08053167819532,4.40252850972378,1.67800316847154,metalimnion_strongIW
2019-07-19,8.24749420980186,0,8.24749420980186,time domain,7.59165762842513,4.41147365876815,3.18018396965698,metalimnion_strongIW
2019-07-19,0.843291729566342,0,0.843291729566342,"spectral (trapz, original)",7.59165762842513,4.41147365876815,3.18018396965698,metalimnion_strongIW
2019-07-19,0.843291729566342,0,0.843291729566342,spectral (rect),7.59165762842513,4.41147365876815,3.18018396965698,metalimnion_strongIW
2019-07-19,0.843291729566342,0,0.843291729566342,"spectral (rect, coh-threshold)",7.59165762842513,4.41147365876815,3.18018396965698,metalimnion_strongIW
2019-07-20,0.757152657230847,0,0.757152657230847,time domain,5.96273553297184,4.4204369827525,1.54229855021934,metalimnion_strongIW
2019-07-20,0.837686288323841,0,0.837686288323841,"spectral (trapz, original)",5.96273553297184,4.4204369827525,1.54229855021934,metalimnion_strongIW
2019-07-20,0.837686288323841,0,0.837686288323841,spectral (rect),5.96273553297184,4.4204369827525,1.54229855021934,metalimnion_strongIW
2019-07-20,0.837686288323841,0,0.837686288323841,"spectral (rect, coh-threshold)",5.96273553297184,4.4204369827525,1.54229855021934,metalimnion_strongIW
2019-07-21,0,4.28431968746943,-4.28431968746943,time domain,4.55497077586499,4.42941851860506,0.125552257259938,metalimnion_strongIW
2019-07-21,0.793896712538841,0,0.793896712538841,"spectral (trapz, original)",4.55497077586499,4.42941851860506,0.125552257259938,metalimnion_strongIW
2019-07-21,0.793896712538841,0,0.793896712538841,spectral (rect),4.55497077586499,4.42941851860506,0.125552257259938,metalimnion_strongIW
2019-07-21,2.26177478649401,1.46787807395517,0.793896712538841,"spectral (rect, coh-threshold)",4.55497077586499,4.42941851860506,0.125552257259938,metalimnion_strongIW
2019-07-22,4.22120464091145,0,4.22120464091145,time domain,4.60767441663165,4.43841830332906,0.169256113302591,metalimnion_strongIW
2019-07-22,0.756317747182327,0,0.756317747182327,"spectral (trapz, original)",4.60767441663165,4.43841830332906,0.169256113302591,metalimnion_strongIW
2019-07-22,0.756317747182327,0,0.756317747182327,spectral (rect),4.60767441663165,4.43841830332906,0.169256113302591,metalimnion_strongIW
2019-07-22,0.756317747182327,0,0.756317747182327,"spectral (rect, coh-threshold)",4.60767441663165,4.43841830332906,0.169256113302591,metalimnion_strongIW
2019-07-23,2.68867611622036,0,2.68867611622036,time domain,4.84636664003273,4.44743637400296,0.398930266029771,metalimnion_strongIW
2019-07-23,0.701286118872957,0,0.701286118872957,"spectral (trapz, original)",4.84636664003273,4.44743637400296,0.398930266029771,metalimnion_strongIW
2019-07-23,0.701286118872957,0,0.701286118872957,spectral (rect),4.84636664003273,4.44743637400296,0.398930266029771,metalimnion_strongIW
2019-07-23,0.701286118872957,0,0.701286118872957,"spectral (rect, coh-threshold)",4.84636664003273,4.44743637400296,0.398930266029771,metalimnion_strongIW
2019-07-24,0,1.73986388922,-1.73986388922,time domain,6.63624160143076,4.45647276778053,2.17976883365023,metalimnion_strongIW
2019-07-24,0.655599889643902,0,0.655599889643902,"spectral (trapz, original)",6.63624160143076,4.45647276778053,2.17976883365023,metalimnion_strongIW
2019-07-24,0.655599889643902,0,0.655599889643902,spectral (rect),6.63624160143076,4.45647276778053,2.17976883365023,metalimnion_strongIW
2019-07-24,0.655599889643902,0,0.655599889643902,"spectral (rect, coh-threshold)",6.63624160143076,4.45647276778053,2.17976883365023,metalimnion_strongIW
2019-07-25,0,2.40884110247856,-2.40884110247856,time domain,3.01552709449699,4.46552752189102,-1.45000042739403,metalimnion_strongIW
2019-07-25,3.31576144845519,2.70483247376462,0.610928974690572,"spectral (trapz, original)",3.01552709449699,4.46552752189102,-1.45000042739403,metalimnion_strongIW
2019-07-25,3.08835181922991,2.47742284453934,0.610928974690572,spectral (rect),3.01552709449699,4.46552752189102,-1.45000042739403,metalimnion_strongIW
2019-07-25,2.03488756848119,1.42395859379061,0.610928974690572,"spectral (rect, coh-threshold)",3.01552709449699,4.46552752189102,-1.45000042739403,metalimnion_strongIW
2019-07-26,8.13133039929335,0,8.13133039929335,time domain,6.38818204854044,4.47460067363934,1.9135813749011,metalimnion_strongIW
2019-07-26,2.03152345001092,1.48854448830512,0.542978961705804,"spectral (trapz, original)",6.38818204854044,4.47460067363934,1.9135813749011,metalimnion_strongIW
2019-07-26,2.35667629192522,1.81369733021942,0.542978961705804,spectral (rect),6.38818204854044,4.47460067363934,1.9135813749011,metalimnion_strongIW
2019-07-26,1.75735825381659,1.21437929211079,0.542978961705804,"spectral (rect, coh-threshold)",6.38818204854044,4.47460067363934,1.9135813749011,metalimnion_strongIW
2019-07-27,0,2.49279179463522,-2.49279179463522,time domain,6.02305875257632,4.48369226040621,1.53936649217011,metalimnion_strongIW
2019-07-27,3.47144534153307,2.98287219905294,0.488573142480125,"spectral (trapz, original)",6.02305875257632,4.48369226040621,1.53936649217011,metalimnion_strongIW
2019-07-27,4.47470766506603,3.98613452258591,0.488573142480125,spectral (rect),6.02305875257632,4.48369226040621,1.53936649217011,metalimnion_strongIW
2019-07-27,4.39818974795531,3.90961660547518,0.488573142480125,"spectral (rect, coh-threshold)",6.02305875257632,4.48369226040621,1.53936649217011,metalimnion_strongIW
2019-07-28,1.08143673798168,0,1.08143673798168,time domain,3.634390441637,4.49280231964826,-0.85841187801126,metalimnion_strongIW
2019-07-28,0.631913636556258,0.213731767097718,0.41818186945854,"spectral (trapz, original)",3.634390441637,4.49280231964826,-0.85841187801126,metalimnion_strongIW
2019-07-28,0.678002592468146,0.259820723009607,0.41818186945854,spectral (rect),3.634390441637,4.49280231964826,-0.85841187801126,metalimnion_strongIW
2019-07-28,0.655484332978004,0.237302463519465,0.41818186945854,"spectral (rect, coh-threshold)",3.634390441637,4.49280231964826,-0.85841187801126,metalimnion_strongIW
2019-07-29,0,1.60022978598576,-1.60022978598576,time domain,4.04219236445927,4.50193088889827,-0.459738524439001,metalimnion_strongIW
2019-07-29,0.371136876014869,0,0.371136876014869,"spectral (trapz, original)",4.04219236445927,4.50193088889827,-0.459738524439001,metalimnion_strongIW
2019-07-29,0.371136876014869,0,0.371136876014869,spectral (rect),4.04219236445927,4.50193088889827,-0.459738524439001,metalimnion_strongIW
2019-07-29,0.371136876014869,0,0.371136876014869,"spectral (rect, coh-threshold)",4.04219236445927,4.50193088889827,-0.459738524439001,metalimnion_strongIW
2019-07-30,6.55042098756556,0,6.55042098756556,time domain,5.14319500390244,4.51107800576525,0.632116998137184,metalimnion_strongIW
2019-07-30,0.309804878930818,0,0.309804878930818,"spectral (trapz, original)",5.14319500390244,4.51107800576525,0.632116998137184,metalimnion_strongIW
2019-07-30,0.309804878930818,0,0.309804878930818,spectral (rect),5.14319500390244,4.51107800576525,0.632116998137184,metalimnion_strongIW
2019-07-30,0.309804878930818,0,0.309804878930818,"spectral (rect, coh-threshold)",5.14319500390244,4.51107800576525,0.632116998137184,metalimnion_strongIW
2019-07-31,6.09963924700756,0,6.09963924700756,time domain,5.72261933242401,4.52024370793464,1.20237562448937,metalimnion_strongIW
2019-07-31,0.261490083166588,0,0.261490083166588,"spectral (trapz, original)",5.72261933242401,4.52024370793464,1.20237562448937,metalimnion_strongIW
2019-07-31,0.261490083166588,0,0.261490083166588,spectral (rect),5.72261933242401,4.52024370793464,1.20237562448937,metalimnion_strongIW
2019-07-31,0.261490083166588,0,0.261490083166588,"spectral (rect, coh-threshold)",5.72261933242401,4.52024370793464,1.20237562448937,metalimnion_strongIW
2019-08-01,3.61282624895784,0,3.61282624895784,time domain,6.65973318413435,4.52942803316843,2.13030515096592,metalimnion_strongIW
2019-08-01,0.207768924207157,0,0.207768924207157,"spectral (trapz, original)",6.65973318413435,4.52942803316843,2.13030515096592,metalimnion_strongIW
2019-08-01,0.207768924207157,0,0.207768924207157,spectral (rect),6.65973318413435,4.52942803316843,2.13030515096592,metalimnion_strongIW
2019-08-01,0.207768924207157,0,0.207768924207157,"spectral (rect, coh-threshold)",6.65973318413435,4.52942803316843,2.13030515096592,metalimnion_strongIW
2019-08-02,0,2.47813804143561,-2.47813804143561,time domain,5.77904015847428,4.53863101930536,1.24040913916892,metalimnion_strongIW
2019-08-02,0.16082129104998,0,0.16082129104998,"spectral (trapz, original)",5.77904015847428,4.53863101930536,1.24040913916892,metalimnion_strongIW
2019-08-02,0.16082129104998,0,0.16082129104998,spectral (rect),5.77904015847428,4.53863101930536,1.24040913916892,metalimnion_strongIW
2019-08-02,0.16082129104998,0,0.16082129104998,"spectral (rect, coh-threshold)",5.77904015847428,4.53863101930536,1.24040913916892,metalimnion_strongIW
2019-08-03,0,6.9300701985816,-6.9300701985816,time domain,4.99324447335618,4.54785270426105,0.445391769095134,metalimnion_strongIW
2019-08-03,0.11583160121379,0,0.11583160121379,"spectral (trapz, original)",4.99324447335618,4.54785270426105,0.445391769095134,metalimnion_strongIW
2019-08-03,0.11583160121379,0,0.11583160121379,spectral (rect),4.99324447335618,4.54785270426105,0.445391769095134,metalimnion_strongIW
2019-08-03,0.11583160121379,0,0.11583160121379,"spectral (rect, coh-threshold)",4.99324447335618,4.54785270426105,0.445391769095134,metalimnion_strongIW
2019-08-04,0,3.93502644402133,-3.93502644402133,time domain,5.69063092297857,4.55709312602813,1.13353779695043,metalimnion_strongIW
2019-08-04,0.087900390108487,0,0.087900390108487,"spectral (trapz, original)",5.69063092297857,4.55709312602813,1.13353779695043,metalimnion_strongIW
2019-08-04,0.087900390108487,0,0.087900390108487,spectral (rect),5.69063092297857,4.55709312602813,1.13353779695043,metalimnion_strongIW
2019-08-04,0.087900390108487,0,0.087900390108487,"spectral (rect, coh-threshold)",5.69063092297857,4.55709312602813,1.13353779695043,metalimnion_strongIW
2019-08-05,0,2.01963145916608,-2.01963145916608,time domain,3.42873197259197,4.56635232267646,-1.13762035008449,metalimnion_strongIW
2019-08-05,1.35242628828332,1.2883838197548,0.0640424685285184,"spectral (trapz, original)",3.42873197259197,4.56635232267646,-1.13762035008449,metalimnion_strongIW
2019-08-05,1.63002644189259,1.56598397336407,0.0640424685285184,spectral (rect),3.42873197259197,4.56635232267646,-1.13762035008449,metalimnion_strongIW
2019-08-05,1.63002644189259,1.56598397336407,0.0640424685285184,"spectral (rect, coh-threshold)",3.42873197259197,4.56635232267646,-1.13762035008449,metalimnion_strongIW
2019-08-06,0,5.19311061075496,-5.19311061075496,time domain,3.67657767889256,4.57563033235323,-0.899052653460662,metalimnion_strongIW
2019-08-06,3.92763337148238,3.89986593760511,0.0277674338772761,"spectral (trapz, original)",3.67657767889256,4.57563033235323,-0.899052653460662,metalimnion_strongIW
2019-08-06,4.62653857778365,4.59877114390637,0.0277674338772761,spectral (rect),3.67657767889256,4.57563033235323,-0.899052653460662,metalimnion_strongIW
2019-08-06,4.62653857778365,4.59877114390637,0.0277674338772761,"spectral (rect, coh-threshold)",3.67657767889256,4.57563033235323,-0.899052653460662,metalimnion_strongIW
2019-08-07,1.41241366521166,0,1.41241366521166,time domain,5.08344781693698,4.58492719328313,0.498520623653848,metalimnion_strongIW
2019-08-07,0.00150908190761255,0.00960447995145272,-0.00809539804384017,"spectral (trapz, original)",5.08344781693698,4.58492719328313,0.498520623653848,metalimnion_strongIW
2019-08-07,0.00150908190761255,0.00960447995145272,-0.00809539804384017,spectral (rect),5.08344781693698,4.58492719328313,0.498520623653848,metalimnion_strongIW
2019-08-07,0.00150908190761255,0.00960447995145272,-0.00809539804384017,"spectral (rect, coh-threshold)",5.08344781693698,4.58492719328313,0.498520623653848,metalimnion_strongIW
2019-08-08,0,3.59189248957219,-3.59189248957219,time domain,4.69034341406121,4.59424294376855,0.0961004702926676,metalimnion_strongIW
2019-08-08,0,0.016743201829292,-0.016743201829292,"spectral (trapz, original)",4.69034341406121,4.59424294376855,0.0961004702926676,metalimnion_strongIW
2019-08-08,0,0.016743201829292,-0.016743201829292,spectral (rect),4.69034341406121,4.59424294376855,0.0961004702926676,metalimnion_strongIW
2019-08-08,0,0.016743201829292,-0.016743201829292,"spectral (rect, coh-threshold)",4.69034341406121,4.59424294376855,0.0961004702926676,metalimnion_strongIW
2019-08-09,0,10.1495424754566,-10.1495424754566,time domain,3.42891581484409,4.60357762218966,-1.17466180734557,metalimnion_strongIW
2019-08-09,0,0.0234860798986847,-0.0234860798986847,"spectral (trapz, original)",3.42891581484409,4.60357762218966,-1.17466180734557,metalimnion_strongIW
2019-08-09,0,0.0234860798986847,-0.0234860798986847,spectral (rect),3.42891581484409,4.60357762218966,-1.17466180734557,metalimnion_strongIW
2019-08-09,0,0.0234860798986847,-0.0234860798986847,"spectral (rect, coh-threshold)",3.42891581484409,4.60357762218966,-1.17466180734557,metalimnion_strongIW
2019-08-10,0.319549235521322,0,0.319549235521322,time domain,2.70359087755906,4.61293126700465,-1.90934038944559,metalimnion_strongIW
2019-08-10,0,0.0512134878416502,-0.0512134878416502,"spectral (trapz, original)",2.70359087755906,4.61293126700465,-1.90934038944559,metalimnion_strongIW
2019-08-10,0,0.0512134878416502,-0.0512134878416502,spectral (rect),2.70359087755906,4.61293126700465,-1.90934038944559,metalimnion_strongIW
2019-08-10,0,0.0512134878416502,-0.0512134878416502,"spectral (rect, coh-threshold)",2.70359087755906,4.61293126700465,-1.90934038944559,metalimnion_strongIW
2019-08-11,0,4.00800347793961,-4.00800347793961,time domain,3.07646759833725,4.62230391674982,-1.54583631841258,metalimnion_strongIW
2019-08-11,2.12579962969106,2.18934946709254,-0.0635498374014861,"spectral (trapz, original)",3.07646759833725,4.62230391674982,-1.54583631841258,metalimnion_strongIW
2019-08-11,2.64496788577394,2.70851772317542,-0.0635498374014861,spectral (rect),3.07646759833725,4.62230391674982,-1.54583631841258,metalimnion_strongIW
2019-08-11,2.64496788577394,2.70851772317542,-0.0635498374014861,"spectral (rect, coh-threshold)",3.07646759833725,4.62230391674982,-1.54583631841258,metalimnion_strongIW
2019-08-12,0,3.09639097758122,-3.09639097758122,time domain,3.36824965204254,4.6316956100398,-1.26344595799726,metalimnion_strongIW
2019-08-12,6.42236220622322,6.4866618233239,-0.0642996171006819,"spectral (trapz, original)",3.36824965204254,4.6316956100398,-1.26344595799726,metalimnion_strongIW
2019-08-12,7.77874820174414,7.84304781884482,-0.0642996171006819,spectral (rect),3.36824965204254,4.6316956100398,-1.26344595799726,metalimnion_strongIW
2019-08-12,7.77874820174414,7.84304781884482,-0.0642996171006819,"spectral (rect, coh-threshold)",3.36824965204254,4.6316956100398,-1.26344595799726,metalimnion_strongIW
2019-08-13,0,0.485233161904603,-0.485233161904603,time domain,4.26351936413867,4.64110638556765,-0.377587021428976,metalimnion_strongIW
2019-08-13,5.04352761821863,5.11549505720888,-0.0719674389902509,"spectral (trapz, original)",4.26351936413867,4.64110638556765,-0.377587021428976,metalimnion_strongIW
2019-08-13,6.10335598108733,6.17532342007758,-0.0719674389902509,spectral (rect),4.26351936413867,4.64110638556765,-0.377587021428976,metalimnion_strongIW
2019-08-13,6.10335598108733,6.17532342007758,-0.0719674389902509,"spectral (rect, coh-threshold)",4.26351936413867,4.64110638556765,-0.377587021428976,metalimnion_strongIW
2019-08-14,3.14167805585137,0,3.14167805585137,time domain,3.36401815048472,4.65053628210506,-1.28651813162034,metalimnion_strongIW
2019-08-14,5.51608371838949,5.57096371590294,-0.0548799975134479,"spectral (trapz, original)",3.36401815048472,4.65053628210506,-1.28651813162034,metalimnion_strongIW
2019-08-14,6.95464272885582,7.00952272636927,-0.0548799975134479,spectral (rect),3.36401815048472,4.65053628210506,-1.28651813162034,metalimnion_strongIW
2019-08-14,6.95464272885582,7.00952272636927,-0.0548799975134479,"spectral (rect, coh-threshold)",3.36401815048472,4.65053628210506,-1.28651813162034,metalimnion_strongIW
2019-08-15,0,8.67643061128001,-8.67643061128001,time domain,5.15368287705479,4.65998533850249,0.4936975385523,metalimnion_strongIW
2019-08-15,5.55290609386841,5.60342359433595,-0.0505175004675356,"spectral (trapz, original)",5.15368287705479,4.65998533850249,0.4936975385523,metalimnion_strongIW
2019-08-15,6.98065294468684,7.03117044515438,-0.0505175004675356,spectral (rect),5.15368287705479,4.65998533850249,0.4936975385523,metalimnion_strongIW
2019-08-15,6.98065294468684,7.03117044515438,-0.0505175004675356,"spectral (rect, coh-threshold)",5.15368287705479,4.65998533850249,0.4936975385523,metalimnion_strongIW
2019-08-16,7.5636892058767,0,7.5636892058767,time domain,2.61191500135481,4.66945359368935,-2.05753859233454,metalimnion_strongIW
2019-08-16,5.52419956563747,5.56420691438844,-0.0400073487509685,"spectral (trapz, original)",2.61191500135481,4.66945359368935,-2.05753859233454,metalimnion_strongIW
2019-08-16,6.94456547851335,6.98457282726432,-0.0400073487509685,spectral (rect),2.61191500135481,4.66945359368935,-2.05753859233454,metalimnion_strongIW
2019-08-16,6.94456547851335,6.98457282726432,-0.0400073487509685,"spectral (rect, coh-threshold)",2.61191500135481,4.66945359368935,-2.05753859233454,metalimnion_strongIW
2019-08-17,0,4.38276241919331,-4.38276241919331,time domain,4.16590700177135,4.67894108667414,-0.513034084902785,metalimnion_strongIW
2019-08-17,5.49558180234358,5.54389372692332,-0.0483119245797386,"spectral (trapz, original)",4.16590700177135,4.67894108667414,-0.513034084902785,metalimnion_strongIW
2019-08-17,6.90858960025594,6.95690152483568,-0.0483119245797386,spectral (rect),4.16590700177135,4.67894108667414,-0.513034084902785,metalimnion_strongIW
2019-08-17,6.90858960025594,6.95690152483568,-0.0483119245797386,"spectral (rect, coh-threshold)",4.16590700177135,4.67894108667414,-0.513034084902785,metalimnion_strongIW
2019-08-18,6.08230874546595,0,6.08230874546595,time domain,4.74242674452967,4.68844785654461,0.0539788879850584,metalimnion_strongIW
2019-08-18,5.46706347390797,5.50921007633868,-0.0421466024307101,"spectral (trapz, original)",4.74242674452967,4.68844785654461,0.0539788879850584,metalimnion_strongIW
2019-08-18,6.87273872325454,6.91488532568525,-0.0421466024307101,spectral (rect),4.74242674452967,4.68844785654461,0.0539788879850584,metalimnion_strongIW
2019-08-18,6.87273872325454,6.91488532568525,-0.0421466024307101,"spectral (rect, coh-threshold)",4.74242674452967,4.68844785654461,0.0539788879850584,metalimnion_strongIW
2019-08-19,0,0.866557824925621,-0.866557824925621,time domain,2.59159087564663,4.69797394246794,-2.10638306682131,metalimnion_strongIW
2019-08-19,5.43865461530878,5.47006280524222,-0.0314081899334385,"spectral (trapz, original)",2.59159087564663,4.69797394246794,-2.10638306682131,metalimnion_strongIW
2019-08-19,6.8370254626513,6.86843365258474,-0.0314081899334385,spectral (rect),2.59159087564663,4.69797394246794,-2.10638306682131,metalimnion_strongIW
2019-08-19,6.8370254626513,6.86843365258474,-0.0314081899334385,"spectral (rect, coh-threshold)",2.59159087564663,4.69797394246794,-2.10638306682131,metalimnion_strongIW
2019-06-01,4.30999668355149,0,4.30999668355149,time domain,31.8537161826264,24.0413218688778,7.81239431374855,surface
2019-06-01,6.03338298136365,0,6.03338298136365,"spectral (trapz, original)",31.8537161826264,24.0413218688778,7.81239431374855,surface
2019-06-01,6.03338298136365,0,6.03338298136365,spectral (rect),31.8537161826264,24.0413218688778,7.81239431374855,surface
2019-06-01,6.03338298136365,0,6.03338298136365,"spectral (rect, coh-threshold)",31.8537161826264,24.0413218688778,7.81239431374855,surface
2019-06-02,16.5621702450741,0,16.5621702450741,time domain,33.3977877867205,24.0901695269602,9.30761825976038,surface
2019-06-02,6.04636280689434,0,6.04636280689434,"spectral (trapz, original)",33.3977877867205,24.0901695269602,9.30761825976038,surface
2019-06-02,6.04636280689434,0,6.04636280689434,spectral (rect),33.3977877867205,24.0901695269602,9.30761825976038,surface
2019-06-02,6.04636280689434,0,6.04636280689434,"spectral (rect, coh-threshold)",33.3977877867205,24.0901695269602,9.30761825976038,surface
2019-06-03,22.1215033705725,25.0965604204216,-2.97505704984906,time domain,26.3882714035252,24.1391164347307,2.24915496879441,surface
2019-06-03,6.04675983393156,0,6.04675983393156,"spectral (trapz, original)",26.3882714035252,24.1391164347307,2.24915496879441,surface
2019-06-03,6.04675983393156,0,6.04675983393156,spectral (rect),26.3882714035252,24.1391164347307,2.24915496879441,surface
2019-06-03,6.04675983393156,0,6.04675983393156,"spectral (rect, coh-threshold)",26.3882714035252,24.1391164347307,2.24915496879441,surface
2019-06-04,15.9432582559684,0,15.9432582559684,time domain,34.8729983099318,24.1881627938471,10.6848355160847,surface
2019-06-04,6.02925770985693,0,6.02925770985693,"spectral (trapz, original)",34.8729983099318,24.1881627938471,10.6848355160847,surface
2019-06-04,6.02925770985693,0,6.02925770985693,spectral (rect),34.8729983099318,24.1881627938471,10.6848355160847,surface
2019-06-04,6.02925770985693,0,6.02925770985693,"spectral (rect, coh-threshold)",34.8729983099318,24.1881627938471,10.6848355160847,surface
2019-06-05,6.28161778523738,0,6.28161778523738,time domain,33.5316180314908,24.2373088063767,9.29430922511409,surface
2019-06-05,5.9974053268942,0,5.9974053268942,"spectral (trapz, original)",33.5316180314908,24.2373088063767,9.29430922511409,surface
2019-06-05,5.9974053268942,0,5.9974053268942,spectral (rect),33.5316180314908,24.2373088063767,9.29430922511409,surface
2019-06-05,5.9974053268942,0,5.9974053268942,"spectral (rect, coh-threshold)",33.5316180314908,24.2373088063767,9.29430922511409,surface
2019-06-06,5.93728587538309,0,5.93728587538309,time domain,32.2660579457542,24.2865546747972,7.97950327095695,surface
2019-06-06,5.94632737496189,0,5.94632737496189,"spectral (trapz, original)",32.2660579457542,24.2865546747972,7.97950327095695,surface
2019-06-06,5.94632737496189,0,5.94632737496189,spectral (rect),32.2660579457542,24.2865546747972,7.97950327095695,surface
2019-06-06,5.94632737496189,0,5.94632737496189,"spectral (rect, coh-threshold)",32.2660579457542,24.2865546747972,7.97950327095695,surface
2019-06-07,9.59195253289389,0.301054259658069,9.29089827323582,time domain,36.0483273342197,24.335900601998,11.7124267322217,surface
2019-06-07,5.87384055792462,0,5.87384055792462,"spectral (trapz, original)",36.0483273342197,24.335900601998,11.7124267322217,surface
2019-06-07,5.87384055792462,0,5.87384055792462,spectral (rect),36.0483273342197,24.335900601998,11.7124267322217,surface
2019-06-07,5.87384055792462,0,5.87384055792462,"spectral (rect, coh-threshold)",36.0483273342197,24.335900601998,11.7124267322217,surface
2019-06-08,0.366248934493632,0,0.366248934493632,time domain,24.289885329175,24.3853467912806,-0.0954614621055871,surface
2019-06-08,5.77717814970988,0,5.77717814970988,"spectral (trapz, original)",24.289885329175,24.3853467912806,-0.0954614621055871,surface
2019-06-08,5.77717814970988,0,5.77717814970988,spectral (rect),24.289885329175,24.3853467912806,-0.0954614621055871,surface
2019-06-08,5.77717814970988,0,5.77717814970988,"spectral (rect, coh-threshold)",24.289885329175,24.3853467912806,-0.0954614621055871,surface
2019-06-09,11.056234819655,0,11.056234819655,time domain,35.6179924029663,24.4348934463596,11.1830989566067,surface
2019-06-09,6.12955189625083,0.469489974387235,5.66006192186359,"spectral (trapz, original)",35.6179924029663,24.4348934463596,11.1830989566067,surface
2019-06-09,5.99274177145146,0.332679849587869,5.66006192186359,spectral (rect),35.6179924029663,24.4348934463596,11.1830989566067,surface
2019-06-09,7.09412003034691,1.43405810848331,5.66006192186359,"spectral (rect, coh-threshold)",35.6179924029663,24.4348934463596,11.1830989566067,surface
2019-06-10,13.139871380004,0,13.139871380004,time domain,36.5127820717789,24.4845407713635,12.0282413004155,surface
2019-06-10,5.89375977651568,0.375402521047557,5.51835725546812,"spectral (trapz, original)",36.5127820717789,24.4845407713635,12.0282413004155,surface
2019-06-10,5.73851583310085,0.220158577632723,5.51835725546812,spectral (rect),36.5127820717789,24.4845407713635,12.0282413004155,surface
2019-06-10,6.07167220264706,0.553314947178935,5.51835725546812,"spectral (rect, coh-threshold)",36.5127820717789,24.4845407713635,12.0282413004155,surface
2019-06-11,11.0968820349005,0,11.0968820349005,time domain,32.261884259188,24.5342889708354,7.72759528835251,surface
2019-06-11,5.35367422254509,0,5.35367422254509,"spectral (trapz, original)",32.261884259188,24.5342889708354,7.72759528835251,surface
2019-06-11,5.35367422254509,0,5.35367422254509,spectral (rect),32.261884259188,24.5342889708354,7.72759528835251,surface
2019-06-11,5.48261840025216,0.128944177707072,5.35367422254509,"spectral (rect, coh-threshold)",32.261884259188,24.5342889708354,7.72759528835251,surface
2019-06-12,8.26075650455703,0.0245713195991218,8.23618518495791,time domain,36.6612438587038,24.5841382497344,12.0771056089694,surface
2019-06-12,5.86547270003611,0.707043593060327,5.15842910697578,"spectral (trapz, original)",36.6612438587038,24.5841382497344,12.0771056089694,surface
2019-06-12,5.65401355255689,0.495584445581106,5.15842910697578,spectral (rect),36.6612438587038,24.5841382497344,12.0771056089694,surface
2019-06-12,5.39796406181012,0.239534954834344,5.15842910697578,"spectral (rect, coh-threshold)",36.6612438587038,24.5841382497344,12.0771056089694,surface
2019-06-13,10.2717114750719,0.034285058844982,10.2374264162269,time domain,39.1252735452866,24.6340888134356,14.491184731851,surface
2019-06-13,4.93271547003029,0,4.93271547003029,"spectral (trapz, original)",39.1252735452866,24.6340888134356,14.491184731851,surface
2019-06-13,4.93271547003029,0,4.93271547003029,spectral (rect),39.1252735452866,24.6340888134356,14.491184731851,surface
2019-06-13,5.59036606998465,0.657650599954365,4.93271547003029,"spectral (rect, coh-threshold)",39.1252735452866,24.6340888134356,14.491184731851,surface
2019-06-14,19.1620211584218,14.5918807442665,4.57014041415533,time domain,27.4414283093386,24.6841408677316,2.75728744160704,surface
2019-06-14,5.11432976898416,0.432919032738259,4.6814107362459,"spectral (trapz, original)",27.4414283093386,24.6841408677316,2.75728744160704,surface
2019-06-14,5.05198730483966,0.37057656859376,4.6814107362459,spectral (rect),27.4414283093386,24.6841408677316,2.75728744160704,surface
2019-06-14,6.87425166836424,2.19284093211834,4.6814107362459,"spectral (rect, coh-threshold)",27.4414283093386,24.6841408677316,2.75728744160704,surface
2019-06-15,7.1715368336505,0.55301782430764,6.61851900934286,time domain,31.5523325118319,24.7342946188331,6.8180378929988,surface
2019-06-15,4.85071784203352,0.44329916711695,4.40741867491657,"spectral (trapz, original)",31.5523325118319,24.7342946188331,6.8180378929988,surface
2019-06-15,4.65978109889194,0.252362423975366,4.40741867491657,spectral (rect),31.5523325118319,24.7342946188331,6.8180378929988,surface
2019-06-15,4.7344237739896,0.327005099073029,4.40741867491657,"spectral (rect, coh-threshold)",31.5523325118319,24.7342946188331,6.8180378929988,surface
2019-06-16,15.0231833225849,0,15.0231833225849,time domain,37.3113648436581,24.7845502733699,12.5268145702882,surface
2019-06-16,4.11170747710156,0,4.11170747710156,"spectral (trapz, original)",37.3113648436581,24.7845502733699,12.5268145702882,surface
2019-06-16,4.11170747710156,0,4.11170747710156,spectral (rect),37.3113648436581,24.7845502733699,12.5268145702882,surface
2019-06-16,4.11170747710156,0,4.11170747710156,"spectral (rect, coh-threshold)",37.3113648436581,24.7845502733699,12.5268145702882,surface
2019-06-17,6.66697848948762,0,6.66697848948762,time domain,36.6835644639598,24.8349080383914,11.8486564255685,surface
2019-06-17,3.79324939680438,0,3.79324939680438,"spectral (trapz, original)",36.6835644639598,24.8349080383914,11.8486564255685,surface
2019-06-17,4.11324634294354,0.319996946139159,3.79324939680438,spectral (rect),36.6835644639598,24.8349080383914,11.8486564255685,surface
2019-06-17,3.79324939680438,0,3.79324939680438,"spectral (rect, coh-threshold)",36.6835644639598,24.8349080383914,11.8486564255685,surface
2019-06-18,23.5928266190522,23.6518504128442,-0.0590237937919653,time domain,22.9814834866148,24.8853681213678,-1.903884634753,surface
2019-06-18,3.45883482904001,0,3.45883482904001,"spectral (trapz, original)",22.9814834866148,24.8853681213678,-1.903884634753,surface
2019-06-18,3.45883482904001,0,3.45883482904001,spectral (rect),22.9814834866148,24.8853681213678,-1.903884634753,surface
2019-06-18,3.45883482904001,0,3.45883482904001,"spectral (rect, coh-threshold)",22.9814834866148,24.8853681213678,-1.903884634753,surface
2019-06-19,18.4659937076802,19.6832604438217,-1.2172667361415,time domain,29.309849080408,24.9359307301909,4.37391835021712,surface
2019-06-19,3.11243401375777,0,3.11243401375777,"spectral (trapz, original)",29.309849080408,24.9359307301909,4.37391835021712,surface
2019-06-19,3.42693101040776,0.314496996649993,3.11243401375777,spectral (rect),29.309849080408,24.9359307301909,4.37391835021712,surface
2019-06-19,3.11243401375777,0,3.11243401375777,"spectral (rect, coh-threshold)",29.309849080408,24.9359307301909,4.37391835021712,surface
2019-06-20,7.59212887780754,0,7.59212887780754,time domain,29.4469874723148,24.9865960731748,4.46039139913999,surface
2019-06-20,2.7579571374163,0,2.7579571374163,"spectral (trapz, original)",29.4469874723148,24.9865960731748,4.46039139913999,surface
2019-06-20,3.3844857914764,0.626528654060101,2.7579571374163,spectral (rect),29.4469874723148,24.9865960731748,4.46039139913999,surface
2019-06-20,2.7579571374163,0,2.7579571374163,"spectral (rect, coh-threshold)",29.4469874723148,24.9865960731748,4.46039139913999,surface
2019-06-21,10.8908881197921,0,10.8908881197921,time domain,30.9984256997522,25.0373643590569,5.96106134069526,surface
2019-06-21,2.3980083900921,0,2.3980083900921,"spectral (trapz, original)",30.9984256997522,25.0373643590569,5.96106134069526,surface
2019-06-21,2.3980083900921,0,2.3980083900921,spectral (rect),30.9984256997522,25.0373643590569,5.96106134069526,surface
2019-06-21,2.3980083900921,0,2.3980083900921,"spectral (rect, coh-threshold)",30.9984256997522,25.0373643590569,5.96106134069526,surface
2019-06-22,28.710995411408,32.9102999094883,-4.19930449808037,time domain,21.6310515106487,25.0882357969989,-3.45718428635014,surface
2019-06-22,2.50533401064845,0.466435374117769,2.03889863653068,"spectral (trapz, original)",21.6310515106487,25.0882357969989,-3.45718428635014,surface
2019-06-22,3.57075996938299,1.53186133285231,2.03889863653068,spectral (rect),21.6310515106487,25.0882357969989,-3.45718428635014,surface
2019-06-22,3.42411586014223,1.38521722361155,2.03889863653068,"spectral (rect, coh-threshold)",21.6310515106487,25.0882357969989,-3.45718428635014,surface
2019-06-23,20.1165721840202,20.2673584146813,-0.150786230661058,time domain,28.3645411247591,25.1392105965871,3.22533052817208,surface
2019-06-23,1.68672677880457,0,1.68672677880457,"spectral (trapz, original)",28.3645411247591,25.1392105965871,3.22533052817208,surface
2019-06-23,4.04834794645727,2.3616211676527,1.68672677880457,spectral (rect),28.3645411247591,25.1392105965871,3.22533052817208,surface
2019-06-23,2.17429263958559,0.487565860781019,1.68672677880457,"spectral (rect, coh-threshold)",28.3645411247591,25.1392105965871,3.22533052817208,surface
2019-06-24,10.3798614202355,4.12967925595822,6.25018216427729,time domain,26.7027938141424,25.1902889678339,1.5125048463085,surface
2019-06-24,1.3540621684992,0,1.3540621684992,"spectral (trapz, original)",26.7027938141424,25.1902889678339,1.5125048463085,surface
2019-06-24,1.3540621684992,0,1.3540621684992,spectral (rect),26.7027938141424,25.1902889678339,1.5125048463085,surface
2019-06-24,1.3540621684992,0,1.3540621684992,"spectral (rect, coh-threshold)",26.7027938141424,25.1902889678339,1.5125048463085,surface
2019-06-25,31.9353825546922,40.4239349842302,-8.48855242953806,time domain,18.8489088200007,25.2414711211783,-6.39256230117768,surface
2019-06-25,2.26666201110726,1.22882840648201,1.03783360462525,"spectral (trapz, original)",18.8489088200007,25.2414711211783,-6.39256230117768,surface
2019-06-25,1.9289403358117,0.891106731186446,1.03783360462525,spectral (rect),18.8489088200007,25.2414711211783,-6.39256230117768,surface
2019-06-25,1.03783360462525,0,1.03783360462525,"spectral (rect, coh-threshold)",18.8489088200007,25.2414711211783,-6.39256230117768,surface
2019-06-26,16.6199721146089,19.7955115965742,-3.1755394819653,time domain,22.3402381314297,25.2927572674871,-2.9525191360574,surface
2019-06-26,4.64779602825272,3.90016693843804,0.74762908981468,"spectral (trapz, original)",22.3402381314297,25.2927572674871,-2.9525191360574,surface
2019-06-26,5.46373558322627,4.71610649341159,0.74762908981468,spectral (rect),22.3402381314297,25.2927572674871,-2.9525191360574,surface
2019-06-26,2.89895161817312,2.15132252835844,0.74762908981468,"spectral (rect, coh-threshold)",22.3402381314297,25.2927572674871,-2.9525191360574,surface
2019-06-27,0.280891787397793,0,0.280891787397793,time domain,20.731367464714,25.3441476180552,-4.61278015334122,surface
2019-06-27,2.11123840826271,1.61974984145554,0.491488566807174,"spectral (trapz, original)",20.731367464714,25.3441476180552,-4.61278015334122,surface
2019-06-27,2.48836778952909,1.99687922272191,0.491488566807174,spectral (rect),20.731367464714,25.3441476180552,-4.61278015334122,surface
2019-06-27,0.491488566807174,0,0.491488566807174,"spectral (rect, coh-threshold)",20.731367464714,25.3441476180552,-4.61278015334122,surface
2019-06-28,15.4915701479163,17.4702260461339,-1.97865589821762,time domain,21.9796749429671,25.395642384607,-3.41596744163995,surface
2019-06-28,0.583997407838728,0.316198553069175,0.267798854769554,"spectral (trapz, original)",21.9796749429671,25.395642384607,-3.41596744163995,surface
2019-06-28,0.393343854833986,0.125545000064432,0.267798854769554,spectral (rect),21.9796749429671,25.395642384607,-3.41596744163995,surface
2019-06-28,0.267798854769554,0,0.267798854769554,"spectral (rect, coh-threshold)",21.9796749429671,25.395642384607,-3.41596744163995,surface
2019-06-29,24.0339706491309,31.3574316764878,-7.3234610273569,time domain,19.8969268917787,25.4472417792972,-5.5503148875185,surface
2019-06-29,3.26279805566011,3.18453569113878,0.0782623645213305,"spectral (trapz, original)",19.8969268917787,25.4472417792972,-5.5503148875185,surface
2019-06-29,3.92130631034838,3.84304394582705,0.0782623645213305,spectral (rect),19.8969268917787,25.4472417792972,-5.5503148875185,surface
2019-06-29,0.511471717134138,0.433209352612808,0.0782623645213305,"spectral (rect, coh-threshold)",19.8969268917787,25.4472417792972,-5.5503148875185,surface
2019-06-30,21.1232215768629,26.1117921994897,-4.98857062262679,time domain,20.9159007942115,25.4989460147113,-4.58304522049975,surface
2019-06-30,1.05888173966792,1.12428466977723,-0.0654029301093148,"spectral (trapz, original)",20.9159007942115,25.4989460147113,-4.58304522049975,surface
2019-06-30,1.51007705361327,1.57547998372259,-0.0654029301093148,spectral (rect),20.9159007942115,25.4989460147113,-4.58304522049975,surface
2019-06-30,0,0.0654029301093148,-0.0654029301093148,"spectral (rect, coh-threshold)",20.9159007942115,25.4989460147113,-4.58304522049975,surface
2019-07-01,11.4723683444138,16.741282729696,-5.26891438528216,time domain,20.6486298827847,25.5507553038668,-4.9021254210821,surface
2019-07-01,0,0.176471480294443,-0.176471480294443,"spectral (trapz, original)",20.6486298827847,25.5507553038668,-4.9021254210821,surface
2019-07-01,0,0.176471480294443,-0.176471480294443,spectral (rect),20.6486298827847,25.5507553038668,-4.9021254210821,surface
2019-07-01,0,0.176471480294443,-0.176471480294443,"spectral (rect, coh-threshold)",20.6486298827847,25.5507553038668,-4.9021254210821,surface
2019-07-02,2.83426379076967,5.36856765311105,-2.53430386234138,time domain,21.0961375794516,25.6026698602143,-4.50653228076264,surface
2019-07-02,0,0.235713261128587,-0.235713261128587,"spectral (trapz, original)",21.0961375794516,25.6026698602143,-4.50653228076264,surface
2019-07-02,0,0.235713261128587,-0.235713261128587,spectral (rect),21.0961375794516,25.6026698602143,-4.50653228076264,surface
2019-07-02,0,0.235713261128587,-0.235713261128587,"spectral (rect, coh-threshold)",21.0961375794516,25.6026698602143,-4.50653228076264,surface
2019-07-03,14.90340146656,17.3360183820347,-2.43261691547474,time domain,19.9555522326197,25.6546898976377,-5.69913766501802,surface
2019-07-03,0,0.249560288792842,-0.249560288792842,"spectral (trapz, original)",19.9555522326197,25.6546898976377,-5.69913766501802,surface
2019-07-03,0,0.249560288792842,-0.249560288792842,spectral (rect),19.9555522326197,25.6546898976377,-5.69913766501802,surface
2019-07-03,0,0.249560288792842,-0.249560288792842,"spectral (rect, coh-threshold)",19.9555522326197,25.6546898976377,-5.69913766501802,surface
2019-07-04,17.6519947300877,23.5030637233213,-5.85106899323351,time domain,22.0051641540624,25.7068156304557,-3.70165147639325,surface
2019-07-04,0,0.223488029930652,-0.223488029930652,"spectral (trapz, original)",22.0051641540624,25.7068156304557,-3.70165147639325,surface
2019-07-04,0,0.223488029930652,-0.223488029930652,spectral (rect),22.0051641540624,25.7068156304557,-3.70165147639325,surface
2019-07-04,0,0.223488029930652,-0.223488029930652,"spectral (rect, coh-threshold)",22.0051641540624,25.7068156304557,-3.70165147639325,surface
2019-07-05,8.00227540832331,11.4821540572454,-3.4798786489221,time domain,16.8660738935664,25.7590472734224,-8.89297337985595,surface
2019-07-05,0,0.163023622704245,-0.163023622704245,"spectral (trapz, original)",16.8660738935664,25.7590472734224,-8.89297337985595,surface
2019-07-05,0,0.163023622704245,-0.163023622704245,spectral (rect),16.8660738935664,25.7590472734224,-8.89297337985595,surface
2019-07-05,0,0.163023622704245,-0.163023622704245,"spectral (rect, coh-threshold)",16.8660738935664,25.7590472734224,-8.89297337985595,surface
2019-07-06,7.18125939962814,8.61624694881196,-1.43498754918382,time domain,24.6395306766721,25.8113850417282,-1.17185436505614,surface
2019-07-06,0,0.0704963440485008,-0.0704963440485008,"spectral (trapz, original)",24.6395306766721,25.8113850417282,-1.17185436505614,surface
2019-07-06,0,0.0704963440485008,-0.0704963440485008,spectral (rect),24.6395306766721,25.8113850417282,-1.17185436505614,surface
2019-07-06,0,0.0704963440485008,-0.0704963440485008,"spectral (rect, coh-threshold)",24.6395306766721,25.8113850417282,-1.17185436505614,surface
2019-07-07,34.5427517438535,47.9492578354169,-13.4065060915633,time domain,17.7670111252064,25.8638291510009,-8.09681802579445,surface
2019-07-07,0.0524256574043436,0.000707180323862013,0.0517184770804815,"spectral (trapz, original)",17.7670111252064,25.8638291510009,-8.09681802579445,surface
2019-07-07,0.0524256574043436,0.000707180323862013,0.0517184770804815,spectral (rect),17.7670111252064,25.8638291510009,-8.09681802579445,surface
2019-07-07,0.0524256574043436,0.000707180323862013,0.0517184770804815,"spectral (rect, coh-threshold)",17.7670111252064,25.8638291510009,-8.09681802579445,surface
2019-07-08,10.622435523475,16.0665161596175,-5.44408063614258,time domain,21.844927468086,25.9163798173061,-4.07145234922012,surface
2019-07-08,0.19929503914133,0,0.19929503914133,"spectral (trapz, original)",21.844927468086,25.9163798173061,-4.07145234922012,surface
2019-07-08,0.19929503914133,0,0.19929503914133,spectral (rect),21.844927468086,25.9163798173061,-4.07145234922012,surface
2019-07-08,0.19929503914133,0,0.19929503914133,"spectral (rect, coh-threshold)",21.844927468086,25.9163798173061,-4.07145234922012,surface
2019-07-09,3.32232856511321,0,3.32232856511321,time domain,29.0596378172472,25.9690372571488,3.09060056009842,surface
2019-07-09,0.365429641007764,0,0.365429641007764,"spectral (trapz, original)",29.0596378172472,25.9690372571488,3.09060056009842,surface
2019-07-09,0.365429641007764,0,0.365429641007764,spectral (rect),29.0596378172472,25.9690372571488,3.09060056009842,surface
2019-07-09,0.365429641007764,0,0.365429641007764,"spectral (rect, coh-threshold)",29.0596378172472,25.9690372571488,3.09060056009842,surface
2019-07-10,7.48601177183096,7.97854847193564,-0.492536700104679,time domain,28.3675009982798,26.0218016874735,2.34569931080624,surface
2019-07-10,0.530597680905545,0,0.530597680905545,"spectral (trapz, original)",28.3675009982798,26.0218016874735,2.34569931080624,surface
2019-07-10,0.530597680905545,0,0.530597680905545,spectral (rect),28.3675009982798,26.0218016874735,2.34569931080624,surface
2019-07-10,0.530597680905545,0,0.530597680905545,"spectral (rect, coh-threshold)",28.3675009982798,26.0218016874735,2.34569931080624,surface
2019-07-11,4.15275434875375,0,4.15275434875375,time domain,26.6148452618755,26.0746733256658,0.540171936209619,surface
2019-07-11,0.701596318255627,0,0.701596318255627,"spectral (trapz, original)",26.6148452618755,26.0746733256658,0.540171936209619,surface
2019-07-11,0.701596318255627,0,0.701596318255627,spectral (rect),26.6148452618755,26.0746733256658,0.540171936209619,surface
2019-07-11,0.701596318255627,0,0.701596318255627,"spectral (rect, coh-threshold)",26.6148452618755,26.0746733256658,0.540171936209619,surface
2019-07-12,10.2854533584523,6.46975499097528,3.81569836747706,time domain,28.1804148395863,26.1276523895529,2.05276245003335,surface
2019-07-12,0.870296280746077,0,0.870296280746077,"spectral (trapz, original)",28.1804148395863,26.1276523895529,2.05276245003335,surface
2019-07-12,0.870296280746077,0,0.870296280746077,spectral (rect),28.1804148395863,26.1276523895529,2.05276245003335,surface
2019-07-12,0.870296280746077,0,0.870296280746077,"spectral (rect, coh-threshold)",28.1804148395863,26.1276523895529,2.05276245003335,surface
2019-07-13,14.1349972998509,20.7798120493338,-6.64481474948287,time domain,20.4362022144888,26.1807390974045,-5.74453688291569,surface
2019-07-13,1.02182619171251,0,1.02182619171251,"spectral (trapz, original)",20.4362022144888,26.1807390974045,-5.74453688291569,surface
2019-07-13,1.02182619171251,0,1.02182619171251,spectral (rect),20.4362022144888,26.1807390974045,-5.74453688291569,surface
2019-07-13,1.02182619171251,0,1.02182619171251,"spectral (rect, coh-threshold)",20.4362022144888,26.1807390974045,-5.74453688291569,surface
2019-07-14,9.94270132249461,0,9.94270132249461,time domain,35.7974176480154,26.2339336679339,9.5634839800815,surface
2019-07-14,2.60923275460628,1.44984651098175,1.15938624362452,"spectral (trapz, original)",35.7974176480154,26.2339336679339,9.5634839800815,surface
2019-07-14,1.32489240877517,0.165506165150649,1.15938624362452,spectral (rect),35.7974176480154,26.2339336679339,9.5634839800815,surface
2019-07-14,1.77227845385576,0.612892210231234,1.15938624362452,"spectral (rect, coh-threshold)",35.7974176480154,26.2339336679339,9.5634839800815,surface
2019-07-15,6.71678762199382,0,6.71678762199382,time domain,29.831870773181,26.2872363202987,3.54463445288236,surface
2019-07-15,4.4168511654996,3.13973085633614,1.27712030916347,"spectral (trapz, original)",29.831870773181,26.2872363202987,3.54463445288236,surface
2019-07-15,3.15755517846898,1.88043486930551,1.27712030916347,spectral (rect),29.831870773181,26.2872363202987,3.54463445288236,surface
2019-07-15,2.10421459648142,0.827094287317954,1.27712030916347,"spectral (rect, coh-threshold)",29.831870773181,26.2872363202987,3.54463445288236,surface
2019-07-16,8.25547101043945,0,8.25547101043945,time domain,37.2801889919091,26.3406472741018,10.9395417178074,surface
2019-07-16,2.47544759380542,1.11997367958835,1.35547391421706,"spectral (trapz, original)",37.2801889919091,26.3406472741018,10.9395417178074,surface
2019-07-16,1.35547391421706,0,1.35547391421706,spectral (rect),37.2801889919091,26.3406472741018,10.9395417178074,surface
2019-07-16,1.35547391421706,0,1.35547391421706,"spectral (rect, coh-threshold)",37.2801889919091,26.3406472741018,10.9395417178074,surface
2019-07-17,8.71133471469536,0,8.71133471469536,time domain,37.1176307698607,26.3941667493923,10.7234640204684,surface
2019-07-17,4.41609527574939,3.01866317621371,1.39743209953569,"spectral (trapz, original)",37.1176307698607,26.3941667493923,10.7234640204684,surface
2019-07-17,4.60045686746372,3.20302476792803,1.39743209953569,spectral (rect),37.1176307698607,26.3941667493923,10.7234640204684,surface
2019-07-17,5.18772839331864,3.79029629378296,1.39743209953569,"spectral (rect, coh-threshold)",37.1176307698607,26.3941667493923,10.7234640204684,surface
2019-07-18,4.12514052333751,0,4.12514052333751,time domain,34.2465696545075,26.4477949666665,7.79877468784104,surface
2019-07-18,3.30226601601716,1.89537287101515,1.40689314500202,"spectral (trapz, original)",34.2465696545075,26.4477949666665,7.79877468784104,surface
2019-07-18,3.22393173398174,1.81703858897972,1.40689314500202,spectral (rect),34.2465696545075,26.4477949666665,7.79877468784104,surface
2019-07-18,1.77683395687338,0.369940811871366,1.40689314500202,"spectral (rect, coh-threshold)",34.2465696545075,26.4477949666665,7.79877468784104,surface
2019-07-19,16.1988743027522,0,16.1988743027522,time domain,38.6033878835961,26.5015321468686,12.1018557367275,surface
2019-07-19,2.34269315816257,0.966361727379654,1.37633143078292,"spectral (trapz, original)",38.6033878835961,26.5015321468686,12.1018557367275,surface
2019-07-19,2.54833425783561,1.17200282705269,1.37633143078292,spectral (rect),38.6033878835961,26.5015321468686,12.1018557367275,surface
2019-07-19,2.25143786622554,0.87510643544262,1.37633143078292,"spectral (rect, coh-threshold)",38.6033878835961,26.5015321468686,12.1018557367275,surface
2019-07-20,8.35223964403453,2.78611286217194,5.56612678186258,time domain,34.0896327731155,26.5553785113917,7.53425426172379,surface
2019-07-20,5.77216172425719,4.47343383002025,1.29872789423693,"spectral (trapz, original)",34.0896327731155,26.5553785113917,7.53425426172379,surface
2019-07-20,6.55067458361081,5.25194668937388,1.29872789423693,spectral (rect),34.0896327731155,26.5553785113917,7.53425426172379,surface
2019-07-20,5.51931809727896,4.22059020304202,1.29872789423693,"spectral (rect, coh-threshold)",34.0896327731155,26.5553785113917,7.53425426172379,surface
2019-07-21,16.7481551420944,15.1060546381465,1.64210050394791,time domain,28.5958378205668,26.6093342820788,1.98650353848798,surface
2019-07-21,2.45398633636054,1.23249733574408,1.22148900061646,"spectral (trapz, original)",28.5958378205668,26.6093342820788,1.98650353848798,surface
2019-07-21,2.67388351837147,1.45239451775501,1.22148900061646,spectral (rect),28.5958378205668,26.6093342820788,1.98650353848798,surface
2019-07-21,1.22148900061646,0,1.22148900061646,"spectral (rect, coh-threshold)",28.5958378205668,26.6093342820788,1.98650353848798,surface
2019-07-22,6.30284972654483,0,6.30284972654483,time domain,28.7470304990609,26.6633996812236,2.08363081783733,surface
2019-07-22,1.07192826245768,0,1.07192826245768,"spectral (trapz, original)",28.7470304990609,26.6633996812236,2.08363081783733,surface
2019-07-22,1.07192826245768,0,1.07192826245768,spectral (rect),28.7470304990609,26.6633996812236,2.08363081783733,surface
2019-07-22,1.07192826245768,0,1.07192826245768,"spectral (rect, coh-threshold)",28.7470304990609,26.6633996812236,2.08363081783733,surface
2019-07-23,8.94826847782699,4.41551236299101,4.53275611483598,time domain,29.6049030995254,26.7175749315715,2.88732816795388,surface
2019-07-23,0.884254239256912,0,0.884254239256912,"spectral (trapz, original)",29.6049030995254,26.7175749315715,2.88732816795388,surface
2019-07-23,0.884254239256912,0,0.884254239256912,spectral (rect),29.6049030995254,26.7175749315715,2.88732816795388,surface
2019-07-23,0.884254239256912,0,0.884254239256912,"spectral (rect, coh-threshold)",29.6049030995254,26.7175749315715,2.88732816795388,surface
2019-07-24,7.44552626826308,0.542542588117358,6.90298368014572,time domain,35.2847356128689,26.7718602563205,8.51287535654837,surface
2019-07-24,0.654907318382311,0,0.654907318382311,"spectral (trapz, original)",35.2847356128689,26.7718602563205,8.51287535654837,surface
2019-07-24,0.654907318382311,0,0.654907318382311,spectral (rect),35.2847356128689,26.7718602563205,8.51287535654837,surface
2019-07-24,0.654907318382311,0,0.654907318382311,"spectral (rect, coh-threshold)",35.2847356128689,26.7718602563205,8.51287535654837,surface
2019-07-25,25.9648944316746,32.6048729642861,-6.63997853261158,time domain,20.421753992334,26.826255879122,-6.40450188678807,surface
2019-07-25,0.394266983470847,0,0.394266983470847,"spectral (trapz, original)",20.421753992334,26.826255879122,-6.40450188678807,surface
2019-07-25,0.394266983470847,0,0.394266983470847,spectral (rect),20.421753992334,26.826255879122,-6.40450188678807,surface
2019-07-25,0.394266983470847,0,0.394266983470847,"spectral (rect, coh-threshold)",20.421753992334,26.826255879122,-6.40450188678807,surface
2019-07-26,11.0711684678538,0,11.0711684678538,time domain,33.4750695654125,26.880762024082,6.59430754133052,surface
2019-07-26,0.109547840953682,0.00394501565251363,0.105602825301168,"spectral (trapz, original)",33.4750695654125,26.880762024082,6.59430754133052,surface
2019-07-26,0.109547840953682,0.00394501565251363,0.105602825301168,spectral (rect),33.4750695654125,26.880762024082,6.59430754133052,surface
2019-07-26,0.109547840953682,0.00394501565251363,0.105602825301168,"spectral (rect, coh-threshold)",33.4750695654125,26.880762024082,6.59430754133052,surface
2019-07-27,19.1235012324077,18.3769962051751,0.746505027232594,time domain,31.8201400570769,26.9353789157615,4.88476114131534,surface
2019-07-27,0,0.212979309496476,-0.212979309496476,"spectral (trapz, original)",31.8201400570769,26.9353789157615,4.88476114131534,surface
2019-07-27,0,0.212979309496476,-0.212979309496476,spectral (rect),31.8201400570769,26.9353789157615,4.88476114131534,surface
2019-07-27,0,0.212979309496476,-0.212979309496476,"spectral (rect, coh-threshold)",31.8201400570769,26.9353789157615,4.88476114131534,surface
2019-07-28,20.2139564899765,23.6677373736558,-3.45378088367931,time domain,22.9319843959761,26.9901067791782,-4.05812238320203,surface
2019-07-28,0,0.55209685180647,-0.55209685180647,"spectral (trapz, original)",22.9319843959761,26.9901067791782,-4.05812238320203,surface
2019-07-28,0,0.55209685180647,-0.55209685180647,spectral (rect),22.9319843959761,26.9901067791782,-4.05812238320203,surface
2019-07-28,0,0.55209685180647,-0.55209685180647,"spectral (rect, coh-threshold)",22.9319843959761,26.9901067791782,-4.05812238320203,surface
2019-07-29,19.1809140880206,23.6410435766007,-4.46012948858006,time domain,24.231185893227,27.0449458398066,-2.81375994657961,surface
2019-07-29,0,0.90686928759059,-0.90686928759059,"spectral (trapz, original)",24.231185893227,27.0449458398066,-2.81375994657961,surface
2019-07-29,0,0.90686928759059,-0.90686928759059,spectral (rect),24.231185893227,27.0449458398066,-2.81375994657961,surface
2019-07-29,0,0.90686928759059,-0.90686928759059,"spectral (rect, coh-threshold)",24.231185893227,27.0449458398066,-2.81375994657961,surface
2019-07-30,3.44800940746824,0,3.44800940746824,time domain,27.1028394199808,27.0998963235797,0.00294309640110357,surface
2019-07-30,0.0894880283440589,1.36123832571757,-1.27175029737351,"spectral (trapz, original)",27.1028394199808,27.0998963235797,0.00294309640110357,surface
2019-07-30,0,1.27175029737351,-1.27175029737351,spectral (rect),27.1028394199808,27.0998963235797,0.00294309640110357,surface
2019-07-30,0,1.27175029737351,-1.27175029737351,"spectral (rect, coh-threshold)",27.1028394199808,27.0998963235797,0.00294309640110357,surface
2019-07-31,8.09629973774734,5.03560594741994,3.06069379032741,time domain,27.4676414641482,27.1549584568892,0.312683007258953,surface
2019-07-31,2.40746169422963,4.05002693103047,-1.64256523680084,"spectral (trapz, original)",27.4676414641482,27.1549584568892,0.312683007258953,surface
2019-07-31,2.10949895444439,3.75206419124524,-1.64256523680084,spectral (rect),27.4676414641482,27.1549584568892,0.312683007258953,surface
2019-07-31,0,1.64256523680084,-1.64256523680084,"spectral (rect, coh-threshold)",27.4676414641482,27.1549584568892,0.312683007258953,surface
2019-08-01,9.59134243557963,7.62075020668552,1.97059222889411,time domain,27.8130207305212,27.2101324665871,0.602888263934146,surface
2019-08-01,0,2.01698817290789,-2.01698817290789,"spectral (trapz, original)",27.8130207305212,27.2101324665871,0.602888263934146,surface
2019-08-01,0,2.01698817290789,-2.01698817290789,spectral (rect),27.8130207305212,27.2101324665871,0.602888263934146,surface
2019-08-01,0.968849342111859,2.98583751501975,-2.01698817290789,"spectral (rect, coh-threshold)",27.8130207305212,27.2101324665871,0.602888263934146,surface
2019-08-02,16.5319198940491,20.6819001060567,-4.14998021200757,time domain,25.3708752760049,27.265418579986,-1.89454330398107,surface
2019-08-02,2.12635085190238,4.51488290953354,-2.38853205763116,"spectral (trapz, original)",25.3708752760049,27.265418579986,-1.89454330398107,surface
2019-08-02,3.39723471669792,5.78576677432908,-2.38853205763116,spectral (rect),25.3708752760049,27.265418579986,-1.89454330398107,surface
2019-08-02,1.288590707943,3.67712276557415,-2.38853205763116,"spectral (rect, coh-threshold)",25.3708752760049,27.265418579986,-1.89454330398107,surface
2019-08-03,13.0859333359659,16.4302730365592,-3.34433970059324,time domain,23.050244856302,27.3208170248607,-4.27057216855865,surface
2019-08-03,0,2.75102419005092,-2.75102419005092,"spectral (trapz, original)",23.050244856302,27.3208170248607,-4.27057216855865,surface
2019-08-03,0.827360181164918,3.57838437121584,-2.75102419005092,spectral (rect),23.050244856302,27.3208170248607,-4.27057216855865,surface
2019-08-03,0,2.75102419005092,-2.75102419005092,"spectral (rect, coh-threshold)",23.050244856302,27.3208170248607,-4.27057216855865,surface
2019-08-04,16.9295798054967,24.1731355270526,-7.24355572155585,time domain,23.0863227419253,27.3763280294485,-4.29000528752326,surface
2019-08-04,1.80394610167886,4.90898403092798,-3.10503792924912,"spectral (trapz, original)",23.0863227419253,27.3763280294485,-4.29000528752326,surface
2019-08-04,1.59984332904225,4.70488125829137,-3.10503792924912,spectral (rect),23.0863227419253,27.3763280294485,-4.29000528752326,surface
2019-08-04,0,3.10503792924912,-3.10503792924912,"spectral (rect, coh-threshold)",23.0863227419253,27.3763280294485,-4.29000528752326,surface
2019-08-05,16.4161164446982,25.5559959786431,-9.13987953394491,time domain,18.2036084911348,27.4319518224507,-9.22834333131588,surface
2019-08-05,0.906519405770559,4.35289851152474,-3.44637910575419,"spectral (trapz, original)",18.2036084911348,27.4319518224507,-9.22834333131588,surface
2019-08-05,1.11776369763318,4.56414280338736,-3.44637910575419,spectral (rect),18.2036084911348,27.4319518224507,-9.22834333131588,surface
2019-08-05,0.570945752135227,4.01732485788941,-3.44637910575419,"spectral (rect, coh-threshold)",18.2036084911348,27.4319518224507,-9.22834333131588,surface
2019-08-06,17.6903328712575,26.6748593309695,-8.98452645971197,time domain,18.2916495217222,27.487688633033,-9.19603911131084,surface
2019-08-06,0,3.77210215192595,-3.77210215192595,"spectral (trapz, original)",18.2916495217222,27.487688633033,-9.19603911131084,surface
2019-08-06,0,3.77210215192595,-3.77210215192595,spectral (rect),18.2916495217222,27.487688633033,-9.19603911131084,surface
2019-08-06,0,3.77210215192595,-3.77210215192595,"spectral (rect, coh-threshold)",18.2916495217222,27.487688633033,-9.19603911131084,surface
2019-08-07,14.0439802400146,22.2177381283482,-8.17375788833359,time domain,20.0186494686711,27.543538690827,-7.52488922215594,surface
2019-08-07,0,4.08028874852288,-4.08028874852288,"spectral (trapz, original)",20.0186494686711,27.543538690827,-7.52488922215594,surface
2019-08-07,0,4.08028874852288,-4.08028874852288,spectral (rect),20.0186494686711,27.543538690827,-7.52488922215594,surface
2019-08-07,0,4.08028874852288,-4.08028874852288,"spectral (rect, coh-threshold)",20.0186494686711,27.543538690827,-7.52488922215594,surface
2019-08-08,16.4435538757421,26.9026444330903,-10.4590905573482,time domain,19.1171826565202,27.5995022259307,-8.4823195694105,surface
2019-08-08,0,4.37428793082432,-4.37428793082432,"spectral (trapz, original)",19.1171826565202,27.5995022259307,-8.4823195694105,surface
2019-08-08,0,4.37428793082432,-4.37428793082432,spectral (rect),19.1171826565202,27.5995022259307,-8.4823195694105,surface
2019-08-08,0,4.37428793082432,-4.37428793082432,"spectral (rect, coh-threshold)",19.1171826565202,27.5995022259307,-8.4823195694105,surface
2019-08-09,26.2866283396378,44.5415659406607,-18.2549376010229,time domain,16.8421131891899,27.6555794689096,-10.8134662797197,surface
2019-08-09,0,4.65023613409264,-4.65023613409264,"spectral (trapz, original)",16.8421131891899,27.6555794689096,-10.8134662797197,surface
2019-08-09,0,4.65023613409264,-4.65023613409264,spectral (rect),16.8421131891899,27.6555794689096,-10.8134662797197,surface
2019-08-09,0,4.65023613409264,-4.65023613409264,"spectral (rect, coh-threshold)",16.8421131891899,27.6555794689096,-10.8134662797197,surface
2019-08-10,9.50771721507328,18.8243643791328,-9.31664716405948,time domain,14.967719589277,27.7117706507978,-12.7440510615208,surface
2019-08-10,0,4.90999820049403,-4.90999820049403,"spectral (trapz, original)",14.967719589277,27.7117706507978,-12.7440510615208,surface
2019-08-10,0,4.90999820049403,-4.90999820049403,spectral (rect),14.967719589277,27.7117706507978,-12.7440510615208,surface
2019-08-10,0,4.90999820049403,-4.90999820049403,"spectral (rect, coh-threshold)",14.967719589277,27.7117706507978,-12.7440510615208,surface
2019-08-11,9.22044003041082,18.8089964692816,-9.5885564388708,time domain,16.0946964376733,27.7680760030987,-11.6733795654255,surface
2019-08-11,0,5.14695782975657,-5.14695782975657,"spectral (trapz, original)",16.0946964376733,27.7680760030987,-11.6733795654255,surface
2019-08-11,0,5.14695782975657,-5.14695782975657,spectral (rect),16.0946964376733,27.7680760030987,-11.6733795654255,surface
2019-08-11,0,5.14695782975657,-5.14695782975657,"spectral (rect, coh-threshold)",16.0946964376733,27.7680760030987,-11.6733795654255,surface
2019-08-12,11.3765037920184,22.1528326840444,-10.776328892026,time domain,17.0254576812155,27.8244957577862,-10.7990380765707,surface
2019-08-12,0,5.36233702791266,-5.36233702791266,"spectral (trapz, original)",17.0254576812155,27.8244957577862,-10.7990380765707,surface
2019-08-12,0,5.36233702791266,-5.36233702791266,spectral (rect),17.0254576812155,27.8244957577862,-10.7990380765707,surface
2019-08-12,0,5.36233702791266,-5.36233702791266,"spectral (rect, coh-threshold)",17.0254576812155,27.8244957577862,-10.7990380765707,surface
2019-08-13,16.7110818837244,32.7221048329082,-16.0110229491838,time domain,19.1763183640489,27.8810301473053,-8.70471178325644,surface
2019-08-13,0,5.56283805227421,-5.56283805227421,"spectral (trapz, original)",19.1763183640489,27.8810301473053,-8.70471178325644,surface
2019-08-13,0,5.56283805227421,-5.56283805227421,spectral (rect),19.1763183640489,27.8810301473053,-8.70471178325644,surface
2019-08-13,0,5.56283805227421,-5.56283805227421,"spectral (rect, coh-threshold)",19.1763183640489,27.8810301473053,-8.70471178325644,surface
2019-08-14,2.15038196695446,5.49630588334109,-3.34592391638663,time domain,17.7838354833216,27.9376794045736,-10.1538439212519,surface
2019-08-14,0,5.74889639355778,-5.74889639355778,"spectral (trapz, original)",17.7838354833216,27.9376794045736,-10.1538439212519,surface
2019-08-14,0,5.74889639355778,-5.74889639355778,spectral (rect),17.7838354833216,27.9376794045736,-10.1538439212519,surface
2019-08-14,0,5.74889639355778,-5.74889639355778,"spectral (rect, coh-threshold)",17.7838354833216,27.9376794045736,-10.1538439212519,surface
2019-08-15,15.3426422325611,28.1000078917244,-12.7573656591633,time domain,21.894172955273,27.9944437629817,-6.10027080770868,surface
2019-08-15,0,5.92126782807191,-5.92126782807191,"spectral (trapz, original)",21.894172955273,27.9944437629817,-6.10027080770868,surface
2019-08-15,0,5.92126782807191,-5.92126782807191,spectral (rect),21.894172955273,27.9944437629817,-6.10027080770868,surface
2019-08-15,0,5.92126782807191,-5.92126782807191,"spectral (rect, coh-threshold)",21.894172955273,27.9944437629817,-6.10027080770868,surface
2019-08-16,2.03373642807255,7.69786754083278,-5.66413111276023,time domain,16.0435844401773,28.0513234563945,-12.0077390162172,surface
2019-08-16,0,6.07499516939489,-6.07499516939489,"spectral (trapz, original)",16.0435844401773,28.0513234563945,-12.0077390162172,surface
2019-08-16,0,6.07499516939489,-6.07499516939489,spectral (rect),16.0435844401773,28.0513234563945,-12.0077390162172,surface
2019-08-16,0,6.07499516939489,-6.07499516939489,"spectral (rect, coh-threshold)",16.0435844401773,28.0513234563945,-12.0077390162172,surface
2019-08-17,14.5604265283311,26.6533129796126,-12.0928864512816,time domain,21.5998726457454,28.108318719152,-6.50844607340663,surface
2019-08-17,0,6.21597596557838,-6.21597596557838,"spectral (trapz, original)",21.5998726457454,28.108318719152,-6.50844607340663,surface
2019-08-17,0,6.21597596557838,-6.21597596557838,spectral (rect),21.5998726457454,28.108318719152,-6.50844607340663,surface
2019-08-17,0,6.21597596557838,-6.21597596557838,"spectral (rect, coh-threshold)",21.5998726457454,28.108318719152,-6.50844607340663,surface
2019-08-18,1.2796639166694,0.535246925517402,0.744416991152,time domain,23.7119576939692,28.1654297860705,-4.4534720921013,surface
2019-08-18,0,6.34553928846986,-6.34553928846986,"spectral (trapz, original)",23.7119576939692,28.1654297860705,-4.4534720921013,surface
2019-08-18,0,6.34553928846986,-6.34553928846986,spectral (rect),23.7119576939692,28.1654297860705,-4.4534720921013,surface
2019-08-18,0,6.34553928846986,-6.34553928846986,"spectral (rect, coh-threshold)",23.7119576939692,28.1654297860705,-4.4534720921013,surface
2019-08-19,10.6478839603962,21.0931030209732,-10.445219060577,time domain,16.7980071747208,28.2226568924433,-11.4246497177225,surface
2019-08-19,0,6.46228110121755,-6.46228110121755,"spectral (trapz, original)",16.7980071747208,28.2226568924433,-11.4246497177225,surface
2019-08-19,0,6.46228110121755,-6.46228110121755,spectral (rect),16.7980071747208,28.2226568924433,-11.4246497177225,surface
2019-08-19,0,6.46228110121755,-6.46228110121755,"spectral (rect, coh-threshold)",16.7980071747208,28.2226568924433,-11.4246497177225,surface
