time,DO,T,I0,wind,zmix,gpp_true,r_true,DO_bio,zeta,z_sensor
2019-06-01T00:00:00Z,296.229674443633,13.3930385090625,0,3.27538471137481,5,0,0.166585555954128,300,0.611927454831224,10
2019-06-01T01:00:00Z,292.352194949798,13.1629991477908,0,2.81378939088442,5,0,0.166599645241872,299.833414444046,0.84224719175556,10
2019-06-01T02:00:00Z,289.767881627425,12.5219518977502,0,2.22998604467785,5,0,0.166613735721245,299.666814798804,1.47407897474291,10
2019-06-01T03:00:00Z,293.086369159139,13.1854891285061,0,1.74424776575879,5,0,0.166627827392346,299.500201063083,0.817423243846038,10
2019-06-01T04:00:00Z,306.448225903596,14.4619619294863,36.2109566472874,1.73353487797034,5,0.0360415306742295,0.166641920255277,299.333573235691,-0.45829814148636,10
2019-06-01T05:00:00Z,307.137759119788,14.6570569328711,196.337090252577,2.21280640252826,5,0.193124935854875,0.166656014310139,299.20297284611,-0.639610894316316,10
2019-06-01T06:00:00Z,313.242685261076,15.3589033561163,348.485651277706,2.66155185473929,5,0.334198013440795,0.166670109557031,299.229441767654,-1.34901114639048,10
2019-06-01T07:00:00Z,305.692997026007,14.3645353106962,486.474536346366,2.46376327095827,5,0.451170361203895,0.166684205996056,299.396969671538,-0.352879288537637,10
2019-06-01T08:00:00Z,301.896535753274,14.3121724358598,604.696978319073,2.6677235598768,5,0.541371973128799,0.166698303627314,299.681455826746,-0.278736421675637,10
2019-06-01T09:00:00Z,296.787514515806,13.5507346513334,698.349360567769,2.46862669114454,5,0.605906002270181,0.166712402450906,300.056129496247,0.464678329790504,10
2019-06-01T10:00:00Z,294.287788048238,13.2791990303911,763.626397622795,1.9846951353144,5,0.647402973741142,0.166726502466932,300.495323096067,0.736925780387571,10
2019-06-01T11:00:00Z,305.241293671223,14.0258010122849,797.875751608232,2.46979798375535,5,0.668323217325621,0.166740603675494,300.975999567341,-0.00673418603015369,10
2019-06-01T12:00:00Z,302.562948977633,13.6019830444925,799.705802087561,2.94560710543867,5,0.670031052782239,0.166754706076692,301.477582180991,0.428497377890862,10
2019-06-01T13:00:00Z,302.254397306036,13.7666936460736,769.042190413082,3.9778317032986,5,0.652436993560392,0.166768809670627,301.980858527697,0.259171236932443,10
2019-06-01T14:00:00Z,305.254137723462,13.9868013593041,707.130841067981,4.24699135521628,5,0.614018949973704,0.1667829144574,302.466526711586,0.0340830024819648,10
2019-06-01T15:00:00Z,305.770523931253,13.6715974646608,616.487337237793,3.85590846999479,5,0.552221509452307,0.166797020437112,302.913762747103,0.341043005296492,10
2019-06-01T16:00:00Z,295.519235808179,12.8292921544975,500.794707584067,4.30634471734849,5,0.464406768787894,0.166811127609864,303.299187236118,1.19427836600664,10
2019-06-01T17:00:00Z,291.262861302098,12.3090493126102,364.753777350086,3.92772269131842,5,0.349513642510591,0.166825235975757,303.596782877296,1.71361577418853,10
2019-06-01T18:00:00Z,304.38459046154,13.8370846446835,213.892164335513,3.66474755362999,5,0.210154255805487,0.166839345534891,303.779471283831,0.167052441878747,10
2019-06-01T19:00:00Z,303.293001760794,13.7133722002534,54.3396806193364,3.60465171320092,5,0.0540614991246103,0.166853456287368,303.822786194102,0.294967489282635,10
2019-06-01T20:00:00Z,309.60069328968,14.2897059858055,0,3.45524967549036,5,0,0.166867568233289,303.709994236939,-0.282649814449696,10
2019-06-01T21:00:00Z,309.737527542882,14.5867444729521,0,2.81753527424196,5,0,0.166881681372754,303.543126668706,-0.54634932386756,10
2019-06-01T22:00:00Z,304.333969772872,14.3507336139024,0,3.13583463297094,5,0,0.166895795705864,303.376244987333,-0.31705023498475,10
2019-06-01T23:00:00Z,294.371226988209,13.2350128020631,0,3.03619969029975,5,0,0.166909911232721,303.209349191627,0.77023264406486,10
2019-06-02T00:00:00Z,293.728084024693,13.2032052496438,0,2.34680212775552,5,0,0.166924027953425,303.042439280395,0.83146506621711,10
2019-06-02T01:00:00Z,279.338992132086,11.927416981821,0,1.66250493038454,5,0,0.166938145868078,302.875515252441,2.10447133756047,10
2019-06-02T02:00:00Z,277.623343694048,11.6268814381843,0,0.813865884919791,5,0,0.166952264976779,302.708577106573,2.40305595739746,10
2019-06-02T03:00:00Z,276.1410108314,11.4165187374632,0,0.665402407810286,5,0,0.166966385279631,302.541624841596,2.60978604215431,10
2019-06-02T04:00:00Z,277.634409154203,11.6874614438139,38.7474278730617,0.769732417069934,5,0.0385663441938419,0.166980506776734,302.374658456317,2.33484830342067,10
2019-06-02T05:00:00Z,285.860790162889,12.1710021299407,201.014177146152,0.5,5,0.197955575420474,0.16699462946819,302.246244293734,1.87387415013866,10
2019-06-02T06:00:00Z,299.338671028415,13.3558833271171,355.139258372304,0.641899729226282,5,0.341877641798528,0.167008753354099,302.277205239686,0.675847326163922,10
2019-06-02T07:00:00Z,298.098041162582,13.4442532675478,494.880150417609,0.5,5,0.462295075636233,0.167022878434562,302.45207412813,0.593174058969312,10
2019-06-02T08:00:00Z,293.843091426046,12.7260284103403,614.576934306359,0.587321146615535,5,0.556129911986582,0.16703700470968,302.747346325332,1.31983987066558,10
2019-06-02T09:00:00Z,294.363516910568,12.9070019659711,709.381536661124,1.1942749831082,5,0.623918940972786,0.167051132179555,303.136439232609,1.1395980367989,10
2019-06-02T10:00:00Z,296.804725454784,13.0976928896621,775.454090997595,1.07438405393724,5,0.667817686092165,0.167065260844287,303.593307041402,0.940873010968253,10
2019-06-02T11:00:00Z,299.621160178039,13.0791079018375,810.11846366163,1.42441793259201,5,0.689991912688506,0.167079390703978,304.09405946665,0.959236003990435,10
2019-06-02T12:00:00Z,304.052654150558,13.3193245040375,811.970645148561,2.01241486404524,5,0.691680093995219,0.167093521758728,304.616971988635,0.728270005114828,10
2019-06-02T13:00:00Z,305.976835836183,13.7177714859871,780.935616636118,2.2258027042472,5,0.672806519189163,0.167107654008639,305.141558560871,0.316695726402796,10
2019-06-02T14:00:00Z,309.034915064792,14.5459020121301,718.270388468362,2.70309375510008,5,0.631998890314624,0.167121787453811,305.647257426052,-0.495340627344651,10
2019-06-02T15:00:00Z,313.525740068655,14.8622733412159,626.513087523062,3.27134710864694,5,0.567007364377613,0.167135922094346,306.112134528913,-0.811788528924686,10
2019-06-02T16:00:00Z,298.593079887686,13.1733033878438,509.380155574553,4.12762386993328,5,0.475655202674086,0.167150057930346,306.512005971197,0.879202392827868,10
2019-06-02T17:00:00Z,294.512847912839,12.2650434181401,371.615822422089,4.78890298307263,5,0.357405587734817,0.16716419496191,306.82051111594,1.78342734136834,10
2019-06-02T18:00:00Z,292.443894493111,11.8410205326987,218.799950566709,4.79721079049396,5,0.215234425836746,0.16717833318914,307.010752508713,2.19423210995872,10
2019-06-02T19:00:00Z,293.850557512427,12.1250578938213,57.1220342949038,5.14536156339934,5,0.056831528134366,0.167192472612138,307.058808601361,1.90862505674012,10
2019-06-02T20:00:00Z,307.961891928448,13.4719020487751,0,5.78271224273479,5,0,0.167206613231004,306.948447656883,0.570179867920173,10
2019-06-02T21:00:00Z,306.624015438001,13.7526885331173,0,5.36737306221129,5,0,0.167220755045839,306.781241043652,0.30721984916756,10
2019-06-02T22:00:00Z,312.627693786008,14.174826906599,0,5.73882537913983,5,0,0.167234898056745,306.614020288606,-0.118848939138035,10
2019-06-02T23:00:00Z,314.491354202568,14.0373050253061,0,4.82199783141932,5,0,0.167249042263823,306.44678539055,0.0141040337931491,10
2019-06-03T00:00:00Z,303.191354680053,12.8731335567338,0,4.06893231491843,5,0,0.167263187667174,306.279536348285,1.17904672269635,10
2019-06-03T01:00:00Z,294.123608292073,11.8670915434573,0,3.73100795993429,5,0,0.1672773342669,306.112273160618,2.19967412689088,10
2019-06-03T02:00:00Z,283.948817509954,10.9655218816387,0,2.59561316375565,5,0,0.1672914820631,305.944995826351,3.08086970851705,10
2019-06-03T03:00:00Z,289.647690370182,11.8696701284068,0,2.36119323589325,5,0,0.167305631055877,305.777704344288,2.20156163592413,10
2019-06-03T04:00:00Z,293.773106147404,12.473943551966,22.7075837713303,1.11884355860976,5,0.022608051102318,0.167319781245332,305.610398713233,1.59554940814634,10
2019-06-03T05:00:00Z,297.283061725788,12.649564855782,113.223205675583,0.563239371273883,5,0.112393369865703,0.167333932631566,305.465686983089,1.40798451901358,10
2019-06-03T06:00:00Z,304.603652820882,13.937253146195,199.166837392371,0.5,5,0.196450586173648,0.16734808521468,305.410746420324,0.12926937449147,10
2019-06-03T07:00:00Z,307.419137925312,14.3945198811457,277.068046879607,0.5,5,0.270936829245895,0.167362238994775,305.439848921283,-0.316838879008569,10
2019-06-03T08:00:00Z,309.798922282598,14.5004401045274,343.781157743109,0.5,5,0.333014429752773,0.167376393971954,305.543423511534,-0.416930953574776,10
2019-06-03T09:00:00Z,307.558115968243,14.6915523447769,396.612272681319,0.650148183802207,5,0.380861017094866,0.167390550146316,305.709061547315,-0.605412640833853,10
2019-06-03T10:00:00Z,305.815341024689,14.2623689058032,433.42805394206,0.53559900666235,5,0.413468832812111,0.167404707517963,305.922532014263,-0.186158233674756,10
2019-06-03T11:00:00Z,306.492818760268,14.0465296689338,452.741868200796,0.716421569934224,5,0.43036278666887,0.167418866086996,306.168596139557,0.025075598631054,10
2019-06-03T12:00:00Z,305.74454643334,13.9233786975702,453.773817301962,0.756200812539721,5,0.431354102503441,0.167433025853518,306.431540060139,0.156176248329144,10
2019-06-03T13:00:00Z,306.921590712418,13.8994799059324,436.482230802329,1.65688603436781,5,0.416403540824246,0.167447186817628,306.695461136789,0.174188982964991,10
2019-06-03T14:00:00Z,313.990803147679,14.6935822228283,401.565348637167,1.53113492763192,5,0.385625860977643,0.167461348979429,306.944417490795,-0.626111460349352,10
2019-06-03T15:00:00Z,302.868013879845,13.2045293772247,350.433125962607,2.29168976777196,5,0.339433198944823,0.167475512339021,307.162582002794,0.882662057603328,10
2019-06-03T16:00:00Z,300.355675392672,12.8690074497892,285.150298703908,3.09939408115717,5,0.278781526162472,0.167489676896506,307.3345396894,1.21793913796979,10
2019-06-03T17:00:00Z,294.633922162328,12.0765949759386,208.353008841469,3.25298015787247,5,0.205444267006368,0.167503842651985,307.445831538665,2.0172650615379,10
2019-06-03T18:00:00Z,293.268923785068,12.0290717374828,123.142356132889,2.93964172313954,5,0.1221994635372,0.167518009605559,307.48377196302,2.0700938554106,10
2019-06-03T19:00:00Z,293.821230345704,12.3726501812909,32.9591746874506,3.41278635809139,5,0.0328107987013376,0.167532177757331,307.438453416951,1.72581839809001,10
2019-06-03T20:00:00Z,297.251152612713,12.9480514102795,0,3.05069170801492,5,0,0.167546347107401,307.303732037896,1.14484174677138,10
2019-06-03T21:00:00Z,304.682618166052,13.6020186669768,0,2.6372409489636,5,0,0.16756051765587,307.136185690788,0.483866790311318,10
2019-06-03T22:00:00Z,306.362733537806,13.9992978773556,0,2.22708573342646,5,0,0.16757468940284,306.968625173132,0.0872892898780178,10
2019-06-03T23:00:00Z,302.765126397603,13.8077935665384,0,1.63871762962173,5,0,0.167588862348412,306.801050483729,0.276827804071225,10
2019-06-04T00:00:00Z,301.74747617038,13.6254923747309,0,2.0994092445797,5,0,0.167603036492688,306.633461621381,0.456697013285946,10
2019-06-04T01:00:00Z,302.351215873606,13.4647946724253,0,2.04418795802413,5,0,0.167617211835769,306.465858584888,0.622554399720626,10
2019-06-04T02:00:00Z,306.257993069822,14.3467491773821,0,1.84417128325719,5,0,0.167631388377756,306.298241373052,-0.248110801161989,10
2019-06-04T03:00:00Z,308.568131706753,14.8928123208108,0,1.26024857678894,5,0,0.167645566118751,306.130609984674,-0.795215550607457,10
2019-06-04T04:00:00Z,313.526454171255,15.8185392515549,39.3559193618588,1.41234341370139,5,0.0391752454109914,0.167659745058855,305.962964418555,-1.73559581805306,10
2019-06-04T05:00:00Z,309.291905227711,14.8325073777754,189.356379967409,0.728547039519295,5,0.18711346206135,0.16767392519817,305.834479918908,-0.724278865575249,10
2019-06-04T06:00:00Z,318.556268491729,15.9491628609466,331.732566141832,0.5,5,0.322773151757037,0.167688106536797,305.85391945577,-1.83875144828001,10
2019-06-04T07:00:00Z,315.996661047569,15.5905117052443,460.751821208665,0.890793812796207,5,0.439156285531823,0.167702289074838,306.009004500991,-1.47693098921912,10
2019-06-04T08:00:00Z,318.100179520491,15.8016377145988,571.219294021628,0.514513209685397,5,0.53253043068397,0.167716472812393,306.280458497448,-1.71387366695692,10
2019-06-04T09:00:00Z,319.22351590877,15.9463349269224,658.687105250836,0.666774105236749,5,0.601875033164011,0.167730657749565,306.645272455319,-1.84921667326606,10
2019-06-04T10:00:00Z,313.135112925278,15.3967607998143,719.633437480808,0.569696850027397,5,0.647733308189417,0.167744843886454,307.079416830734,-1.29835660847647,10
2019-06-04T11:00:00Z,320.333486874408,15.9641761102614,751.604338209008,0.728186056502619,5,0.671093198657483,0.167759031223163,307.559405295037,-1.86493775744402,10
2019-06-04T12:00:00Z,324.764379984339,16.2087882218626,753.312526167154,1.09630051586728,5,0.672611484567925,0.167773219759793,308.062739462471,-2.10943521137984,10
2019-06-04T13:00:00Z,326.274092379876,16.7016867330181,724.689222612353,1.44647847629046,5,0.652241808938221,0.167787409496444,308.567577727279,-2.60103683636311,10
2019-06-04T14:00:00Z,330.139718442955,16.9778478771451,666.886920644994,2.30213324846766,5,0.609241687396154,0.16780160043322,309.052032126721,-2.88005345781503,10
2019-06-04T15:00:00Z,334.538740001148,17.6597627448837,582.232981049151,2.98287017021565,5,0.542554152130525,0.167815792570221,309.493472213684,-3.55664098034539,10
2019-06-04T16:00:00Z,332.118945223768,17.5234872419933,474.135923079709,3.69502095081457,5,0.451578408588204,0.167829985907549,309.868210573244,-3.41680760642626,10
2019-06-04T17:00:00Z,331.703595191969,16.5749640500785,346.948183318413,4.343137540505,5,0.337257931873314,0.167844180445305,310.151958995925,-2.46177754898098,10
2019-06-04T18:00:00Z,325.769062348774,15.768193482631,205.790868497349,5.10191184410456,5,0.203175732112972,0.16785837618359,310.321372747353,-1.64963705406824,10
2019-06-04T19:00:00Z,325.494045401238,16.0759794582878,56.3475584691852,5.27548807729633,5,0.0560717150309602,0.167872573122507,310.356690103283,-1.95265072229353,10
2019-06-04T20:00:00Z,327.073288329403,16.3744858899786,0,5.52611701175422,5,0,0.167886771262157,310.244889245191,-2.26749407436848,10
2019-06-04T21:00:00Z,326.497164287854,16.0699783736401,0,5.24355242174038,5,0,0.167900970602642,310.077002473929,-1.95330288708402,10
2019-06-04T22:00:00Z,322.564733798399,15.3952498314034,0,4.96889642569882,5,0,0.167915171144062,309.909101503326,-1.25439282278326,10
2019-06-04T23:00:00Z,326.932980262919,15.8621992710571,0,4.89213169078664,5,0,0.16792937288652,309.741186332182,-1.7480679456153,10
2019-06-05T00:00:00Z,321.70553337493,15.4855013323126,0,4.3734477596509,5,0,0.167943575830118,309.573256959296,-1.35809703325219,10
2019-06-05T01:00:00Z,311.341176210056,14.3139809117975,0,3.80613173658005,5,0,0.167957779974955,309.405313383465,-0.199714358404368,10
2019-06-05T02:00:00Z,314.222155128004,14.4781521388197,0,3.50627586748803,5,0,0.167971985321136,309.23735560349,-0.34499844980511,10
2019-06-05T03:00:00Z,313.877822548738,14.7041009355292,0,3.75028765102545,5,0,0.16798619186876,309.069383618169,-0.574895767315851,10
2019-06-05T04:00:00Z,318.29738001477,15.1696798447435,35.2835010970531,2.76475766722286,5,0.0351247478933732,0.16800039961793,308.9013974263,-1.05386193794592,10
2019-06-05T05:00:00Z,323.555005829861,16.1043474169525,164.39154888131,2.25684861081477,5,0.162840897612621,0.168014608568747,308.768521774576,-1.96784550351578,10
2019-06-05T06:00:00Z,322.62406109279,16.4337655132639,286.898545292366,2.20027087877783,5,0.28122968220375,0.168028818721313,308.76334806362,-2.29500812923488,10
2019-06-05T07:00:00Z,322.703531699239,16.1163374788353,397.885289906663,2.20526693670788,5,0.384573641356602,0.168043030075729,308.876548927102,-1.97875947498536,10
2019-06-05T08:00:00Z,320.595706792292,15.7255895355796,492.895171615364,1.571323531672,5,0.469198307597251,0.168057242632098,309.093079538383,-1.62327032168811,10
2019-06-05T09:00:00Z,311.467674454435,14.4768227300938,568.113121369063,1.35087089745327,5,0.533302055120761,0.16807145639052,309.394220603348,-0.344134464305205,10
2019-06-05T10:00:00Z,313.932697679411,14.4510117496417,620.518804157294,1.07629797135338,5,0.576366017931235,0.168085671351098,309.759451202078,-0.303312918390155,10
2019-06-05T11:00:00Z,315.875366292599,14.6959316416406,648.007898883948,1.3591712314927,5,0.598477752082582,0.168099887513932,310.167731548659,-0.563894802420828,10
2019-06-05T12:00:00Z,314.978620855744,14.5258422383659,649.476596212547,2.28151368970373,5,0.59980177802223,0.168114104879126,310.598109413227,-0.39742368835903,10
2019-06-05T13:00:00Z,322.465608556331,15.4474288407868,624.865921417298,2.66262102956449,5,0.580301857250274,0.16812832344678,311.02979708637,-1.31272178680764,10
2019-06-05T14:00:00Z,325.869814022214,15.4696528132548,575.164102480467,2.96908926613934,5,0.539742921741651,0.168142543216996,311.441970620174,-1.35598320641813,10
2019-06-05T15:00:00Z,328.54210141404,16.0920783390862,502.366888346428,4.31293443874436,5,0.477969991618148,0.168156764189876,311.813570998698,-1.96471130999899,10
2019-06-05T16:00:00Z,317.784567316474,14.8246723021673,409.39741073086,4.36676090987516,5,0.395431231077016,0.168170986365522,312.123384226127,-0.685544857495385,10
2019-06-05T17:00:00Z,314.294007535982,14.4949359304027,299.988807389666,4.67672734252868,5,0.293838301206407,0.168185209744035,312.350644470838,-0.34533266319622,10
2019-06-05T18:00:00Z,311.744079912662,14.5344037376377,178.534320045064,4.71507428059986,5,0.176737402672634,0.168199434325518,312.4762975623,-0.389782628955798,10
2019-06-05T19:00:00Z,315.918174491851,15.4059216688336,49.9108862034129,4.4233496665469,5,0.0496756201116674,0.168213660110071,312.484835530647,-1.25575820581959,10
2019-06-05T20:00:00Z,321.776703402772,15.7635717307643,0,4.68854337062195,5,0,0.168227887097796,312.366297490649,-1.62889274044213,10
2019-06-05T21:00:00Z,327.08272311122,16.6622884993835,0,4.36289325175337,5,0,0.168242115288796,312.198069603551,-2.50118079284596,10
2019-06-05T22:00:00Z,330.678344007669,17.1025738543183,0,4.53408022745542,5,0,0.168256344683172,312.029827488262,-2.94316909184553,10
2019-06-05T23:00:00Z,324.320941154329,16.0856173349356,0,4.07471460827899,5,0,0.168270575281026,311.861571143579,-1.93069506762085,10
2019-06-06T00:00:00Z,323.687452628737,15.7191238929216,0,3.67247088212404,5,0,0.16828480708246,311.693300568298,-1.57085327616625,10
2019-06-06T01:00:00Z,325.435232707204,15.8687449849007,0,2.94735859894235,5,0,0.168299040087575,311.525015761216,-1.70887918049315,10
2019-06-06T02:00:00Z,320.926809909966,15.4632383229509,0,2.428772767521,5,0,0.168313274296473,311.356716721128,-1.31693918219635,10
2019-06-06T03:00:00Z,325.00384954678,15.7565660726204,0,2.22569826849231,5,0,0.168327509709256,311.188403446832,-1.61159820309304,10
2019-06-06T04:00:00Z,325.1749817678,15.7266125047014,32.7587288904715,1.04679889073373,5,0.0326129926515018,0.168341746326027,311.020075937122,-1.59389845617017,10
2019-06-06T05:00:00Z,323.817225005033,15.2585558822396,148.267707251759,0.5,5,0.147063218446588,0.168355984146886,310.884347183448,-1.10037324998696,10
2019-06-06T06:00:00Z,325.013017078162,15.9357540589063,257.838384074801,0.5,5,0.253764302018288,0.168370223171935,310.863054417748,-1.80138062607567,10
2019-06-06T07:00:00Z,322.586316307705,15.330771603967,357.082320833194,0.5,5,0.347780813427535,0.168384463401277,310.948448496594,-1.1722649418884,10
2019-06-06T08:00:00Z,315.306967729908,14.6296379876145,442.024677467442,0.5,5,0.425631228330252,0.168398704835014,311.12784484662,-0.465224581722118,10
2019-06-06T09:00:00Z,305.238025090039,13.434401305204,509.263409551196,0.5,5,0.485252540770123,0.168412947473246,311.385077370115,0.734744462333657,10
2019-06-06T10:00:00Z,304.933337209114,13.2374518872527,556.105524297532,0.5,5,0.525659569478058,0.168427191316076,311.701916963413,0.935266309014102,10
2019-06-06T11:00:00Z,304.192289986068,12.8420112256366,580.674938186925,0.5,5,0.546503012058968,0.168441436363607,312.059149341574,1.32789138595875,10
2019-06-06T12:00:00Z,312.940021211004,14.337022479539,581.987616388071,0.5,5,0.547696197310307,0.168455682615939,312.43721091727,-0.180618258100694,10
2019-06-06T13:00:00Z,307.751087864302,13.8059075511879,559.990984546612,0.821243709404488,5,0.529208738765135,0.168469930073174,312.816451431964,0.369249938575834,10
2019-06-06T14:00:00Z,307.002975059618,13.5416391984684,515.566034451801,1.46916726421558,5,0.491065743881452,0.168484178735416,313.177190240656,0.626493549006494,10
2019-06-06T15:00:00Z,305.808783365605,13.4773643942068,450.492039246621,2.161221114794,5,0.433551391275848,0.168498428602764,313.499771805802,0.672738995237571,10
2019-06-06T16:00:00Z,311.077856165106,13.8951922386848,367.375291379976,1.78879950245206,5,0.357576553873462,0.168512679675323,313.764824768475,0.273676392805985,10
2019-06-06T17:00:00Z,303.600244754122,12.9951209931837,269.544717432437,2.56005071994017,5,0.265113082817569,0.168526931953192,313.953888642673,1.15829514305759,10
2019-06-06T18:00:00Z,298.409421105057,12.6027138316537,160.918550568381,3.39691703361801,5,0.159529935817995,0.168541185436475,314.050474793538,1.5592512639391,10
2019-06-06T19:00:00Z,306.177479703817,13.0256046063128,45.8474005445738,3.22380155415544,5,0.0456358554778802,0.168555440125273,314.041463543919,1.14195184691413,10
2019-06-06T20:00:00Z,312.952692217253,13.7196331211339,0,2.48065460515563,5,0,0.168569696019689,313.918543959272,0.449497493100931,10
2019-06-06T21:00:00Z,319.794149903068,14.8784050859682,0,1.7716164058771,5,0,0.168583953119823,313.749974263252,-0.692885328648809,10
2019-06-06T22:00:00Z,318.610271319081,15.0581351662028,0,0.876528648758013,5,0,0.168598211425779,313.581390310132,-0.881289224656128,10
2019-06-06T23:00:00Z,315.582678008327,14.7585066426934,0,0.870439567089824,5,0,0.168612470937658,313.412792098706,-0.589127760281104,10
2019-06-07T00:00:00Z,318.133056423528,14.405842113718,0,0.928087242918915,5,0,0.168626731655561,313.244179627769,-0.232180708055629,10
2019-06-07T01:00:00Z,318.00119344139,14.6002367332522,0,1.28536451339386,5,0,0.168640993579592,313.075552896113,-0.424738976112358,10
2019-06-07T02:00:00Z,310.175035993575,13.8627992111665,0,1.1099242936621,5,0,0.168655256709853,312.906911902533,0.321582999251112,10
2019-06-07T03:00:00Z,306.706193929842,13.7385278390683,0,1.19198204783784,5,0,0.168669521046444,312.738256645823,0.450618720676296,10
2019-06-07T04:00:00Z,312.496637236887,14.7987922140851,40.7874553774986,0.665023122446087,5,0.0406025610152277,0.168683786589468,312.569587124777,-0.61800105478165,10
2019-06-07T05:00:00Z,322.555246626075,16.2539610319951,179.845374980512,0.5,5,0.178128006708555,0.168698053339028,312.441505899203,-2.07110569759484,10
2019-06-07T06:00:00Z,324.745870739127,16.1803835847391,311.717667763594,0.5,5,0.305510739095454,0.168712321295225,312.450935852572,-1.98770278085545,10
2019-06-07T07:00:00Z,323.906948774634,15.8568595919011,431.135446028461,0.5,5,0.41663904899446,0.168726590458162,312.587734270372,-1.67680346811119,10
2019-06-07T08:00:00Z,317.586165041305,14.7922417696359,533.327435616021,0.5,5,0.507587847443847,0.168740860827939,312.835646728909,-0.603848478777486,10
2019-06-07T09:00:00Z,318.597939037722,14.6571484567753,614.210609641417,0.5,5,0.57643861356547,0.16875513240466,313.174493715525,-0.467324624641375,10
2019-06-07T10:00:00Z,320.40534765683,14.6907787266936,670.55332367331,0.5,5,0.622650666363515,0.168769405188427,313.582177196686,-0.505930836372054,10
2019-06-07T11:00:00Z,316.131759957329,14.1077155663399,700.104434377603,0.5,5,0.646337616419889,0.168783679179341,314.036058457861,0.0794364279469202,10
2019-06-07T12:00:00Z,317.231211133943,14.4497627912377,701.683242758515,0.5,5,0.647697836290489,0.168797954377505,314.513612395102,-0.257836845641876,10
2019-06-07T13:00:00Z,320.773201899445,14.7557036644845,675.226668362368,0.894441842060935,5,0.626711899497396,0.168812230783021,314.992512277015,-0.568272938986574,10
2019-06-07T14:00:00Z,315.867677877747,14.0252924285212,621.79176962375,1.20578743890338,5,0.583137891186161,0.168826508395991,315.450411945729,0.171254119891312,10
2019-06-07T15:00:00Z,314.172145079708,13.8128223497455,543.513509654934,1.06293776291564,5,0.516803214023569,0.168840787216517,315.864723328519,0.37316795652376,10
2019-06-07T16:00:00Z,316.4878603089,14.4993623863198,443.519454924118,1.62915237469164,5,0.428160594007031,0.168855067244701,316.212685755326,-0.295606536480176,10
2019-06-07T17:00:00Z,312.211275366906,13.709180538135,325.804814991656,1.30362638219919,5,0.31899839845413,0.168869348480645,316.471991282089,0.487377158139075,10
2019-06-07T18:00:00Z,309.623898537919,12.887960762042,195.07281602552,1.54091851662019,5,0.193066405856883,0.168883630924452,316.622120332062,1.32252856999424,10
2019-06-07T19:00:00Z,304.261281573847,12.1645727821786,56.5467858877499,1.77178322718581,5,0.056277209444803,0.168897914576223,316.646303106994,2.04344009981399,10
2019-06-07T20:00:00Z,317.614084656103,13.9425059307835,0,3.03418809374885,5,0,0.168912199436062,316.533682401862,0.257372749084573,10
2019-06-07T21:00:00Z,329.062084206705,15.4894901086606,0,3.21453019212932,5,0,0.168926485504069,316.364770202426,-1.28671526403032,10
2019-06-07T22:00:00Z,332.827098357043,16.2678281019262,0,2.53178768572838,5,0,0.168940772780347,316.195843716922,-2.05423417446236,10
2019-06-07T23:00:00Z,334.759857736026,16.5797495907726,0,2.48686843483651,5,0,0.168955061264999,316.026902944142,-2.36364494759223,10
2019-06-08T00:00:00Z,330.040577671877,16.1451355332747,0,2.1676819599461,5,0,0.168969350958126,315.857947882877,-1.93036844766794,10
2019-06-08T01:00:00Z,322.143312027128,15.3771196248988,0,1.94273589762395,5,0,0.168983641859832,315.688978531919,-1.162586767231,10
2019-06-08T02:00:00Z,324.294391517836,15.5592031838661,0,0.917836722965709,5,0,0.168997933970217,315.519994890059,-1.36451585861865,10
2019-06-08T03:00:00Z,317.139773202501,14.3742103357122,0,1.32897905321427,5,0,0.169012227289384,315.350996956088,-0.159266371498759,10
2019-06-08T04:00:00Z,317.827343281214,14.7765147733883,22.1694073555417,1.26940244563742,5,0.0220732937157762,0.169026521817436,315.181984728799,-0.575697727108437,10
2019-06-08T05:00:00Z,324.534341371891,15.3172295131068,95.4795182860654,0.862917107973808,5,0.0949374000498041,0.169040817554474,315.035031500697,-1.10021916933023,10
2019-06-08T06:00:00Z,324.95267451698,15.0981097604704,164.983411713921,0.5,5,0.163585373806002,0.169055114500601,314.960928083192,-0.887218092892532,10
2019-06-08T07:00:00Z,320.810862694466,14.6506599179623,227.910368427099,0.5,5,0.225118302940718,0.16906941265592,314.955458342498,-0.432964978422903,10
2019-06-08T08:00:00Z,316.663113797398,13.9378278909474,281.751853733229,0.5,5,0.277134223731877,0.169083712020532,315.011507232783,0.270371250176772,10
2019-06-08T09:00:00Z,302.713794823884,12.3470599576155,324.361518264191,0.5,5,0.317799389050701,0.169098012594539,315.119557744494,1.87254645051988,10
2019-06-08T10:00:00Z,304.155218469701,12.267305500197,354.040760541552,0.5,5,0.345832416581314,0.169112314378045,315.26825912095,1.97038890754613,10
2019-06-08T11:00:00Z,315.521422994126,13.3698628255563,369.606440417042,0.5,5,0.36043719225881,0.169126617371151,315.444979223154,0.872138825225457,10
2019-06-08T12:00:00Z,319.042258024336,13.7907238470686,370.438044043851,0.561372774207729,5,0.361227593548267,0.16914092157396,315.636289798042,0.409389754429857,10
2019-06-08T13:00:00Z,324.466063409985,14.7372046921762,356.502420183511,0.5,5,0.348179565329357,0.169155226986574,315.828376470016,-0.527497914680106,10
2019-06-08T14:00:00Z,328.236527644003,15.4081974538794,328.355101754494,0.5,5,0.321630098368948,0.169169533609095,316.007400808358,-1.1949060066931,10
2019-06-08T15:00:00Z,333.677823187645,15.8757532877257,287.118159940032,0.5,5,0.282323476548557,0.169183841441625,316.159861373118,-1.65976625338821,10
2019-06-08T16:00:00Z,328.012084169823,15.1025789099035,234.435473684094,0.5,5,0.231486019101492,0.169198150484268,316.273001008225,-0.851787901909781,10
2019-06-08T17:00:00Z,324.433609727767,14.672599875659,172.407197722633,0.5,5,0.170894599917727,0.169212460737124,316.335288876842,-0.431194515452193,10
2019-06-08T18:00:00Z,317.577274586157,14.1747128098989,103.506041531594,0.5,5,0.10289649055848,0.169226772200298,316.336971016023,0.0566910619393984,10
2019-06-08T19:00:00Z,322.154003161274,14.6287666139425,30.4786966669903,0.5,5,0.0303445891674157,0.16924108487389,316.270640734381,-0.385201425132158,10
2019-06-08T20:00:00Z,326.307796961709,15.6195029291128,0,0.766250027878118,5,0,0.169255398758004,316.131744238674,-1.36188945704467,10
2019-06-08T21:00:00Z,327.885161031725,15.376571843928,0,1.32945295161799,5,0,0.169269713852741,315.962488839916,-1.13395094468997,10
2019-06-08T22:00:00Z,329.521300572213,15.7383641359708,0,1.07470123835353,5,0,0.169284030158205,315.793219126064,-1.48310877054231,10
2019-06-08T23:00:00Z,322.432582265299,14.8330574860168,0,0.5,5,0,0.169298347674497,315.623935095906,-0.605782501491494,10
2019-06-09T00:00:00Z,319.340654478124,14.9273066007249,0,0.5,5,0,0.16931266640172,315.454636748231,-0.698099826662398,10
2019-06-09T01:00:00Z,317.675739618803,14.5463074961124,0,0.5,5,0,0.169326986339977,315.285324081829,-0.294377997524473,10
2019-06-09T02:00:00Z,315.271126866816,14.3188807658636,0,0.5,5,0,0.169341307489369,315.115997095489,-0.067463233949926,10
2019-06-09T03:00:00Z,318.780634402504,14.5894188420281,0,0.5,5,0,0.16935562985,314.946655788,-0.336967876928701,10
2019-06-09T04:00:00Z,311.959879295989,14.1209967668101,40.4224521631655,0.5,5,0.0402403793544939,0.169369953421971,314.77730015815,0.128860857838625,10
2019-06-09T05:00:00Z,316.21451875672,14.5248176099234,170.450744006776,0.5,5,0.168985045335239,0.169384278205386,314.648170584082,-0.283278546851895,10
2019-06-09T06:00:00Z,316.574923081891,14.5154813721242,293.698419659942,0.5,5,0.288706030984236,0.169398604200346,314.647771351212,-0.258485072185951,10
2019-06-09T07:00:00Z,315.813609942095,14.8306653679499,405.262624694904,0.5,5,0.393852124220932,0.169412931406954,314.767078777996,-0.563438092036936,10
2019-06-09T08:00:00Z,316.219864942746,14.7176351554803,500.705279012088,0.5,5,0.480600402393728,0.169427259825312,314.99151797081,-0.455231081191564,10
2019-06-09T09:00:00Z,305.625638551313,13.584097851931,576.2296258951,0.5,5,0.546789404845799,0.169441589455524,315.302691113378,0.653344005885508,10
2019-06-09T10:00:00Z,297.803571268001,12.7117326429865,628.831268899491,0.5,5,0.591490354944224,0.169455920297691,315.680038928769,1.54551412578645,10
2019-06-09T11:00:00Z,295.724301309926,12.2955342013245,656.417688252008,0.5,5,0.614466306490291,0.169470252351916,316.102073363415,1.9583392622554,10
2019-06-09T12:00:00Z,309.385007875917,13.7667871078634,657.891482337964,0.5,5,0.615720303396524,0.169484585618302,316.547069417553,0.489083891509462,10
2019-06-09T13:00:00Z,304.988987727409,13.145622034272,633.194022888535,1.5529030955858,5,0.595243694264972,0.16949892009695,316.993305135331,1.10880428379039,10
2019-06-09T14:00:00Z,302.031748159992,12.9481701033178,583.30778724274,2.20322043900491,5,0.553006606272052,0.169513255787965,317.419049909499,1.29667319402392,10
2019-06-09T15:00:00Z,301.460605533902,13.0521855967359,510.217274905533,1.63557153020514,5,0.489191367165911,0.169527592691447,317.802543259983,1.20987724239347,10
2019-06-09T16:00:00Z,297.650740520112,12.4394361418789,416.830063160951,2.36001225700836,5,0.404629919591781,0.1695419308075,318.122207034458,1.83408114443097,10
2019-06-09T17:00:00Z,298.293938725076,12.8117459297043,306.861142187686,2.41418624009354,5,0.301340520719141,0.169556270136227,318.357295023242,1.46586972765828,10
2019-06-09T18:00:00Z,305.635951912223,13.4178859847951,184.685130884247,2.70322579131764,5,0.182970991813327,0.169570610677729,318.489079273825,0.849413337493396,10
2019-06-09T19:00:00Z,309.724054024357,13.6197943435411,55.1622523324116,3.45248389300658,5,0.0549025028648836,0.169584952432109,318.502479654961,0.636592497346352,10
2019-06-09T20:00:00Z,320.172713647671,14.7862914460201,0,4.21772355657785,5,0,0.16959929539947,318.387797205393,-0.527121612214214,10
2019-06-09T21:00:00Z,320.117209214572,15.0435346313141,0,3.29439534206209,5,0,0.169613639579915,318.218197909994,-0.783398951133598,10
2019-06-09T22:00:00Z,312.075213289499,14.3968362396482,0,2.50148592076782,5,0,0.169627984973546,318.048584270414,-0.123302739212101,10
2019-06-09T23:00:00Z,318.291686970951,14.7909119160617,0,2.48380728038075,5,0,0.169642331580466,317.878956285441,-0.524519549455266,10
2019-06-10T00:00:00Z,317.938121373225,14.7386003323934,0,1.93385774819919,5,0,0.169656679400777,317.70931395386,-0.439558171477178,10
2019-06-10T01:00:00Z,312.720576464063,14.1226994651839,0,1.42298435840346,5,0,0.169671028434582,317.539657274459,0.145867622022932,10
2019-06-10T02:00:00Z,316.693418856275,14.4243255618286,0,1.62613187240858,5,0,0.169685378681984,317.369986246025,-0.150344633344602,10
2019-06-10T03:00:00Z,318.801117736179,14.6630981148282,0,1.09965144984108,5,0,0.169699730143085,317.200300867343,-0.391416064656543,10
2019-06-10T04:00:00Z,318.909715016682,14.4205248427131,43.0562798970122,0.5,5,0.0428611813130012,0.169714082817988,317.0306011372,-0.151950444097578,10
2019-06-10T05:00:00Z,316.735299128571,14.2158270211898,178.151766561822,0.5,5,0.17656645626978,0.169728436706795,316.903748235695,0.068898697049011,10
2019-06-10T06:00:00Z,318.561954699282,14.1545440685895,306.174040649528,0.5,5,0.30072156002118,0.16974279180961,316.910586255258,0.117680210146507,10
2019-06-10T07:00:00Z,323.767922629586,15.1144895442864,422.040195733199,0.5,5,0.409539667081105,0.169757148126535,317.04156502347,-0.835715836715342,10
2019-06-10T08:00:00Z,324.223188843173,14.6897453501884,521.149963394424,0.603319919848125,5,0.499104293529589,0.169771505657672,317.281347542424,-0.412564152523882,10
2019-06-10T09:00:00Z,317.104269272285,13.6058195715993,599.568359048631,0.5,5,0.567277737720249,0.169785864403124,317.610680330296,0.647145681876796,10
2019-06-10T10:00:00Z,311.439703357787,13.0594161247536,654.181913808464,0.5,5,0.613218708698673,0.169800224362995,318.008172203614,1.22959317840967,10
2019-06-10T11:00:00Z,314.658550014508,13.4867940049068,682.822289465088,0.919751943638101,5,0.63678649150835,0.169814585537386,318.451590687949,0.798533586804362,10
2019-06-10T12:00:00Z,327.777642111504,15.6501621305278,684.352368665041,1.88735206838211,5,0.638048583421817,0.1698289479264,318.918562593921,-1.37369650075443,10
2019-06-10T13:00:00Z,331.98570768166,16.1030590368499,658.711402218742,1.12476478750361,5,0.617007099122305,0.169843311530141,319.386782229416,-1.80317803599016,10
2019-06-10T14:00:00Z,331.310825608251,15.9439051848036,606.917421043634,1.25202936549808,5,0.57358546408078,0.169857676348711,319.833946017008,-1.66903414651527,10
2019-06-10T15:00:00Z,327.284668398813,15.7439601835284,531.026816979866,2.05287421889024,5,0.507876811593996,0.169872042382212,320.23767380474,-1.47298964898565,10
2019-06-10T16:00:00Z,324.796274379164,15.188963773542,434.052697253415,2.67835418194036,5,0.42061739423078,0.169886409630748,320.575678573952,-0.905832969992759,10
2019-06-10T17:00:00Z,319.231491628854,14.4247426676274,319.845254183673,3.15999394093499,5,0.313778859577086,0.169900778094421,320.826409558551,-0.145336022850297,10
2019-06-10T18:00:00Z,322.382084267903,14.4381168094084,192.938899852597,2.72148281212345,5,0.191073060228607,0.169915147773333,320.970287640034,-0.137720036391142,10
2019-06-10T19:00:00Z,317.85235714908,13.7809121194113,58.3722349931021,2.75907351001358,5,0.0580945654299182,0.169929518667589,320.991445552489,0.51369751829823,10
2019-06-10T20:00:00Z,320.840173233061,13.9576055636168,0,1.91843996899037,5,0,0.16994389077729,320.879610599251,0.333693821957449,10
2019-06-10T21:00:00Z,327.213869935848,15.1587363307936,0,1.93568946462513,5,0,0.169958264102539,320.709666708474,-0.862392967123159,10
2019-06-10T22:00:00Z,320.797362744164,14.4317471987212,0,1.42416936910588,5,0,0.169972638643439,320.539708444371,-0.143757794637928,10
2019-06-10T23:00:00Z,312.021650719752,13.4520224981172,0,0.654116739394608,5,0,0.169987014400094,320.369735805728,0.848544678996759,10
2019-06-11T00:00:00Z,304.168671000542,12.4149101289436,0,0.523421465909269,5,0,0.170001391372605,320.199748791327,1.88699326949671,10
2019-06-11T01:00:00Z,305.392964585932,12.8626046403372,0,1.0460285407134,5,0,0.170015769561075,320.029747399955,1.43792797196883,10
2019-06-11T02:00:00Z,308.697466845092,12.91398910565,0,0.5,5,0,0.170030148965608,319.859731630394,1.38848237724952,10
2019-06-11T03:00:00Z,308.246742003203,12.7069471066941,0,0.5,5,0,0.170044529586307,319.689701481428,1.58572070368678,10
2019-06-11T04:00:00Z,313.925316068776,13.2869830460501,35.2329248657007,0.5,5,0.035076483637411,0.170058911423273,319.519656951842,1.02736887162363,10
2019-06-11T05:00:00Z,315.073239841378,13.6979092140145,143.340728608604,0.5,5,0.142300925565042,0.17007329447661,319.384674524056,0.593482391468148,10
2019-06-11T06:00:00Z,304.992591173399,12.652125306508,245.767562827915,0.5,5,0.242571457881049,0.170087678746422,319.356902155144,1.6776601124763,10
2019-06-11T07:00:00Z,309.34932536407,13.1480022016948,338.453983084876,0.5,5,0.331450350583428,0.17010206423281,319.429385934279,1.17698915053056,10
2019-06-11T08:00:00Z,316.661179584737,14.0160496039806,417.726583126834,0.5,5,0.405595135888812,0.170116450935878,319.590734220629,0.29914804227193,10
2019-06-11T09:00:00Z,310.154564452481,13.3700816473222,480.443581624325,0.5,5,0.462793625622161,0.170130838855728,319.826212905583,0.927648066310208,10
2019-06-11T10:00:00Z,316.479436512762,13.6964579950734,524.119339216269,0.5,5,0.501773520378916,0.170145227992464,320.118875692349,0.620303243202899,10
2019-06-11T11:00:00Z,315.599127455484,13.7967275939986,547.022870925765,0.5,5,0.521913208729805,0.170159618346188,320.450503984735,0.500390530149295,10
2019-06-11T12:00:00Z,324.48985670175,15.057794810252,548.246449640727,0.5,5,0.522976366208316,0.170174009917003,320.802257575119,-0.745494246470329,10
2019-06-11T13:00:00Z,320.551324350118,14.4872637411134,527.741581723255,0.5,5,0.504954290958736,0.170188402705013,321.15505993141,-0.163105831515625,10
2019-06-11T14:00:00Z,326.236298670095,14.982865497753,486.320928939863,1.11849815095936,5,0.468056309859388,0.17020279671032,321.489825819664,-0.65695941136524,10
2019-06-11T15:00:00Z,328.646829421449,15.0848085348029,425.626100541415,1.67486466504366,5,0.412850584139092,0.170217191933027,321.787679332813,-0.765728839954368,10
2019-06-11T16:00:00Z,326.434045764469,14.5426646268823,348.062591977241,2.0383646875088,5,0.340520105329238,0.170231588373237,322.030312725019,-0.225046264420789,10
2019-06-11T17:00:00Z,318.225358181527,13.3361771113859,256.704448793033,2.02816776966937,5,0.25315543976016,0.170245986031053,322.200601241975,0.987708411475571,10
2019-06-11T18:00:00Z,315.086039615581,12.937923686668,155.172434132661,1.96639141616414,5,0.153964921854258,0.170260384906579,322.283510695704,1.36865846159135,10
2019-06-11T19:00:00Z,321.409088119037,14.1087905473873,47.4905283857429,1.76696765958157,5,0.0472725430442536,0.170274784999916,322.267215232652,0.211197101924272,10
2019-06-11T20:00:00Z,326.935222126321,14.6386510290704,0,1.2930909367839,5,0,0.170289186311169,322.144212990696,-0.295525757571252,10
2019-06-11T21:00:00Z,329.266195756559,14.6630178042412,0,1.55362178125536,5,0,0.170303588840439,321.973923804385,-0.354148801067381,10
2019-06-11T22:00:00Z,327.960688193963,14.8248057625246,0,0.90190110034963,5,0,0.170317992587831,321.803620215545,-0.481014651017118,10
2019-06-11T23:00:00Z,323.72391485496,13.9776078071591,0,0.94112659361879,5,0,0.170332397553447,321.633302222957,0.356423247255814,10
2019-06-12T00:00:00Z,313.929041469043,13.3015866844305,0,0.5,5,0,0.17034680373739,321.462969825403,1.02480887370348,10
2019-06-12T01:00:00Z,308.213887360784,12.631598050475,0,0.5,5,0,0.170361211139763,321.292623021666,1.72202811843112,10
2019-06-12T02:00:00Z,304.306389701038,12.0432635045418,0,0.648656982057425,5,0,0.170375619760669,321.122261810526,2.28883449928346,10
2019-06-12T03:00:00Z,302.658218935447,11.8485859683066,0,0.5,5,0,0.170390029600212,320.951886190766,2.504105285009,10
2019-06-12T04:00:00Z,317.553263494961,13.4365405993785,45.3252223133158,0.5,5,0.0451184312343764,0.170404440658494,320.781496161165,0.898707447120914,10
2019-06-12T05:00:00Z,321.352877050227,14.3125276540465,181.660613879007,0.5,5,0.180004752891167,0.170418852935619,320.656210151741,0.0292565999845341,10
2019-06-12T06:00:00Z,323.171428817347,14.8083766102517,310.807967789414,0.5,5,0.305111464958523,0.170433266431689,320.665796051697,-0.47662011970615,10
2019-06-12T07:00:00Z,324.197962368221,15.1448320823143,427.657117216596,0.5,5,0.414604823766627,0.170447681146808,320.800474250224,-0.815365452378704,10
2019-06-12T08:00:00Z,324.142006775906,15.1915607818541,527.584516813348,0.5,5,0.504575519213026,0.170462097081078,321.044631392844,-0.871565036267017,10
2019-06-12T09:00:00Z,326.665590264349,14.9726797747734,606.636189458497,0.5,5,0.572936666733511,0.170476514234603,321.378744814975,-0.63765046173635,10
2019-06-12T10:00:00Z,321.941115046436,14.4076977212276,661.684179193109,0.5,5,0.618919460356186,0.170490932607486,321.781204967474,-0.0579262655627131,10
2019-06-12T11:00:00Z,326.329171319184,14.9855452355729,690.55031973991,0.5,5,0.642454298101159,0.170505352199831,322.229633495223,-0.652817068605402,10
2019-06-12T12:00:00Z,335.909436044368,16.1486323857659,692.092421271492,0.5,5,0.643660171858714,0.170519773011739,322.701582441124,-1.81522701347441,10
2019-06-12T13:00:00Z,341.195982038587,16.6782949560836,666.249465146334,0.772596114866473,5,0.622558775391079,0.170534195043315,323.174722839971,-2.33643401248114,10
2019-06-12T14:00:00Z,348.441045706135,17.5847404914432,614.044018324794,1.51528575097604,5,0.579054576056399,0.170548618294662,323.626747420319,-3.23564914937555,10
2019-06-12T15:00:00Z,339.665214464719,16.4665145404517,537.541771930289,1.84885783259715,5,0.513183656602662,0.170563042765882,324.035253378081,-2.12271054730702,10
2019-06-12T16:00:00Z,332.883575292253,15.8947589412428,439.769804953996,2.19955160958119,5,0.425598513311905,0.170577468457079,324.377873991918,-1.53263526278702,10
2019-06-12T17:00:00Z,327.078437689271,14.8637210688022,324.596807285538,2.25900696679447,5,0.318186291219023,0.170591895368356,324.632895036773,-0.509544744543094,10
2019-06-12T18:00:00Z,322.01800169099,14.3236951133351,196.580001464439,2.40631994396272,5,0.194611299499981,0.170606323499816,324.780489432624,0.0284444620545339,10
2019-06-12T19:00:00Z,324.147167224445,14.3695030391269,60.7848202287154,2.35180171139634,5,0.0604922548033808,0.170620752851563,324.804494408624,-0.0267792001525573,10
2019-06-12T20:00:00Z,318.184472476201,13.7626385961062,0,3.51949764107086,5,0,0.170635183423699,324.694365910576,0.583005001024333,10
2019-06-12T21:00:00Z,327.022338434036,14.8162242496527,0,3.71844655201435,5,0,0.170649615216329,324.523730727152,-0.455365876384507,10
2019-06-12T22:00:00Z,323.0099111186,14.2868812418128,0,4.03347393489238,5,0,0.170664048229554,324.353081111936,0.0672951235611339,10
2019-06-12T23:00:00Z,320.871205867322,13.9900214251867,0,3.56814985997189,5,0,0.170678482463479,324.182417063706,0.379790207501563,10
2019-06-13T00:00:00Z,319.74045326317,13.8351535144271,0,3.15874690278164,5,0,0.170692917918206,324.011738581243,0.508509549524431,10
2019-06-13T01:00:00Z,317.090779487337,13.2926627045636,0,3.96437895834156,5,0,0.170707354593839,323.841045663324,1.07193922344236,10
2019-06-13T02:00:00Z,310.638802440951,12.6593112355291,0,3.19020008568858,5,0,0.170721792490482,323.670338308731,1.69794219002104,10
2019-06-13T03:00:00Z,316.065986470182,13.3282967508003,0,2.52305840217147,5,0,0.170736231608236,323.49961651624,1.05008695995268,10
2019-06-13T04:00:00Z,326.888205016531,14.5221462369306,53.987243555804,2.1179129483151,5,0.0537334236050134,0.170750671947206,323.328880284632,-0.152874456510737,10
2019-06-13T05:00:00Z,329.668088048026,15.1295562366415,213.548220693214,2.30485700556809,5,0.211168435273217,0.170765113507495,323.21186303629,-0.773557534843226,10
2019-06-13T06:00:00Z,325.32664386835,14.9071378960901,364.671710786249,0.811598664101112,5,0.355900290503921,0.170779556289207,323.252266358056,-0.552718479303372,10
2019-06-13T07:00:00Z,325.678540572854,14.8764656701378,501.386685438507,1.60884403810487,5,0.480853050588607,0.170794000292444,323.43738709227,-0.505419651271522,10
2019-06-13T08:00:00Z,330.871588858183,15.2416655949428,618.291409980151,1.13537926214435,5,0.58188208829623,0.170808445517309,323.747446142567,-0.874735807720966,10
2019-06-13T09:00:00Z,333.975994690481,15.4878485921531,710.766870983935,0.726222445892775,5,0.657415957649682,0.170822891963907,324.158519785345,-1.11743692314854,10
2019-06-13T10:00:00Z,335.680300248319,15.6649250622717,775.159277743438,0.80774424539023,5,0.707520875587948,0.17083733963234,324.645112851031,-1.29408238067779,10
2019-06-13T11:00:00Z,340.27032595908,16.1052213579136,808.924426911866,1.4002175267003,5,0.732898725780934,0.170851788522712,325.181796386987,-1.72492123232694,10
2019-06-13T12:00:00Z,342.978824991496,16.4809061797289,810.728226321487,1.40260467007693,5,0.734132658428816,0.170866238635127,325.743843324245,-2.1166545270107,10
2019-06-13T13:00:00Z,342.316424282141,16.4725137744355,780.499406194917,1.02456055750673,5,0.711288736079304,0.170880689969686,326.307109744039,-2.06155467840086,10
2019-06-13T14:00:00Z,345.797060980861,16.7264403649079,719.432335079724,1.28006576679357,5,0.663884839421336,0.170895142526495,326.847517790148,-2.34599955598404,10
2019-06-13T15:00:00Z,348.655369140326,16.9343650380091,629.93982924616,1.87626108074845,5,0.591227814236927,0.170909596305656,327.340507487043,-2.56097877647259,10
2019-06-13T16:00:00Z,343.562544155878,15.7957561766268,515.55782009224,2.65362224660932,5,0.493116921346034,0.170924051307273,327.760825704974,-1.41720391158124,10
2019-06-13T17:00:00Z,337.123680566121,14.9091705271505,380.805646234848,3.46863190600469,5,0.370831474771739,0.170938507531448,328.083018575013,-0.522499221872069,10
2019-06-13T18:00:00Z,325.300295812206,13.8327533379419,231.007490275143,3.51420028250985,5,0.228123949389799,0.170952964978287,328.282911542253,0.556088413990034,10
2019-06-13T19:00:00Z,332.693705056885,14.8886516201476,72.0820154362501,4.27681988776937,5,0.0717166962975479,0.17096742364789,328.340082526665,-0.522650180836673,10
2019-06-13T20:00:00Z,335.659411735765,15.1488173273702,0,4.79906693912045,5,0,0.170981883540364,328.240831799315,-0.784478686217088,10
2019-06-13T21:00:00Z,331.800408862807,14.7160298554066,0,4.49457952196738,5,0,0.17099634465581,328.069849915774,-0.330678924501194,10
2019-06-13T22:00:00Z,330.746771195501,14.4584577157976,0,4.68686258495395,5,0,0.171010806994332,327.898853571118,-0.0625896940169723,10
2019-06-13T23:00:00Z,331.911219692844,14.7794585333379,0,4.84246789618841,5,0,0.171025270556033,327.727842764124,-0.389046125006979,10
2019-06-14T00:00:00Z,326.413322705451,13.9221120838776,0,3.88305824851492,5,0,0.171039735341018,327.556817493568,0.478143171856844,10
2019-06-14T01:00:00Z,328.669703167527,14.0646761851433,0,4.14029311007937,5,0,0.171054201349389,327.385777758227,0.33060569943801,10
2019-06-14T02:00:00Z,330.761863950814,14.2155893406909,0,3.6780082145422,5,0,0.17106866858125,327.214723556877,0.181026580507743,10
2019-06-14T03:00:00Z,328.545594097831,13.7767856616569,0,3.47662600179216,5,0,0.171083137036704,327.043654888296,0.633766206623285,10
2019-06-14T04:00:00Z,333.74244143886,14.4818866508958,29.521014161043,3.05563800728768,5,0.0293912092581609,0.171097606715856,326.872571751259,-0.0975077266281549,10
2019-06-14T05:00:00Z,333.999995208697,14.5317419120672,115.441767220487,2.4428348923256,5,0.11470586830701,0.171112077618808,326.730865353802,-0.14340426856399,10
2019-06-14T06:00:00Z,334.625631812782,15.0146956772312,196.807199074144,2.86424570066595,5,0.194761921355098,0.171126549745663,326.67445914449,-0.613310554489563,10
2019-06-14T07:00:00Z,341.35392556153,15.8449142579474,270.406637483835,3.26405374710301,5,0.266137553820795,0.171141023096527,326.698094516099,-1.44362427295293,10
2019-06-14T08:00:00Z,338.792683535699,15.8753364112657,333.335855577484,2.73323626319597,5,0.326105370724446,0.171155497671501,326.793091046824,-1.49720809419156,10
2019-06-14T09:00:00Z,339.890274538668,16.0385898174797,383.111672366549,2.77236682257094,5,0.372697414354058,0.171169973470689,326.948040919877,-1.63196181314688,10
2019-06-14T10:00:00Z,342.973046079004,15.9799342731193,417.76993883275,3.14414543106215,5,0.404635982204602,0.171184450494196,327.149568360761,-1.59033313723637,10
2019-06-14T11:00:00Z,343.010768838949,16.1655620478322,435.943043062386,2.60497384963648,5,0.421192661997016,0.171198928742124,327.383019892471,-1.77406748753378,10
2019-06-14T12:00:00Z,345.635882003975,16.492104342431,436.913876082983,2.72842099761421,5,0.422045228395954,0.171213408214578,327.633013625726,-2.06983320690322,10
2019-06-14T13:00:00Z,348.659801417037,16.8223592121489,420.644128915454,3.2949133246851,5,0.407186835082278,0.17122788891166,327.883845445907,-2.40450563411598,10
2019-06-14T14:00:00Z,339.199887732713,15.6246303921095,387.775804242794,3.51859868681838,5,0.376917159402022,0.171242370833474,328.119804392078,-1.22461200794703,10
2019-06-14T15:00:00Z,342.915686128777,16.1410885206677,339.605883044981,3.01713849071398,5,0.331918464352145,0.171256853980125,328.325479180646,-1.71567179741839,10
2019-06-14T16:00:00Z,340.540449444849,15.7311619617863,278.035145852292,2.75171011733126,5,0.273392586712263,0.171271338351714,328.486140791018,-1.32645893603197,10
2019-06-14T17:00:00Z,337.297737173021,14.9063582796084,205.493168125524,2.68784159686424,5,0.203208651551431,0.171285823948347,328.588262039379,-0.484821796102036,10
2019-06-14T18:00:00Z,326.416498665428,13.6100219373983,124.842449438312,3.02324013002245,5,0.123992295172589,0.171300310770126,328.620184866982,0.816245242512364,10
2019-06-14T19:00:00Z,324.999206863008,13.6807811344007,39.2654595149494,2.41456947426666,5,0.0390882796842732,0.171314798817156,328.572876851385,0.746278895181911,10
2019-06-14T20:00:00Z,322.103707301962,13.3673823209447,0,2.71686068492631,5,0,0.17132928808954,328.440650332252,1.06016423854963,10
2019-06-14T21:00:00Z,329.468374304108,14.829888383619,0,3.14452563223623,5,0,0.171343778587381,328.269321044162,-0.416511729157094,10
2019-06-14T22:00:00Z,322.489857437847,14.1828926394177,0,2.76499554081002,5,0,0.171358270310783,328.097977265575,0.229140005400747,10
2019-06-14T23:00:00Z,329.352699780102,14.5389341519794,0,2.95132774380212,5,0,0.171372763259851,327.926618995264,-0.107644877268703,10
2019-06-15T00:00:00Z,324.116274182448,14.3347263975229,0,3.06781395386792,5,0,0.171387257434686,327.755246232005,0.0845563732874716,10
2019-06-15T01:00:00Z,326.835999337037,14.6182983583171,0,2.70530896397354,5,0,0.171401752835394,327.58385897457,-0.203872724529701,10
2019-06-15T02:00:00Z,329.47116305512,14.3922334143005,0,2.1820162925565,5,0,0.171416249462078,327.412457221735,0.0200166211166839,10
2019-06-15T03:00:00Z,320.218459626866,13.6193388516919,0,1.74795204858482,5,0,0.171430747314842,327.241040972273,0.817426926455219,10
2019-06-15T04:00:00Z,311.2343386764,12.8071947298636,37.682101115152,0.63814613984893,5,0.0375126027329414,0.171445246393788,327.069610224958,1.62538587839043,10
2019-06-15T05:00:00Z,323.44074676686,14.1687456844587,145.915703311843,0.654737658821865,5,0.144770946617711,0.171459746699022,326.935677581297,0.272300458895037,10
2019-06-15T06:00:00Z,325.103367800298,14.2186951259564,248.397971527045,0.643947271561561,5,0.244771935868047,0.171474248230646,326.908988781216,0.202609249979491,10
2019-06-15T07:00:00Z,317.513754004431,13.3423926623669,341.089520428622,0.512106365029909,5,0.333041163044553,0.171488750988765,326.982286468853,1.0889542099057,10
2019-06-15T08:00:00Z,313.137190666238,13.0930113220237,420.336870350613,0.5,5,0.40631539133324,0.171503254973482,327.143838880909,1.32612346872649,10
2019-06-15T09:00:00Z,311.907626291881,12.8103788678068,483.016450860195,0.5,5,0.462553583757914,0.1715177601849,327.378651017269,1.62173336782511,10
2019-06-15T10:00:00Z,310.508379112063,12.7964089946449,526.6577177106,0.5,5,0.500693153409237,0.171532266623125,327.669686840842,1.62762898086454,10
2019-06-15T11:00:00Z,310.592873989063,12.6583765741652,549.540530469133,0.5,5,0.520302460530303,0.171546774288258,327.998847727628,1.77926248447852,10
2019-06-15T12:00:00Z,307.929902965396,12.3592096274143,550.762952636683,1.0170101951637,5,0.521268697527834,0.171561283180405,328.34760341387,2.07541401443221,10
2019-06-15T13:00:00Z,311.113477766866,12.559904968164,530.276801886111,1.69514940462565,5,0.503611347704565,0.171575793299669,328.697310828218,1.89080104832528,10
2019-06-15T14:00:00Z,309.894190822717,12.6604128077762,488.889549190637,1.62717370804218,5,0.467463032357335,0.171590304646153,329.029346382623,1.78025943704478,10
2019-06-15T15:00:00Z,313.519309579075,12.6810263847531,428.232491987245,1.66339600263208,5,0.41322247587225,0.171604817219962,329.325219110334,1.75368381033868,10
2019-06-15T16:00:00Z,304.431394347099,11.8753422517486,350.696455844347,1.98886064087029,5,0.341848330450585,0.1716193310212,329.566836768986,2.54725537494662,10
2019-06-15T17:00:00Z,302.386861373879,11.7370386506289,259.337558981827,1.92747425165579,5,0.255215012666897,0.171633846049969,329.737065768416,2.69968313658194,10
2019-06-15T18:00:00Z,301.535482107345,11.7530114397801,157.756753977859,1.77631818818158,5,0.156397294666652,0.171648362306375,329.820646935032,2.6836276851543,10
2019-06-15T19:00:00Z,297.431126881679,11.4851583266608,49.9578945810531,2.5660355683079,5,0.0497231293206859,0.17166287979052,329.805395867393,2.9700708637824,10
2019-06-15T20:00:00Z,305.672388539204,12.0231249091206,0,2.15977410807516,5,0,0.171677398502509,329.683456116923,2.42644872347581,10
2019-06-15T21:00:00Z,311.881211052965,12.7373340653087,0,2.26971048635533,5,0,0.171691918442445,329.511778718421,1.70303787107067,10
2019-06-15T22:00:00Z,318.502569068578,13.4422254855418,0,1.50469047734554,5,0,0.171706439610432,329.340086799978,1.00755366386519,10
2019-06-15T23:00:00Z,313.745583378603,12.9218284305617,0,1.33899428330133,5,0,0.171720962006575,329.168380360368,1.52826304685674,10
2019-06-16T00:00:00Z,304.357863534241,11.8305867205782,0,1.34934167405137,5,0,0.171735485630977,328.996659398361,2.62270655714292,10
2019-06-16T01:00:00Z,308.896334728904,12.0588486354293,0,1.53549465474654,5,0,0.171750010483742,328.82492391273,2.38942624243423,10
2019-06-16T02:00:00Z,307.661343178988,12.0584684411621,0,0.737838683746608,5,0,0.171764536564973,328.653173902246,2.40588143856858,10
2019-06-16T03:00:00Z,310.048641634745,12.5501017384183,0,0.5,5,0,0.171779063874776,328.481409365681,1.91674361544796,10
2019-06-16T04:00:00Z,321.608759069682,13.7321146681181,56.2605207296394,0.5,5,0.0559885151626808,0.171793592413253,328.309630301807,0.71118077923075,10
2019-06-16T05:00:00Z,332.37100149786,15.1382225836512,216.065507656598,0.5,5,0.213320381054992,0.171808122180508,328.193825224556,-0.672011394988241,10
2019-06-16T06:00:00Z,334.68496844227,15.434618149258,367.362357741223,0.5,5,0.356966722016438,0.171822653176646,328.23533748343,-0.984588119424856,10
2019-06-16T07:00:00Z,330.601575242308,14.7635321846771,504.193367145011,0.5,5,0.479708419972515,0.171837185401771,328.42048155227,-0.302563508112478,10
2019-06-16T08:00:00Z,317.635496829576,13.1894984300233,621.170461830101,0.5,5,0.577739412983418,0.171851718855986,328.728352786841,1.28051102228854,10
2019-06-16T09:00:00Z,321.640382529446,13.6148666378425,713.687366876474,0.5,5,0.650115347314099,0.171866253539395,329.134240480968,0.851324794743053,10
2019-06-16T10:00:00Z,321.262657097052,13.6067682133436,778.100990441751,0.725022085933907,5,0.697570285023567,0.171880789452102,329.612489574743,0.855647342481083,10
2019-06-16T11:00:00Z,323.652852520977,13.9045406310501,811.874879902151,1.00187341762084,5,0.721338884249091,0.171895326594212,330.138179070315,0.560170738805251,10
2019-06-16T12:00:00Z,336.10901453776,15.4205592236039,813.679101218949,1.02308757917141,5,0.722317896293828,0.171909864965827,330.68762262797,-0.933052171212018,10
2019-06-16T13:00:00Z,343.446165646775,16.3182935437431,783.44260852266,1.57396864028608,5,0.70063690586049,0.171924404567054,331.238030659297,-1.83767719682951,10
2019-06-16T14:00:00Z,349.324109997401,16.821189117652,722.356041727458,1.89228666807823,5,0.65561300696672,0.171938945397994,331.766743160591,-2.35358504015665,10
2019-06-16T15:00:00Z,347.814858932256,16.733484048167,632.824842012544,1.5390403427859,5,0.586087907983457,0.171953487458752,332.25041722216,-2.26794196708218,10
2019-06-16T16:00:00Z,353.377463315048,17.1417856104418,518.374531369346,1.55794995129409,5,0.491183383079435,0.171968030749433,332.664551642685,-2.65336886176922,10
2019-06-16T17:00:00Z,346.189444918389,16.0569154700759,383.511886076787,1.21867559100395,5,0.371449499644979,0.17198257527014,332.983766995014,-1.58476622282366,10
2019-06-16T18:00:00Z,343.985610474086,15.9811295175127,233.547470757201,1.93596208406408,5,0.230138759754527,0.171997121020977,333.183233919389,-1.50460158933149,10
2019-06-16T19:00:00Z,337.800399745241,15.2623695029006,74.3865211923571,2.78461133701363,5,0.0739905387211261,0.172011668002049,333.241375558123,-0.775525565854067,10
2019-06-16T20:00:00Z,342.024111334243,15.4774526107726,0,3.85827188078759,5,0,0.172026216213459,333.143354428842,-1.00858515299982,10
2019-06-16T21:00:00Z,356.045112249989,17.1029836768236,0,4.69449408869182,5,0,0.172040765655311,332.971328212629,-2.63108847767277,10
2019-06-16T22:00:00Z,356.626225763822,17.3458541011814,0,4.17223617480204,5,0,0.17205531632771,332.799287446974,-2.87217516202408,10
2019-06-16T23:00:00Z,355.808990001332,17.4270607282203,0,3.36927656079086,5,0,0.17206986823076,332.627232130646,-2.94659744645925,10
2019-06-17T00:00:00Z,344.838122611367,16.1604335914442,0,2.79095125053078,5,0,0.172084421364564,332.455162262415,-1.70459921607871,10
2019-06-17T01:00:00Z,335.317007061361,15.4579620701648,0,2.98656751551221,5,0,0.172098975729227,332.283077841051,-0.980893784530651,10
2019-06-17T02:00:00Z,336.892446453895,15.4872130536168,0,2.18293485760161,5,0,0.172113531324852,332.110978865322,-0.997641097967805,10
2019-06-17T03:00:00Z,338.525821702209,15.4248628988847,0,1.5290175340532,5,0,0.172128088151545,331.938865333997,-0.937994823531509,10
2019-06-17T04:00:00Z,342.758647943013,15.9144030203344,58.21527843625,0.907759479886098,5,0.057927962045102,0.172142646209409,331.766737245845,-1.42589661876662,10
2019-06-17T05:00:00Z,350.048498592568,16.5306147139327,222.069741284352,0.558057668096337,5,0.218951935122275,0.172157205498548,331.652522561681,-2.06023336805897,10
2019-06-17T06:00:00Z,343.217072753818,15.4548818843926,377.186585181113,0.688853381741417,5,0.365125322643229,0.172171766019066,331.699317291305,-0.965216667851764,10
2019-06-17T07:00:00Z,341.989886779407,15.3693585199502,517.46253884308,0.5,5,0.488929798900539,0.172186327771068,331.892270847929,-0.881756018379022,10
2019-06-17T08:00:00Z,340.033971510931,14.8262336390123,637.378264858297,0.5,5,0.586783628786231,0.172200890754658,332.209014319058,-0.336030257779963,10
2019-06-17T09:00:00Z,338.91652870204,14.9083950919973,732.215525099702,0.5,5,0.65827267690491,0.172215454969939,332.62359705709,-0.408217189377897,10
2019-06-17T10:00:00Z,335.336720070106,14.4348205734616,798.242825859121,0.5,5,0.704706851392892,0.172230020417016,333.109654279024,0.0721602680138291,10
2019-06-17T11:00:00Z,334.207006732804,13.9574267331077,832.862238255813,0.862610035779076,5,0.727771311197341,0.172244587095994,333.64213111,0.533802958171726,10
2019-06-17T12:00:00Z,347.350817359893,15.6819441343895,834.711617082185,1.36070433111078,5,0.728616340601034,0.172259155006976,334.197657834102,-1.19291884718118,10
2019-06-17T13:00:00Z,352.742776303598,16.2732061895967,803.718196155019,1.68194494121639,5,0.707409220025719,0.172273724150066,334.754015019696,-1.77943359799419,10
2019-06-17T14:00:00Z,357.185913522225,17.081049097486,741.10145139433,2.55287034629867,5,0.663283355131405,0.172288294525369,335.289150515572,-2.57580543808449,10
2019-06-17T15:00:00Z,348.320142309219,15.8105723555982,649.325118978347,3.21975380320134,5,0.594678837119403,0.172302866132989,335.780145576178,-1.31300822765986,10
2019-06-17T16:00:00Z,336.59087603509,14.3680956525089,532.000256481887,3.07864267053745,5,0.500145731976645,0.172317438973031,336.202521547164,0.127728534780134,10
2019-06-17T17:00:00Z,330.850352821158,13.6540651504396,393.743161182029,4.46140529393384,5,0.37964173348911,0.172332013045598,336.530349840168,0.846660586027874,10
2019-06-17T18:00:00Z,320.768237436175,12.7106141392678,239.993735917686,4.38199587132877,5,0.236076340934787,0.172346588350794,336.737659560611,1.80542536276058,10
2019-06-17T19:00:00Z,329.268664588083,13.6502525366729,76.8014491314188,4.05455800345402,5,0.0763777950443249,0.172361164888724,336.801389313195,0.844290949054009,10
2019-06-17T20:00:00Z,330.559791944559,13.8359404449499,0,4.26262796215477,5,0,0.172375742659493,336.705405943351,0.665951841310106,10
2019-06-17T21:00:00Z,338.29162672266,14.9281293242226,0,4.28948291215843,5,0,0.172390321663204,336.533030200691,-0.432437353904409,10
2019-06-17T22:00:00Z,338.193683473929,15.1333208278936,0,4.16722801089387,5,0,0.172404901899962,336.360639879028,-0.603433385335604,10
2019-06-17T23:00:00Z,337.484449942044,15.1661518225684,0,3.28974992726341,5,0,0.172419483369871,336.188234977128,-0.662132443968776,10
2019-06-18T00:00:00Z,336.004739136101,14.8663958147337,0,3.01881361571522,5,0,0.172434066073035,336.015815493759,-0.347335273878861,10
2019-06-18T01:00:00Z,331.613935489104,14.0240989680782,0,2.82988228022095,5,0,0.172448650009559,335.843381427686,0.487530201237713,10
2019-06-18T02:00:00Z,337.488363623775,14.5876139356551,0,3.40583979687544,5,0,0.172463235179547,335.670932777676,-0.0768675584853546,10
2019-06-18T03:00:00Z,339.594542598866,14.8701429459751,0,2.67104062263021,5,0,0.172477821583103,335.498469542496,-0.360009036227852,10
2019-06-18T04:00:00Z,342.601901261937,15.1570527782631,25.348432524714,2.63377466400326,5,0.0252368540747867,0.172492409220332,335.325991720913,-0.650088993683992,10
2019-06-18T05:00:00Z,347.656458550309,15.7835463476109,96.1858717918179,1.96715691540872,5,0.0955774813735086,0.172506998091338,335.178736165768,-1.2538805841001,10
2019-06-18T06:00:00Z,346.956228787161,15.7506899617465,163.241131562918,1.88865385692381,5,0.161574116462222,0.172521588196225,335.10180664905,-1.22693065520268,10
2019-06-18T07:00:00Z,343.418787738245,15.5653161723576,223.877493743341,1.3632748774666,5,0.220420801294625,0.172536179535097,335.090859177316,-1.04625486527767,10
2019-06-18T08:00:00Z,332.429014483412,13.9561464669567,275.710641369703,0.516482997133783,5,0.269870593327838,0.17255077210806,335.138743799075,0.552904399548623,10
2019-06-18T09:00:00Z,325.113288299005,13.005426241392,316.702413696421,0.5,5,0.308293515046656,0.172565365915217,335.236063620295,1.5109596179524,10
2019-06-18T10:00:00Z,306.032159083002,11.0810754193611,345.240949876254,0.5,5,0.334626527119939,0.172579960956673,335.371791769426,3.45095551747153,10
2019-06-18T11:00:00Z,314.272981434283,11.8840039136879,360.204069859529,0.677500871784744,5,0.348263483837299,0.172594557232532,335.533838335589,2.62980095283119,10
2019-06-18T12:00:00Z,315.404541325118,12.0055877139268,361.003400275574,1.23391141364086,5,0.348940302708195,0.172609154742898,335.709507262194,2.51369358284799,10
2019-06-18T13:00:00Z,308.435276867871,11.4294516305938,347.607510197438,0.784603337571856,5,0.336659683241915,0.172623753487877,335.885838410159,3.10463010122187,10
2019-06-18T14:00:00Z,308.175024147899,11.7341827242983,320.543147055283,1.19602067042637,5,0.311680453807217,0.172638353467572,336.049874339913,2.79713093991259,10
2019-06-18T15:00:00Z,317.130700840856,12.4944000951094,280.874524100409,1.6979802974036,5,0.274575267017941,0.172652954682087,336.188916440253,2.02834932315101,10
2019-06-18T16:00:00Z,321.271770016135,12.9357840659495,230.161473869338,2.81600076296173,5,0.226338533211333,0.172667557131528,336.290838752589,1.61074208525143,10
2019-06-18T17:00:00Z,322.260132410158,12.7122341553769,170.398113119455,2.84512163341472,5,0.168505087891609,0.172682160815999,336.344509728668,1.80710817527169,10
2019-06-18T18:00:00Z,314.853734042503,12.0042544489945,103.934431027233,3.43966315594694,5,0.103224137728467,0.172696765735604,336.340332655744,2.54240232552454,10
2019-06-18T19:00:00Z,316.998227198324,11.998219078991,33.3838839242039,3.57266729165063,5,0.0332327723540567,0.172711371890448,336.270860027736,2.54367264918088,10
2019-06-18T20:00:00Z,336.10094046004,13.9246413942743,0,4.01003444979069,5,0,0.172725979280634,336.1313814282,0.589382895242185,10
2019-06-18T21:00:00Z,343.776431355142,14.9207315016806,0,4.00402108649261,5,0,0.172740587906269,335.958655448919,-0.381279850855751,10
2019-06-18T22:00:00Z,345.418886283709,15.1767779716016,0,3.89526081305888,5,0,0.172755197767455,335.785914861013,-0.631267720397361,10
2019-06-18T23:00:00Z,345.862512253778,15.8814855580449,0,3.56501203636133,5,0,0.172769808864298,335.613159663246,-1.35065236458531,10
2019-06-19T00:00:00Z,340.621927753296,14.9977757236465,0,3.28103149086873,5,0,0.172784421196902,335.440389854381,-0.457882386278886,10
2019-06-19T01:00:00Z,347.193627116681,15.9535443153236,0,2.95351979370899,5,0,0.172799034765371,335.267605433185,-1.42852949472302,10
2019-06-19T02:00:00Z,341.319013662555,15.5101799200227,0,2.49999104733935,5,0,0.172813649569811,335.094806398419,-0.976755590541546,10
2019-06-19T03:00:00Z,341.834474462487,15.7334500165229,0,2.07123420960693,5,0,0.172828265610326,334.921992748849,-1.18833234929869,10
2019-06-19T04:00:00Z,347.947856991054,16.235398425152,39.357877227806,2.10514968101997,5,0.0391748895151722,0.172842882887019,334.749164483239,-1.68768654558664,10
2019-06-19T05:00:00Z,347.884084493204,16.5956472734695,148.772321302605,1.74530231352943,5,0.147308885247954,0.172857501399997,334.615496489867,-2.05013388562152,10
2019-06-19T06:00:00Z,344.33183772044,16.3524525858846,252.339500765839,1.19340377839282,5,0.247244077994038,0.172872121149362,334.589947873715,-1.81269688916891,10
2019-06-19T07:00:00Z,343.095564992727,15.7604191612167,345.988868770535,1.06395096773812,5,0.334268370854865,0.172886742135221,334.66431983056,-1.20573099986139,10
2019-06-19T08:00:00Z,339.424793840921,15.3134567833858,426.039682617818,0.538776983670691,5,0.405339410429403,0.172901364357677,334.82570145928,-0.750181737789974,10
2019-06-19T09:00:00Z,345.795155564101,15.8512699379013,489.345669621763,1.4032002524937,5,0.458975867963239,0.172915987816835,335.058139505351,-1.30602829621943,10
2019-06-19T10:00:00Z,351.320181336078,16.32769540374,533.418686461975,2.66129534810687,5,0.494795147878251,0.1729306125128,335.344199385498,-1.77463033515745,10
2019-06-19T11:00:00Z,360.081025452356,17.1561988328263,556.526511785463,2.88811890029421,5,0.512957967557104,0.172945238445676,335.666063920863,-2.60775959572207,10
2019-06-19T12:00:00Z,359.35240995933,16.9341070714886,557.760928471721,3.19390409670269,5,0.513713589981263,0.172959865615568,336.006076649975,-2.37991605933238,10
2019-06-19T13:00:00Z,358.686709255628,17.3967171156205,537.073419693546,3.12205649808386,5,0.497139833407132,0.17297449402258,336.346830374341,-2.83885955975376,10
2019-06-19T14:00:00Z,354.451098723436,17.3182549650773,495.277075795436,3.6300449993623,5,0.463107888910365,0.172989123666818,336.670995713725,-2.76177637072394,10
2019-06-19T15:00:00Z,356.14211646522,17.9720697294554,434.014637042708,4.40660295008063,5,0.411477318696573,0.173003754548385,336.961114478968,-3.41686722915327,10
2019-06-19T16:00:00Z,353.69576885012,17.6877911895687,355.69392827133,5.04487990528971,5,0.342507563257457,0.173018386667387,337.199588043117,-3.13250346303964,10
2019-06-19T17:00:00Z,345.09563466825,16.7436364131083,263.393223079118,5.27564697327838,5,0.257418603349347,0.173033020023927,337.369077219707,-2.18204597133468,10
2019-06-19T18:00:00Z,345.048846353048,16.5386113265813,160.740257071508,5.9653473166491,5,0.158930680203157,0.173047654618112,337.453462803032,-1.97811853865486,10
2019-06-19T19:00:00Z,345.31246725606,16.6931657461017,51.7696453580386,6.75681490917647,5,0.0515110832178228,0.173062290450045,337.439345828618,-2.13486023238939,10
2019-06-19T20:00:00Z,344.990157969575,17.1224371314007,0,6.5376647774585,5,0,0.173076927519831,337.317794621386,-2.55366350870428,10
2019-06-19T21:00:00Z,343.055198349879,16.7825482263446,0,6.53940079717545,5,0,0.173091565827575,337.144717693866,-2.21226094473881,10
2019-06-19T22:00:00Z,345.998376298193,17.2562771781768,0,6.75076140158772,5,0,0.173106205373381,336.971626128038,-2.68707480880135,10
2019-06-19T23:00:00Z,342.858061020406,16.4695222151064,0,6.25220005938848,5,0,0.173120846157355,336.798519922665,-1.91178301431863,10
2019-06-20T00:00:00Z,332.926190222566,15.264916699349,0,5.87755298607764,5,0,0.1731354881796,336.625399076507,-0.690892002356081,10
2019-06-20T01:00:00Z,335.948983198211,15.2778035442013,0,4.93845648536169,5,0,0.173150131440222,336.452263588328,-0.702295382429182,10
2019-06-20T02:00:00Z,331.587249442981,14.7506797111442,0,4.10333626695404,5,0,0.173164775939326,336.279113456887,-0.181010998332872,10
2019-06-20T03:00:00Z,335.544793503072,14.7818060134529,0,2.65839788781347,5,0,0.173179421677015,336.105948680948,-0.202519692731703,10
2019-06-20T04:00:00Z,334.171469777915,14.5501278625681,42.8057029699304,2.01511147197006,5,0.0426006775274008,0.173194068653396,335.932769259271,0.0375156997566992,10
2019-06-20T05:00:00Z,334.711184012188,14.4521634077779,161.41150298424,1.51394964209727,5,0.159508208772182,0.173208716868572,335.802175868145,0.127364616854058,10
2019-06-20T06:00:00Z,335.984546891585,14.6448738603943,273.675137060283,1.77811392510476,5,0.266647363273286,0.173223366322649,335.788475360049,-0.0597227966611559,10
2019-06-20T07:00:00Z,334.36725909593,14.2974756602536,375.185552807246,1.20064000498521,5,0.358731713678055,0.173238017015731,335.881899357,0.294100074334477,10
2019-06-20T08:00:00Z,331.82897246203,14.13259011392,461.954212300465,1.17168592325787,5,0.43276586445517,0.173252668947923,336.067393053662,0.463998755418316,10
2019-06-20T09:00:00Z,328.292940678082,13.6253391642994,530.571809346931,1.10485244073567,5,0.487754633650666,0.17326732211933,336.326906249169,0.951103537569207,10
2019-06-20T10:00:00Z,329.570230866655,14.0102313721221,578.342227630844,1.15344214643237,5,0.523956110564279,0.173281976530056,336.641393560701,0.568190282731983,10
2019-06-20T11:00:00Z,338.824551387306,14.8645218539809,603.38847626806,1.51122827600248,5,0.542087929846845,0.173296632180207,336.992067694735,-0.284061041898173,10
2019-06-20T12:00:00Z,348.746711155118,16.2510807800936,604.726440359384,2.5075061033309,5,0.542731675806829,0.173311289069887,337.360858992401,-1.65507001421506,10
2019-06-20T13:00:00Z,347.713374003709,16.3954741054933,582.303548742728,2.38978055646767,5,0.526011972535288,0.173325947199201,337.730279379138,-1.80340692588543,10
2019-06-20T14:00:00Z,345.423019134395,16.0784892541069,537.000839614372,3.08431271216098,5,0.491551582797572,0.173340606568254,338.082965404474,-1.48141146207935,10
2019-06-20T15:00:00Z,347.512010437411,16.1673080638293,470.598342857153,3.17343150714762,5,0.438704431878188,0.173355267177151,338.401176380704,-1.57554384578595,10
2019-06-20T16:00:00Z,348.789817675154,16.2514249340724,385.705139269918,3.05183303234915,5,0.367080656668421,0.173369929025997,338.666525545405,-1.66430954470811,10
2019-06-20T17:00:00Z,345.227876070097,15.6294353217543,285.656844804611,3.7265760416165,5,0.277328822242029,0.173384592114896,338.860236273047,-1.05274683763323,10
2019-06-20T18:00:00Z,331.900347852125,13.9979379338496,174.384547850897,3.40093839556564,5,0.171982516738315,0.173399256443953,338.964180503174,0.577515550743827,10
2019-06-20T19:00:00Z,324.023135725856,13.1519842119067,56.2603492725,3.14421520313012,5,0.0559640936011176,0.173413922013274,338.962763763468,1.46187800000623,10
2019-06-20T20:00:00Z,337.405819192304,14.912141245868,0,3.63366931553597,5,0,0.173428588822963,338.845313935056,-0.317101632543486,10
2019-06-20T21:00:00Z,341.788117879726,15.770423728027,0,3.52743948058096,5,0,0.173443256873125,338.671885346233,-1.16859150896133,10
2019-06-20T22:00:00Z,336.434725357678,15.0565936295335,0,4.04244929625379,5,0,0.173457926163865,338.49844208936,-0.452148692677455,10
2019-06-20T23:00:00Z,334.077409899326,14.7380660595729,0,4.92516106956971,5,0,0.173472596695289,338.324984163197,-0.124852847205057,10
2019-06-21T00:00:00Z,319.327983228744,13.0011953678469,0,4.63267825959897,5,0,0.1734872684675,338.151511566501,1.60513931958673,10
2019-06-21T01:00:00Z,315.526520650957,12.4572986112602,0,4.53618402053693,5,0,0.173501941480603,337.978024298034,2.14421509210937,10
2019-06-21T02:00:00Z,308.196126156441,11.7620829544231,0,4.13890488970021,5,0,0.173516615734705,337.804522356553,2.8478458007384,10
2019-06-21T03:00:00Z,311.730180432965,11.9017936282397,0,3.46690492576699,5,0,0.173531291229909,337.631005740819,2.70542940568155,10
2019-06-21T04:00:00Z,299.112934519912,10.7167684717305,56.2704524914745,2.77877590706991,5,0.0559706938956544,0.173545967966321,337.457474449589,3.88194497901036,10
2019-06-21T05:00:00Z,302.774991658509,11.0984885288487,211.963533269163,2.92686501274813,5,0.207880284839346,0.173560645944046,337.339899175519,3.51734639041428,10
2019-06-21T06:00:00Z,315.331084384851,12.3613375238424,359.32921039498,2.99037835712081,5,0.342716013015215,0.173575325163188,337.374218814414,2.24780688965902,10
2019-06-21T07:00:00Z,322.503256908637,12.6586512418617,492.577933850906,3.02788302413098,5,0.45305134867104,0.173590005623853,337.543359502266,1.94975169912871,10
2019-06-21T08:00:00Z,314.623326069644,11.9644745124865,606.474765866277,3.33748703264531,5,0.536786993695854,0.173604687326146,337.822820845313,2.6363180493598,10
2019-06-21T09:00:00Z,323.347445372406,12.6816065541169,696.545045728314,2.87790603238412,5,0.595501349441343,0.173619370270171,338.186003151683,1.94112399737945,10
2019-06-21T10:00:00Z,333.438990192066,13.6497026216214,759.250185615422,2.55124769846263,5,0.632236034404584,0.173634054456034,338.607885130854,0.95889857727828,10
2019-06-21T11:00:00Z,342.08198226774,14.7472141746189,792.126690968735,2.8590030530112,5,0.649834087520374,0.17364873988384,339.066487110803,-0.13445680725171,10
2019-06-21T12:00:00Z,350.002298048198,15.7502941930298,793.882943713589,3.39233291656367,5,0.650037865285561,0.173663426553694,339.542672458439,-1.13557385365342,10
2019-06-21T13:00:00Z,349.60246666455,15.7954271977513,764.449946012027,4.2168887454234,5,0.633121575871538,0.1736781144657,340.019046897172,-1.17974708660005,10
2019-06-21T14:00:00Z,355.071212166909,16.3673944611643,704.984030978361,5.17636939698516,5,0.59783938832282,0.173692803619964,340.478490358577,-1.74433787099678,10
2019-06-21T15:00:00Z,354.805946928267,16.0622708590655,617.821433862002,5.55160555080559,5,0.541661046538438,0.173707494016592,340.90263694328,-1.43450162067555,10
2019-06-21T16:00:00Z,350.283492480687,15.4547565327535,506.386508457865,5.34499866123675,5,0.461486892343937,0.173722185655687,341.270590495802,-0.829390301871147,10
2019-06-21T17:00:00Z,346.908447488716,15.1689298829749,375.057194642887,5.05671771633253,5,0.355141178532194,0.173736878537355,341.558355202491,-0.562391744357578,10
2019-06-21T18:00:00Z,336.700108104516,14.0053674209168,228.993022410714,4.81151007021062,5,0.223659516687289,0.173751572661701,341.739759502486,0.593038985000532,10
2019-06-21T19:00:00Z,343.625813411139,14.8996490857995,73.9324096037622,5.49213829735791,5,0.0734667714168923,0.173766268028831,341.789667446511,-0.279549259577307,10
2019-06-21T20:00:00Z,349.887345023242,15.5588670933376,0,5.62824976423944,5,0,0.173780964638849,341.689367949899,-0.935679778183902,10
2019-06-21T21:00:00Z,352.617682358945,16.2392212144155,0,6.11811204227643,5,0,0.173795662491861,341.515586985261,-1.61446184384208,10
2019-06-21T22:00:00Z,352.027751143095,15.967086828554,0,5.5682340246903,5,0,0.173810361587972,341.341791322769,-1.35351397549262,10
2019-06-21T23:00:00Z,342.18604425233,14.5701805868858,0,5.21755648081602,5,0,0.173825061927286,341.167980961181,0.051775820670378,10
2019-06-22T00:00:00Z,335.683056432491,13.5174002628131,0,5.09892674666842,5,0,0.173839763509909,340.994155899253,1.09440855750074,10
2019-06-22T01:00:00Z,319.559800740056,12.0659366061286,0,4.81218257245366,5,0,0.173854466335946,340.820316135744,2.59170321605624,10
2019-06-22T02:00:00Z,314.336865510368,11.3825277346109,0,3.85693591749817,5,0,0.173869170405502,340.646461669408,3.25543834817127,10
2019-06-22T03:00:00Z,317.571992838293,12.1088983900678,0,2.80487947416304,5,0,0.173883875718683,340.472592499003,2.52479007054288,10
2019-06-22T04:00:00Z,323.649662479961,12.7558136639783,26.4041247146372,1.41110134412778,5,0.0262843480796359,0.173898582275594,340.298708623284,1.86028494134312,10
2019-06-22T05:00:00Z,324.326439926493,12.6978199962156,99.4954321227622,1.43425759335854,5,0.0986784234633781,0.173913290076339,340.151094389088,1.93576217007279,10
2019-06-22T06:00:00Z,337.088008248033,14.0934604603827,168.677702113078,1.50281232827192,5,0.16604658387081,0.173927999121024,340.075859522475,0.55224384971925,10
2019-06-22T07:00:00Z,333.111305007199,13.8259211695408,231.232859330049,1.3983156623854,5,0.225345030445974,0.173942709409755,340.067978107225,0.820610765859655,10
2019-06-22T08:00:00Z,332.018268859549,13.5414668429708,284.703198479866,2.26045916761258,5,0.27439591169436,0.173957420942636,340.11938042826,1.10307407726442,10
2019-06-22T09:00:00Z,323.873127888756,12.6767347693377,326.987944159877,2.44281652521252,5,0.311890820624357,0.173972133719772,340.219818919012,1.97861575239281,10
2019-06-22T10:00:00Z,320.394196985169,12.2253508254618,356.425787408062,2.38888450514188,5,0.337206658273012,0.17398684774127,340.357737605917,2.39903853348723,10
2019-06-22T11:00:00Z,324.925702246997,12.5563105596349,371.860156226071,3.13385930759942,5,0.35014569079198,0.174001563007233,340.520957416449,2.07641492295422,10
2019-06-22T12:00:00Z,324.410822117061,12.4849464956705,372.6846556876,3.85253956120571,5,0.350701624271239,0.174016279517768,340.697101544233,2.15986182561637,10
2019-06-22T13:00:00Z,341.98975327059,14.1940557508839,358.866892353297,3.87048490169596,5,0.338916288758772,0.17403099727298,340.873786888986,0.453687286312941,10
2019-06-22T14:00:00Z,338.097965565536,14.0191034263261,330.949746964036,4.24669853781125,5,0.314856760021249,0.174045716272974,341.038672180472,0.623072254971296,10
2019-06-22T15:00:00Z,347.873198993838,14.8954144580986,290.030045410178,4.95899928252596,5,0.27871856016496,0.174060436517854,341.179483224221,-0.234685996836563,10
2019-06-22T16:00:00Z,341.757386838611,14.0351710355402,237.715465964856,5.64699419715293,5,0.231037969348358,0.174075158007728,341.284141347868,0.594403006770877,10
2019-06-22T17:00:00Z,334.787208502363,13.5160024747108,176.061375836248,5.8000348338585,5,0.172963030492556,0.174089880742699,341.341104159209,1.12510441664107,10
2019-06-22T18:00:00Z,325.87087475748,12.7721412869121,107.490078643041,5.38924212040767,5,0.106488493125596,0.174104604722873,341.339977308959,1.89639789530178,10
2019-06-22T19:00:00Z,325.791851155587,12.9465633503458,34.695645467667,6.15940140264357,5,0.0345293659506604,0.174119329948355,341.272361197362,1.71611014999581,10
2019-06-22T20:00:00Z,340.328582146433,14.3316767200579,0,6.15470203341739,5,0,0.174134056419251,341.132771233364,0.308146224325741,10
2019-06-22T21:00:00Z,354.051557723275,15.9249876260259,0,5.79400938877759,5,0,0.174148784135667,340.958637176944,-1.2605023432644,10
2019-06-22T22:00:00Z,346.62979963113,15.6164252483763,0,5.4161125155698,5,0,0.174163513097707,340.784488392809,-0.955269625896178,10
2019-06-22T23:00:00Z,347.25222527561,15.3153375982198,0,4.90896949563221,5,0,0.174178243305476,340.610324879712,-0.669896814902925,10
2019-06-23T00:00:00Z,346.110647634771,15.0998834185094,0,3.80846030112545,5,0,0.174192974759081,340.436146636406,-0.436287656964748,10
2019-06-23T01:00:00Z,342.776906845814,14.7343568801069,0,3.35035837064879,5,0,0.174207707458626,340.261953661647,-0.0641769340070014,10
2019-06-23T02:00:00Z,341.192224515255,14.848445021647,0,3.37280525281154,5,0,0.174222441404217,340.087745954189,-0.195896011605952,10
2019-06-23T03:00:00Z,342.703246442914,15.0693179218263,0,3.94025679713427,5,0,0.174237176595959,339.913523512784,-0.400371202600418,10
2019-06-23T04:00:00Z,348.075532829236,15.9945678883963,59.421353646278,3.31001896799908,5,0.0590690157687313,0.174251913033958,339.739286336188,-1.3419252228791,10
2019-06-23T05:00:00Z,359.818878941895,17.5538417257755,224.299440768922,2.89969844612644,5,0.218105389743273,0.174266650718319,339.624103438923,-2.88229445703226,10
2019-06-23T06:00:00Z,360.048654689173,17.7199389617125,380.363265917985,2.93380829669665,5,0.354308817138396,0.174281389649147,339.667942177948,-3.06226937892201,10
2019-06-23T07:00:00Z,353.265837532453,16.8235961407316,521.480012022022,2.70253440295149,5,0.459915333392625,0.174296129826548,339.847969605437,-2.15860359557413,10
2019-06-23T08:00:00Z,343.260147731259,15.2459412530342,642.10423516572,2.42069732995798,5,0.535254288835203,0.174310871250628,340.133588809003,-0.586358606879182,10
2019-06-23T09:00:00Z,340.48110770484,14.8925039211804,737.495783079846,2.33790140989199,5,0.58496676955017,0.174325613921491,340.494532226588,-0.214277247606055,10
2019-06-23T10:00:00Z,339.456322304636,14.80455791754,803.906068204404,2.59336929397026,5,0.614427012748172,0.174340357839244,340.905173382217,-0.133502405574206,10
2019-06-23T11:00:00Z,336.0132426436,14.4499763245142,838.725375379957,1.88284646823724,5,0.627816023772035,0.174355103003991,341.345260037126,0.228759109457231,10
2019-06-23T12:00:00Z,341.521882999762,14.8963743545009,840.585415438542,1.95403623882583,5,0.627460400108297,0.174369849415838,341.798720957893,-0.215200987402176,10
2019-06-23T13:00:00Z,347.805327842159,15.5966674270933,809.413094660881,2.40410894731688,5,0.613707291132663,0.174384597074891,342.251811508586,-0.920462838508053,10
2019-06-23T14:00:00Z,355.300536458852,16.7700431570629,746.433387129466,3.02344813778365,5,0.584903796923468,0.174399345981255,342.691134202644,-2.0934557206638,10
2019-06-23T15:00:00Z,359.983678053023,17.2104923253375,654.121197103076,2.99331674117087,5,0.537422737231165,0.174414096135036,343.101638653586,-2.52774273158938,10
2019-06-23T16:00:00Z,357.139886052188,16.338192387477,536.104103069909,3.10431703804308,5,0.466064685074175,0.174428847536339,343.464647294682,-1.65230337091155,10
2019-06-23T17:00:00Z,358.132042962301,16.5617003671785,397.01980533186,2.70199869761268,5,0.36558152648934,0.174443600185269,343.75628313222,-1.88061914757237,10
2019-06-23T18:00:00Z,349.549321767098,15.4972071681357,242.33387898119,3.15928788112323,5,0.234079306254905,0.174458354081932,343.947421058524,-0.810520126314861,10
2019-06-23T19:00:00Z,353.939316824044,16.2553638892352,78.1249940039081,3.58435396487039,5,0.077540362503025,0.174473109226435,344.007042010697,-1.56360660958993,10
2019-06-23T20:00:00Z,355.228211968711,16.5387042279351,0,3.59537751441139,5,0,0.174487865618881,343.910109263974,-1.84690529689683,10
2019-06-23T21:00:00Z,357.634839043922,16.7393690450866,0,3.54795027750821,5,0,0.174502623259377,343.735621398355,-2.04002240586118,10
2019-06-23T22:00:00Z,355.957864277912,16.6853185638803,0,2.32618715928537,5,0,0.174517382148028,343.561118775095,-2.01673070866898,10
2019-06-23T23:00:00Z,352.32679981695,16.2540759626926,0,2.72951782647691,5,0,0.17453214228494,343.386601392947,-1.56187688934594,10
2019-06-24T00:00:00Z,345.852055059203,15.3114242677798,0,2.31371048671876,5,0,0.174546903670219,343.212069250662,-0.619876641213334,10
2019-06-24T01:00:00Z,341.862904045058,14.8455410881788,0,1.73506620533573,5,0,0.17456166630397,343.037522346992,-0.161955505498049,10
2019-06-24T02:00:00Z,341.747676501847,14.7553091198184,0,1.41237116004964,5,0,0.174576430186298,342.862960680689,-0.0703382702515925,10
2019-06-24T03:00:00Z,339.919372512293,14.8484589570063,0,1.34598675947279,5,0,0.174591195317309,342.688384250502,-0.149466250249765,10
2019-06-24T04:00:00Z,346.464349294044,15.5937745678916,57.5461771883338,1.71641507958093,5,0.0571931807270024,0.17460596169711,342.513793055185,-0.902328820870575,10
2019-06-24T05:00:00Z,347.926866998297,15.2054019820952,217.903764628584,1.6161371172203,5,0.211245669859255,0.174620729325804,342.396380274215,-0.511754647066424,10
2019-06-24T06:00:00Z,357.95208943951,16.8139548792067,369.695188246845,0.94673873611768,5,0.341524372147259,0.174635498203499,342.433005214748,-2.11138279810641,10
2019-06-24T07:00:00Z,353.262731316684,16.0293758495254,506.953271644381,0.833815132075096,5,0.440653646356361,0.1746502683303,342.599894088692,-1.31919379741986,10
2019-06-24T08:00:00Z,349.779564951984,15.7386865536602,624.282168492977,0.9015229872584,5,0.509886034506068,0.174665039706311,342.865897466718,-1.01801837847726,10
2019-06-24T09:00:00Z,345.157388544269,14.9887329591238,717.069482337841,1.09181614071463,5,0.554639554720198,0.17467981233164,343.201118461518,-0.279784295692896,10
2019-06-24T10:00:00Z,337.476344304749,14.2205319808164,781.667587667078,1.72114179818803,5,0.580679312120299,0.174694586206392,343.581078203906,0.501987998638639,10
2019-06-24T11:00:00Z,337.433219765344,13.9726526987758,815.537024211225,1.96001168240253,5,0.592295642786804,0.174709361330671,343.98706292982,0.743813510311488,10
2019-06-24T12:00:00Z,346.038640346263,14.926996540582,817.346327401553,1.96909941595087,5,0.591813952453739,0.174724137704585,344.404649211276,-0.218661338123447,10
2019-06-24T13:00:00Z,342.965112070402,14.5266907150974,787.024370483744,2.95429896508339,5,0.579575005896805,0.174738915328239,344.821739026025,0.182100011663471,10
2019-06-24T14:00:00Z,356.275234936937,15.7451273799984,725.763160630339,4.5032185124776,5,0.553928528820445,0.174753694201738,345.226575116594,-1.01831823727709,10
2019-06-24T15:00:00Z,348.890862677571,14.8824969091105,635.970979132082,4.70125323349171,5,0.511178934653655,0.174768474325188,345.605749951213,-0.183876207784638,10
2019-06-24T16:00:00Z,345.796053475544,14.5458584429135,521.177707806109,5.39509716188834,5,0.445820260096206,0.174783255698695,345.942160411541,0.164786001490412,10
2019-06-24T17:00:00Z,350.179726248175,14.9722609303492,385.896063399267,6.07392052362765,5,0.35189866299829,0.174798038322364,346.213197415939,-0.259087191435636,10
2019-06-24T18:00:00Z,354.498369710171,15.5814965893053,235.444195095772,6.58748150313908,5,0.226539687434812,0.174812822196302,346.390298040615,-0.892396833931322,10
2019-06-24T19:00:00Z,354.233906883547,15.4158479650057,75.7366191198353,6.43186841690806,5,0.0751391240650899,0.174827607320613,346.442024905853,-0.705615624016011,10
2019-06-24T20:00:00Z,347.758311992883,14.4844571477088,0,6.63996727700203,5,0,0.174842393695405,346.342336422597,0.234008761678045,10
2019-06-24T21:00:00Z,353.479873542055,14.824308439401,0,6.97687802121297,5,0,0.174857181320782,346.167494028902,-0.136347849988088,10
2019-06-24T22:00:00Z,348.754910391097,14.4287859398856,0,7.94840804739689,5,0,0.174871970196851,345.992636847581,0.292392787150256,10
2019-06-24T23:00:00Z,342.415877711815,13.7473947538231,0,7.69228698581165,5,0,0.174886760323716,345.817764877384,0.968500405515732,10
2019-06-25T00:00:00Z,340.35171665003,13.6563045650899,0,7.23290181511267,5,0,0.174901551701485,345.64287811706,1.06812276751462,10
2019-06-25T01:00:00Z,334.230120264254,12.6021430622654,0,6.30531996074994,5,0,0.174916344330262,345.467976565359,2.12628364903509,10
2019-06-25T02:00:00Z,329.111181755636,12.3453610313286,0,5.79345412172256,5,0,0.174931138210153,345.293060221028,2.39137791953463,10
2019-06-25T03:00:00Z,332.327550584402,12.7062199477295,0,5.59212422989841,5,0,0.174945933341265,345.118129082819,2.00067614070917,10
2019-06-25T04:00:00Z,333.99791030846,13.0534216865322,23.9184078177671,5.40414449656092,5,0.0238072462759111,0.174960729723703,344.943183149478,1.67199560663015,10
2019-06-25T05:00:00Z,336.09805330323,13.5728970917642,90.9829330295743,4.60420866353565,5,0.0900829199777228,0.174975527357573,344.792029666029,1.14702346993234,10
2019-06-25T06:00:00Z,343.532013112856,14.5365493590809,154.468817122308,4.2920090842473,5,0.15131617724084,0.174990326242981,344.70713705865,0.191251633383427,10
2019-06-25T07:00:00Z,340.373397721175,14.2615016655903,211.878963247911,3.61686976699766,5,0.204601206129312,0.175005126380032,344.683462909648,0.465956898649096,10
2019-06-25T08:00:00Z,340.003536221273,14.2997514370684,260.955252188462,3.69776688425989,5,0.248069506680087,0.175019927768833,344.713058989397,0.41848957007427,10
2019-06-25T09:00:00Z,331.745146058535,13.3408717279089,299.76736119302,3.74280393281859,5,0.28082560763702,0.17503473040949,344.786108568308,1.37231007828912,10
2019-06-25T10:00:00Z,335.314150281395,13.4259850769833,326.788689562128,4.36180451689774,5,0.302659062044826,0.175049534302107,344.891899445535,1.32771806026172,10
2019-06-25T11:00:00Z,336.961231756827,13.4161770140622,340.956404591081,4.59381345957529,5,0.313696155366635,0.175064339446792,345.019508973278,1.30432892910418,10
2019-06-25T12:00:00Z,342.201601745206,13.8926740731192,341.713246078679,5.25400281237001,5,0.314113430434576,0.17507914584365,345.158140789198,0.845076142813453,10
2019-06-25T13:00:00Z,347.364376757917,14.6976943653611,329.029445100378,5.76489205043829,5,0.303972113090587,0.175093953492787,345.297175073789,0.0274670028062234,10
2019-06-25T14:00:00Z,348.397025037807,14.6607182920665,303.40389491248,5.67457217463049,5,0.283192138006991,0.175108762394308,345.426053233387,0.0918591129829016,10
2019-06-25T15:00:00Z,345.025051321776,13.9255880440384,265.844527932064,5.31967154422738,5,0.251669770855053,0.175123572548321,345.534136609,0.795488968164944,10
2019-06-25T16:00:00Z,336.812459611634,13.3156340632492,217.828670626926,5.57229307255023,5,0.209532398273092,0.17513838395493,345.610682807306,1.41548001401236,10
2019-06-25T17:00:00Z,319.637251891318,11.8671817461646,161.244935680766,6.71591820541604,5,0.157491565811301,0.175153196614242,345.645076821625,2.86187773996928,10
2019-06-25T18:00:00Z,308.662148103314,10.7984403284059,98.3189369950761,7.13674821599111,5,0.0971897476673221,0.175168010526362,345.627415190822,3.94456248525682,10
2019-06-25T19:00:00Z,318.539729890966,11.6008578078087,31.5257493872629,7.35303064817713,5,0.0313677135129165,0.175182825691397,345.549436927963,3.13798406267599,10
2019-06-25T20:00:00Z,330.190668394346,12.9193521287418,0,7.51303891036734,5,0,0.175197642109453,345.405621815784,1.84949847084291,10
2019-06-25T21:00:00Z,335.82437804395,13.4251275551292,0,7.84085307096994,5,0,0.175212459780635,345.230424173675,1.32107856360111,10
2019-06-25T22:00:00Z,341.801696930362,14.4542476607219,0,8.22548333423534,5,0,0.17522727870505,345.055211713894,0.306569242832687,10
2019-06-25T23:00:00Z,341.436669858802,14.5974549604324,0,8.19753402346463,5,0,0.175242098882803,344.879984435189,0.159503126258893,10
2019-06-26T00:00:00Z,335.451241801962,13.6053738306276,0,8.23511549710356,5,0,0.175256920314,344.704742336306,1.15148295967765,10
2019-06-26T01:00:00Z,334.163504471336,13.4810944453363,0,8.10800022119434,5,0,0.175271742998748,344.529485415992,1.27531436414242,10
2019-06-26T02:00:00Z,342.490852230531,14.5371605016105,0,8.11242776342056,5,0,0.175286566937153,344.354213672993,0.218077516861375,10
2019-06-26T03:00:00Z,343.439640074506,14.5334896975529,0,8.007831304125,5,0,0.17530139212932,344.178927106056,0.213126943354754,10
2019-06-26T04:00:00Z,357.858484453002,16.2872605258613,40.2402984751204,6.76056227504059,5,0.040016217698574,0.175316218575356,344.003625713927,-1.53569096731223,10
2019-06-26T05:00:00Z,363.722333341461,17.784226704326,153.991779691156,5.97082463124661,5,0.150424179843155,0.175331046275366,343.86832571305,-3.02328690900024,10
2019-06-26T06:00:00Z,373.309026106308,19.71908050776,261.681973677144,5.49939590769219,5,0.246777051232208,0.175345875229457,343.843418846618,-4.98633883292036,10
2019-06-26T07:00:00Z,368.704327614963,18.6932129731972,359.072074966213,5.22562089014823,5,0.323591113212929,0.175360705437735,343.914850022621,-3.95301738608194,10
2019-06-26T08:00:00Z,365.699386482983,17.6476531872592,442.328701163143,5.90124049572788,5,0.380147563529906,0.175375536900306,344.063080430396,-2.89185826643812,10
2019-06-26T09:00:00Z,357.069088070962,16.4471392700559,508.174779126781,5.98318019990105,5,0.418638471008049,0.175390369617276,344.267852457025,-1.70454964572799,10
2019-06-26T10:00:00Z,350.250491668911,15.4500405290396,554.018534203247,6.44772541918859,5,0.442095527707794,0.175405203588751,344.511100558416,-0.686405482032175,10
2019-06-26T11:00:00Z,350.65803182139,15.5215331136378,578.05550535066,6.41567982122603,5,0.453068120526239,0.175420038814836,344.777790882536,-0.753082926866579,10
2019-06-26T12:00:00Z,357.294975759483,16.5766004604722,579.339570726952,6.65398711696963,5,0.453034804031212,0.17543487529564,345.055438964247,-1.80275451887088,10
2019-06-26T13:00:00Z,356.725463126249,16.5871169028488,557.820188094847,6.78138986397533,5,0.442215139533402,0.175449713031266,345.333038892982,-1.80973080291946,10
2019-06-26T14:00:00Z,349.910031286304,15.8233112256743,514.34438422037,6.94331104501428,5,0.419542784295252,0.175464552021822,345.599804319484,-1.05014272138105,10
2019-06-26T15:00:00Z,354.202047761451,16.2876672884004,450.623414959964,7.92814860781409,5,0.382768856429153,0.175479392267414,345.843882551758,-1.51345705997429,10
2019-06-26T16:00:00Z,352.926938099582,15.8378370667279,369.165408332142,8.22242450648322,5,0.328890749681561,0.175494233768147,346.05117201592,-1.06543864067559,10
2019-06-26T17:00:00Z,346.24548422603,15.2363907106209,273.176641817096,8.48165866943223,5,0.255279091441082,0.175509076524128,346.204568531833,-0.464799357182687,10
2019-06-26T18:00:00Z,349.370930298012,15.613139283908,166.435339719217,8.48892233366278,5,0.161732189945427,0.175523920535464,346.284338546749,-0.848720196101028,10
2019-06-26T19:00:00Z,348.281919938097,15.3417563512492,53.1429580683131,8.17394887677781,5,0.0527822556389515,0.175538765802259,346.27054681616,-0.545730028016967,10
2019-06-26T20:00:00Z,353.072848601796,16.1832971171825,0,7.94321016413947,5,0,0.175553612324621,346.147790305996,-1.41622235846961,10
2019-06-26T21:00:00Z,351.137111438484,15.9858163737966,0,7.19140992847942,5,0,0.175568460102656,345.972236693672,-1.19259356847311,10
2019-06-26T22:00:00Z,352.940684830686,16.2133344180523,0,6.87817087093919,5,0,0.17558330913647,345.796668233569,-1.42644516997935,10
2019-06-26T23:00:00Z,350.216090889772,15.6219987303708,0,6.17638810221653,5,0,0.175598159426168,345.621084924433,-0.822895780787916,10
2019-06-27T00:00:00Z,336.967103782789,14.2479590643297,0,6.25286863153226,5,0,0.175613010971858,345.445486765007,0.539357199535571,10
2019-06-27T01:00:00Z,330.472633462987,13.7194137469582,0,6.40819236193288,5,0,0.175627863773646,345.269873754035,1.05763777963587,10
2019-06-27T02:00:00Z,326.283555100207,13.0402233218242,0,5.39002717773464,5,0,0.175642717831637,345.094245890261,1.73917924310727,10
2019-06-27T03:00:00Z,327.876481433968,13.3129150611332,0,4.35689336101525,5,0,0.175657573145938,344.918603172429,1.45722817412213,10
2019-06-27T04:00:00Z,345.085758637287,14.8942235499399,35.1611317376767,3.73125853438019,5,0.0349700667727112,0.175672429716655,344.742945599284,-0.0988464068360357,10
2019-06-27T05:00:00Z,347.730217336531,15.4110290307072,135.566942603961,3.35862884584486,5,0.132652222450044,0.175687287543895,344.60224323634,-0.624316852434367,10
2019-06-27T06:00:00Z,348.74433183422,15.1880649334609,230.631999410653,3.14956353104458,5,0.21851114178993,0.175702146627764,344.559208171246,-0.401142667013645,10
2019-06-27T07:00:00Z,345.565486406788,14.6923805470928,316.611148078793,3.31881110267281,5,0.287701014257936,0.175717006968368,344.602017166408,0.0971368436142344,10
2019-06-27T08:00:00Z,341.397580895915,14.2944217415835,390.117180204402,2.8085265255166,5,0.33928914521492,0.175731868565813,344.714001173698,0.48924184677544,10
2019-06-27T09:00:00Z,345.062530842914,14.4990751656528,448.25427449109,2.95586226198334,5,0.374849935424164,0.175746731420205,344.877558450347,0.287940699725876,10
2019-06-27T10:00:00Z,340.00844570228,13.8321087654768,488.732079645535,2.82058746857825,5,0.396786282381262,0.175761595531652,345.076661654351,0.968158144593618,10
2019-06-27T11:00:00Z,345.710976021402,14.4937061589205,509.955944360792,2.79614461405929,5,0.407189631131798,0.175776460900259,345.297686341201,0.313152913444131,10
2019-06-27T12:00:00Z,356.111033921079,15.5592161490856,511.08973971442,3.3356020270838,5,0.407289745698494,0.175791327526133,345.529099511433,-0.76363313602297,10
2019-06-27T13:00:00Z,356.784073592735,15.5009134340947,492.088799049331,3.72699683173035,5,0.397259083384242,0.175806195409379,345.760597929605,-0.702209450522138,10
2019-06-27T14:00:00Z,363.502872934006,16.2990228964061,453.701677647838,4.38094151626249,5,0.376187224464543,0.175821064550105,345.98205081758,-1.49919964922235,10
2019-06-27T15:00:00Z,359.795027548901,15.8303689879823,397.440662875305,4.36199998578423,5,0.342203156150356,0.175835934948416,346.182416977495,-1.02973122898503,10
2019-06-27T16:00:00Z,354.467037962089,15.2948441916886,325.522196566825,4.70775077237796,5,0.292901561231724,0.17585080660442,346.348784198697,-0.497262350568446,10
2019-06-27T17:00:00Z,357.047597630487,15.5974290761776,240.779556758467,4.87984831164108,5,0.226345585678797,0.175865679518221,346.465834953324,-0.790457713006334,10
2019-06-27T18:00:00Z,349.695838111109,14.6499681800572,146.551238727054,5.48605701253112,5,0.142752977625401,0.175880553689928,346.516314859484,0.159589737919659,10
2019-06-27T19:00:00Z,354.839656257911,15.1855160773185,46.5494326451203,5.53584540975879,5,0.0462464445781011,0.175895429119646,346.48318728342,-0.379717081278567,10
2019-06-27T20:00:00Z,352.619103463206,14.919508350787,0,5.16064837981069,5,0,0.175910305807481,346.353538298878,-0.108987316985853,10
2019-06-27T21:00:00Z,357.6554155735,15.693791716579,0,5.34235629233883,5,0,0.17592518375354,346.177627993071,-0.893230429682569,10
2019-06-27T22:00:00Z,358.926504310602,16.2769814478842,0,5.33567012679561,5,0,0.175940062957929,346.001702809317,-1.4675542703282,10
2019-06-27T23:00:00Z,358.820503209669,16.1571534249227,0,5.36251059054176,5,0,0.175954943420756,345.825762746359,-1.34218995270661,10
2019-06-28T00:00:00Z,356.956575026482,15.9617462988086,0,5.04019547383119,5,0,0.175969825142125,345.649807802939,-1.15281845492487,10
2019-06-28T01:00:00Z,355.487751270161,15.7418314269691,0,4.2491876950062,5,0,0.175984708122144,345.473837977797,-0.931822186164668,10
2019-06-28T02:00:00Z,357.427852648408,16.0375701164506,0,3.18552507699434,5,0,0.17599959236092,345.297853269674,-1.22972033491916,10
2019-06-28T03:00:00Z,361.954187128291,16.8338546797703,0,3.2579699111444,5,0,0.176014477858558,345.121853677314,-2.01437060214542,10
2019-06-28T04:00:00Z,361.051889648753,16.7183233840415,54.0536514946537,3.27957821335263,5,0.0536514904000834,0.176029364615165,344.945839199455,-1.90077402322431,10
2019-06-28T05:00:00Z,367.082300090778,17.4821918189602,210.299253149801,2.96710886323093,5,0.199750475620756,0.176044252630847,344.82346132524,-2.63922037694818,10
2019-06-28T06:00:00Z,373.509011085405,18.2274932719074,358.251312736941,1.70392618724683,5,0.313348748123761,0.176059141905712,344.84716754823,-3.41133822208406,10
2019-06-28T07:00:00Z,370.124032328652,18.0619608083551,492.075065691501,1.55289417933649,5,0.390008784174689,0.176074032439865,344.984457154448,-3.24209506773682,10
2019-06-28T08:00:00Z,365.868878411837,17.7741980316812,606.49292349044,1.89303774918522,5,0.437116138529485,0.176088924233413,345.198391906183,-2.96429805855404,10
2019-06-28T09:00:00Z,370.286457511605,18.3006074604251,696.992605168544,1.76472848416748,5,0.464236757628568,0.176103817286462,345.459419120479,-3.47047866241192,10
2019-06-28T10:00:00Z,366.019364441491,17.849774074964,760.005087508197,2.08123175193733,5,0.478608206161986,0.17611871159912,345.74755206082,-3.03034625055538,10
2019-06-28T11:00:00Z,364.852630220802,17.5387821097929,793.045356106037,1.90236035277702,5,0.484560963868928,0.176133607171492,346.050041555383,-2.71370045986653,10
2019-06-28T12:00:00Z,365.554573823795,17.4788302330085,794.810406536465,2.46323174672073,5,0.484117786077242,0.176148504003685,346.358468912081,-2.6443769693117,10
2019-06-28T13:00:00Z,365.972221896975,17.4300399145412,765.23063075391,2.27284654269581,5,0.477487947082935,0.176163402095807,346.666438194154,-2.58853304724272,10
2019-06-28T14:00:00Z,370.210361985447,17.9808147934954,705.47256221553,2.45114285102569,5,0.463113652742498,0.176178301447962,346.967762739141,-3.15578929917731,10
2019-06-28T15:00:00Z,368.942736025324,17.7644631930485,617.892871465339,3.38442959712051,5,0.437236651459835,0.176193202060258,347.254698090435,-2.93927923005955,10
2019-06-28T16:00:00Z,368.799570894846,17.7043234895369,505.945426449421,3.63905367644155,5,0.393205942346836,0.176208103932802,347.515741539835,-2.87224380546122,10
2019-06-28T17:00:00Z,369.466444977923,17.4163631133237,374.045082811531,4.53313600052279,5,0.321564294794853,0.176223007065699,347.732739378249,-2.57302057984925,10
2019-06-28T18:00:00Z,371.455004484511,17.7359991374578,227.393575852013,4.87429230898897,5,0.213627127360035,0.176237911459057,347.878080665978,-2.90233354858706,10
2019-06-28T19:00:00Z,375.815491134364,18.4038370071632,71.774380424386,5.48337267541082,5,0.0710383089524434,0.176252817112983,347.915469881879,-3.5681663452288,10
2019-06-28T20:00:00Z,375.05508289205,18.334964533846,0,5.42010967772101,5,0,0.176267724027582,347.810255373719,-3.49209837275112,10
2019-06-28T21:00:00Z,379.450342033308,18.8597429816663,0,5.57522326399356,5,0,0.176282632202961,347.633987649691,-4.01609457476921,10
2019-06-28T22:00:00Z,381.724289666937,19.086177127518,0,5.56240520711207,5,0,0.176297541639228,347.457705017488,-4.23781020720354,10
2019-06-28T23:00:00Z,371.365529029206,17.6635379866831,0,5.07236774734184,5,0,0.176312452336488,347.281407475849,-2.84431605968005,10
2019-06-29T00:00:00Z,369.352265146814,17.0793700526579,0,5.36650511936865,5,0,0.176327364294849,347.105095023513,-2.25119432092318,10
2019-06-29T01:00:00Z,369.153393966868,16.7277018035787,0,5.29517579312507,5,0,0.176342277514417,346.928767659218,-1.89825858835789,10
2019-06-29T02:00:00Z,360.838832065196,15.8955394407082,0,4.46911275560674,5,0,0.176357191995298,346.752425381703,-1.04926962968944,10
2019-06-29T03:00:00Z,359.981156790368,16.2277529456563,0,4.52679192822916,5,0,0.1763721077376,346.576068189708,-1.39757085606316,10
2019-06-29T04:00:00Z,356.573060244124,15.7894448509757,36.3872178648362,3.89654428619527,5,0.0361738688826425,0.176387024741429,346.39969608197,-0.94673093369247,10
2019-06-29T05:00:00Z,364.233144841761,16.4373240886518,143.079211844425,2.43205415520442,5,0.139004665833894,0.176401943006891,346.259482926112,-1.58684152300276,10
2019-06-29T06:00:00Z,366.650938925305,16.8706311865811,244.121781363105,2.11238271254464,5,0.226726724275465,0.176416862534094,346.222085648939,-2.00372210398443,10
2019-06-29T07:00:00Z,365.528076554847,17.0688501292536,335.525301677538,1.59248831954199,5,0.294353397238255,0.176431783323144,346.27239551068,-2.22251032273426,10
2019-06-29T08:00:00Z,359.140518097278,16.0037618137267,413.680741980097,1.4106507306749,5,0.342373191912357,0.176446705374148,346.390317124595,-1.15397151944598,10
2019-06-29T09:00:00Z,344.080085383052,14.2947725223139,475.502166511795,1.2550405708193,5,0.374032030198793,0.176461628687213,346.556243611133,0.558833948249044,10
2019-06-29T10:00:00Z,341.379621685642,14.0975436430138,518.548581480065,0.5,5,0.39291467253652,0.176476553262445,346.753814012645,0.749002908830069,10
2019-06-29T11:00:00Z,341.047116869743,14.054847949268,541.120316705423,0.539110224016107,5,0.40172359813692,0.176491479099951,346.970252131919,0.766906466394455,10
2019-06-29T12:00:00Z,346.703114006116,14.4788020435423,542.326136406909,1.34617477978787,5,0.401902289685745,0.176506406199838,347.195484250956,0.391310741173997,10
2019-06-29T13:00:00Z,344.173161572225,14.2733948306617,522.118429284256,1.05147220162665,5,0.393585519496178,0.176521334562213,347.420880134442,0.579419299303497,10
2019-06-29T14:00:00Z,341.726085190448,14.272463862198,481.295088430708,2.12892031676078,5,0.375595137906093,0.176536264187182,347.637944319376,0.577866846649055,10
2019-06-29T15:00:00Z,350.09449679468,14.8338394389351,421.468006848898,3.19998909745279,5,0.345457334546521,0.176551195074852,347.837003193094,0.0277896525378457,10
2019-06-29T16:00:00Z,349.030856670158,14.7358659172157,344.999432511513,3.15469767897043,5,0.299676154339543,0.176566127225331,348.005909332566,0.117959355221874,10
2019-06-29T17:00:00Z,349.004513532767,14.6661223044605,254.908695961286,4.4391223367888,5,0.234770650666357,0.176581060638724,348.129019359681,0.204329369608594,10
2019-06-29T18:00:00Z,346.306491997257,14.4043411515819,154.752993273087,4.16283219177216,5,0.149563198088851,0.176595995315139,348.187208949708,0.45361784176574,10
2019-06-29T19:00:00Z,348.640089782483,14.8196512746369,48.4869316143159,4.33940254464413,5,0.0481361550568996,0.176610931254682,348.160176152481,0.0526563386081988,10
2019-06-29T20:00:00Z,351.446677724867,15.3825230673378,0,4.18375286535197,5,0,0.17662586845746,348.031701376283,-0.519858495713653,10
2019-06-29T21:00:00Z,361.118549210933,16.5508390937953,0,4.63466047809963,5,0,0.176640806923581,347.855075507826,-1.69437280858429,10
2019-06-29T22:00:00Z,366.473514238103,17.1119936036832,0,3.90238070933031,5,0,0.17665574665315,347.678434700902,-2.23712144404784,10
2019-06-29T23:00:00Z,360.143345961142,16.3824998971079,0,3.44592575648468,5,0,0.176670687646276,347.501778954249,-1.48933386086107,10
2019-06-30T00:00:00Z,356.891768995934,15.6746285271475,0,2.49817291912433,5,0,0.176685629903064,347.325108266602,-0.814553453662444,10
2019-06-30T01:00:00Z,354.559833909293,15.2768087825961,0,2.52172180422953,5,0,0.176700573423621,347.148422636699,-0.409966144041152,10
2019-06-30T02:00:00Z,344.202282871984,14.2479572427962,0,2.40135405465992,5,0,0.176715518208055,346.971722063276,0.612848881880812,10
2019-06-30T03:00:00Z,343.361403708725,14.4169037765775,0,1.98424400547762,5,0,0.176730464256473,346.795006545068,0.472766103317026,10
2019-06-30T04:00:00Z,353.257614223416,15.4851794952752,49.9665349352756,1.32014324945434,5,0.0495929298745727,0.17674541156898,346.618276080811,-0.608906748108,10
2019-06-30T05:00:00Z,347.318551273503,14.9514130422202,198.905494380444,0.658427717792803,5,0.188450920128534,0.176760360145685,346.491123599117,-0.0984340287759155,10
2019-06-30T06:00:00Z,354.678367712808,15.811550228005,339.979951275072,0.544114827714414,5,0.295312188040042,0.176775309986694,346.502814159099,-0.956017977178275,10
2019-06-30T07:00:00Z,359.031319438991,16.4378527215493,467.611978123896,0.5,5,0.366501089179861,0.176790261092114,346.621351037153,-1.54971106890497,10
2019-06-30T08:00:00Z,361.680463757198,16.8400048553641,576.755146200501,0.82134024394568,5,0.409833157137001,0.176805213462051,346.811061865241,-1.9570132338084,10
2019-06-30T09:00:00Z,350.734753107347,15.4641229810556,663.094055739857,0.5,5,0.434752074504387,0.176820167096614,347.044089808916,-0.602772247990522,10
2019-06-30T10:00:00Z,348.376157614044,15.3235301613247,723.21496205684,0.683234579849298,5,0.448139591895602,0.176835121995909,347.302021716324,-0.453071509328791,10
2019-06-30T11:00:00Z,350.832083895192,15.6587096222252,754.740751223335,0.747016647587333,5,0.453996448078138,0.176850078160042,347.573326186223,-0.770976164845141,10
2019-06-30T12:00:00Z,353.998424174981,16.0962816974966,756.424928515401,1.02722694140127,5,0.454130119573215,0.176865035589121,347.850472556141,-1.2108341316364,10
2019-06-30T13:00:00Z,362.800952141138,17.0236772159017,728.200903431604,1.4262425441986,5,0.4486538257465,0.176879994283254,348.127737640126,-2.15608882403342,10
2019-06-30T14:00:00Z,371.859788273002,18.2743025234146,671.184622607553,2.10261563245565,5,0.436018675800678,0.176894954242545,348.399511471589,-3.37927729503467,10
2019-06-30T15:00:00Z,376.696910799166,19.0685711231356,587.630446524137,2.17516492123527,5,0.412566228949754,0.176909915467104,348.658635193147,-4.18407796688106,10
2019-06-30T16:00:00Z,377.531757831567,18.4781311749235,480.842014595457,2.16135989542867,5,0.371814896415696,0.176924877957036,348.89429150663,-3.57568947176011,10
2019-06-30T17:00:00Z,369.633230538331,17.5671404112436,355.041622931971,2.84723524417891,5,0.304500594829286,0.176939841712449,349.089181525088,-2.67138691845077,10
2019-06-30T18:00:00Z,373.790328590377,18.5267014727562,215.20327943717,3.95543029669002,5,0.202081824827234,0.176954806733451,349.216742278205,-3.6223733979302,10
2019-06-30T19:00:00Z,374.456301771079,18.3771583760988,66.8560370540303,4.38453863047949,5,0.0661811370359524,0.176969773020147,349.241869296299,-3.50304815720983,10
2019-06-30T20:00:00Z,377.693928432725,18.5927717878621,0,4.58285334246351,5,0,0.176984740572644,349.131080660315,-3.69030565917505,10
2019-06-30T21:00:00Z,372.658605935128,18.2583007491255,0,4.56337501666862,5,0,0.176999709391051,348.954095919742,-3.35153751165447,10
2019-06-30T22:00:00Z,373.735762116982,18.2215014864201,0,4.39841009104302,5,0,0.177014679475474,348.777096210351,-3.3187597755695,10
2019-06-30T23:00:00Z,369.244114464715,17.5902467680795,0,3.29955949419563,5,0,0.17702965082602,348.600081530876,-2.70265261087669,10
2019-07-01T00:00:00Z,359.486514294269,16.3698065610191,0,3.23187789657714,5,0,0.177044623442797,348.42305188005,-1.47028422323564,10
2019-07-01T01:00:00Z,355.414052076667,15.5132776521099,0,2.6561494739842,5,0,0.17705959732591,348.246007256607,-0.631197941530723,10
2019-07-01T02:00:00Z,349.519229186366,15.0950025353407,0,2.4140371764715,5,0,0.177074572475468,348.068947659281,-0.198219837719074,10
2019-07-01T03:00:00Z,348.84821886718,15.0620970510051,0,2.68853398857923,5,0,0.177089548891578,347.891873086805,-0.165829017341473,10
2019-07-01T04:00:00Z,350.346265213812,15.0431423067447,45.5718930194031,2.27792797877198,5,0.0452537268509734,0.177104526574346,347.714783537914,-0.13469051718059,10
2019-07-01T05:00:00Z,356.90829219427,15.7677620312381,183.978505300998,2.236381898679,5,0.175422936182378,0.17711950552388,347.582932738191,-0.8398725201937,10
2019-07-01T06:00:00Z,358.234185076034,16.1460133377235,315.099615920863,1.71760207198247,5,0.27821690499187,0.177134485740287,347.581236168849,-1.23514687430144,10
2019-07-01T07:00:00Z,357.584827593167,16.2773149994989,433.742862500873,2.20365093573138,5,0.349236884811863,0.177149467223674,347.682318588101,-1.3727436393343,10
2019-07-01T08:00:00Z,354.5255655647,16.1586599693037,535.210002881175,2.77574914129302,5,0.39421107086321,0.177164449974148,347.854406005688,-1.23942305909661,10
2019-07-01T09:00:00Z,346.553617965084,15.2890278580093,615.482964305704,3.14751860123316,5,0.421085732451735,0.177179433991817,348.071452626577,-0.370110192085954,10
2019-07-01T10:00:00Z,337.782785391175,14.1040200683362,671.382958073609,3.61375370386745,5,0.436066609497379,0.177194419276787,348.315358925037,0.810967413142804,10
2019-07-01T11:00:00Z,344.508181675978,14.9674918991739,700.696358757177,3.93819574852013,5,0.44292969000044,0.177209405829166,348.574231115258,-0.0603140795233813,10
2019-07-01T12:00:00Z,349.730032296462,15.6825254057502,702.262363201488,4.35817195952479,5,0.443413403119357,0.177224393649061,348.83995139943,-0.761694164058907,10
2019-07-01T13:00:00Z,361.402300660479,16.8735188695461,676.018958031867,4.86752247074044,5,0.43758460498171,0.177239382736579,349.1061404089,-1.95036204086945,10
2019-07-01T14:00:00Z,359.053197821681,16.5559773644394,623.00537536763,5.10179905037563,5,0.423857392245147,0.177254373091827,349.366485631145,-1.63555871763944,10
2019-07-01T15:00:00Z,360.404944406549,16.5873587376556,545.320939496486,5.16895788798311,5,0.398656920627007,0.177269364714913,349.613088650298,-1.64937799598098,10
2019-07-01T16:00:00Z,357.535351355694,15.9948256514153,446.041934170733,5.31622176809819,5,0.35601017239909,0.177284357605944,349.83447620621,-1.0517643539303,10
2019-07-01T17:00:00Z,349.718307042033,15.2701718942366,329.099782559031,5.76376054660073,5,0.288065664653177,0.177299351765027,350.013202021003,-0.358813846915047,10
2019-07-01T18:00:00Z,348.9662353226,15.7114395265293,199.125363896426,5.73620305398487,5,0.188624940255496,0.177314347192269,350.123968333891,-0.784925252444161,10
2019-07-01T19:00:00Z,352.728023307692,15.8944597480445,61.2656318533987,4.97055742939465,5,0.0607083714895865,0.177329343887778,350.135278926954,-0.983033629777072,10
2019-07-01T20:00:00Z,353.704268659321,16.4179478345732,0,5.27003680423986,5,0,0.177344341851661,350.018657954556,-1.49839472800789,10
2019-07-01T21:00:00Z,356.22465590068,16.3567484710591,0,5.24235801512653,5,0,0.177359341084024,349.841313612704,-1.43484380064937,10
2019-07-01T22:00:00Z,362.28032995798,17.1454987466222,0,4.73016184783197,5,0,0.177374341584976,349.66395427162,-2.21940719854186,10
2019-07-01T23:00:00Z,364.861019848391,17.4701078284307,0,4.33644248356825,5,0,0.177389343354624,349.486579930035,-2.52377641573005,10
2019-07-02T00:00:00Z,356.847382627809,16.2728653815169,0,4.15535638467541,5,0,0.177404346393074,349.309190586681,-1.35116679572269,10
2019-07-02T01:00:00Z,356.909063959233,15.9674810053271,0,4.45359021502164,5,0,0.177419350700435,349.131786240288,-1.03108672776585,10
2019-07-02T02:00:00Z,356.468741195015,15.9527699646483,0,4.46590308096832,5,0,0.177434356276814,348.954366889587,-1.01239865388202,10
2019-07-02T03:00:00Z,356.351731532134,15.8391616422047,0,3.76213544527285,5,0,0.177449363122318,348.776932533311,-0.90299148706749,10
2019-07-02T04:00:00Z,357.565438336396,16.2804920878769,47.2388723594772,4.41219354285487,5,0.0469039264458253,0.177464371237053,348.599483170189,-1.33989291981132,10
2019-07-02T05:00:00Z,353.659841566275,15.4351396291449,193.766793006168,4.58724285092194,5,0.184201838251579,0.177479380621129,348.468922725397,-0.505393814234979,10
2019-07-02T06:00:00Z,353.061122620399,15.4157119005255,332.608538266913,4.48108197802371,5,0.29129174055927,0.177494391274651,348.475645183028,-0.482795826689591,10
2019-07-02T07:00:00Z,349.099205540811,15.1359290824664,458.256652563753,4.41853895596117,5,0.364065131563077,0.177509403197728,348.589442532312,-0.203983945683586,10
2019-07-02T08:00:00Z,344.898447686068,14.1794478420531,565.727033985233,4.08442875860107,5,0.409461573495537,0.177524416390466,348.775998260678,0.738627784667215,10
2019-07-02T09:00:00Z,343.823056357426,13.9209926805276,650.756639377339,4.30507704363882,5,0.436336750229613,0.177539430852974,349.007935417783,1.02651719042095,10
2019-07-02T10:00:00Z,340.708331979514,13.8243679036223,709.972587092489,4.66772224613872,5,0.451322246062213,0.177554446585358,349.26673273716,1.11397747954881,10
2019-07-02T11:00:00Z,345.705249086276,14.7630591849298,741.025949573372,4.77165324733299,5,0.458332696132637,0.177569463587726,349.540500536637,0.178927776732462,10
2019-07-02T12:00:00Z,359.650175593674,16.6236290093398,742.684928601892,5.193499395854,5,0.459120490079654,0.177584481860185,349.821263769181,-1.67197641770419,10
2019-07-02T13:00:00Z,367.668034890668,17.7215424040957,714.883717217129,5.09012305308775,5,0.453709065763997,0.177599501402843,350.102799777401,-2.77479356893401,10
2019-07-02T14:00:00Z,368.184768949943,17.7416446524614,658.725110089573,5.88462100394664,5,0.440407678377252,0.177614522215807,350.378909341762,-2.79525915539021,10
2019-07-02T15:00:00Z,372.830578406021,18.082626786089,576.436758805526,6.11556989984417,5,0.415410101380612,0.177629544299185,350.641702497923,-3.13916829980802,10
2019-07-02T16:00:00Z,366.322568647621,17.1256296657766,471.282807289635,5.57767711319402,5,0.372261726991309,0.177644567653084,350.879483055004,-2.15947104323881,10
2019-07-02T17:00:00Z,358.208651758355,16.1274510410373,347.434412536024,5.59687401399782,5,0.302276564392162,0.177659592277611,351.074100214343,-1.17480593510396,10
2019-07-02T18:00:00Z,356.127103694052,15.7070224066237,209.804286720888,5.855159893752,5,0.198305276113189,0.177674618172874,351.198717186457,-0.753326569649416,10
2019-07-02T19:00:00Z,355.946113963438,15.8893314494522,63.8518239385062,6.1594438332448,5,0.0632645552463928,0.177689645338981,351.219347844397,-0.925782791898769,10
2019-07-02T20:00:00Z,362.180859724471,16.9720195326166,0,5.60659891612498,5,0,0.177704673776039,351.104922754304,-2.01322568913731,10
2019-07-02T21:00:00Z,366.791396126559,17.356088965986,0,5.48938953309527,5,0,0.177719703484155,350.927218080528,-2.40864109218024,10
2019-07-02T22:00:00Z,367.232591285293,17.5710830820818,0,5.21109041131043,5,0,0.177734734463437,350.749498377044,-2.61764761180227,10
2019-07-02T23:00:00Z,361.993924173669,16.735138623841,0,4.69510348756857,5,0,0.177749766713992,350.571763642581,-1.78415987543788,10
2019-07-03T00:00:00Z,349.502969778449,15.2885063672625,0,3.92472812727466,5,0,0.177764800235929,350.394013875867,-0.345341387540172,10
2019-07-03T01:00:00Z,340.950632704385,14.411178125531,0,2.95800983121061,5,0,0.177779835029354,350.216249075631,0.548402048867991,10
2019-07-03T02:00:00Z,345.09358733,14.7921761729189,0,2.67353149946449,5,0,0.177794871094375,350.038469240602,0.176263309372244,10
2019-07-03T03:00:00Z,337.116908159316,13.8705628292568,0,1.82982620662127,5,0,0.177809908431099,349.860674369507,1.08800557933574,10
2019-07-03T04:00:00Z,338.168206573781,13.7587538956757,31.7140691353774,1.17708499092755,5,0.0315415071855209,0.177824947039635,349.682864461076,1.21065808796036,10
2019-07-03T05:00:00Z,343.290426192096,14.1950039135225,132.434676466004,1.26307743827845,5,0.129213018815258,0.177839986920089,349.536581021222,0.778802095128033,10
2019-07-03T06:00:00Z,356.124248070472,15.8099215683961,227.892186230638,0.86676584601695,5,0.214043070273758,0.17785502807257,349.487954053117,-0.843551176997863,10
2019-07-03T07:00:00Z,356.013169563867,16.2053795126244,314.293013541208,0.922304516192421,5,0.281243187892205,0.177870070497184,349.524142095318,-1.24137576650154,10
2019-07-03T08:00:00Z,353.520277718484,15.7604773434411,388.203495885352,1.37633836694504,5,0.33057188946103,0.17788511419404,349.627515212713,-0.797498562744709,10
2019-07-03T09:00:00Z,347.193894941135,14.8402876724819,446.686350595818,1.56566214614855,5,0.364305143348062,0.177900159163245,349.78020198798,0.1281686171597,10
2019-07-03T10:00:00Z,351.113283006701,15.4178957803666,487.417405646874,1.79111683257502,5,0.385248347301812,0.177915205404906,349.966606972165,-0.429753682874408,10
2019-07-03T11:00:00Z,340.737979891956,13.7625161233213,508.777964769387,1.80903142803049,5,0.395597934897863,0.177930252919132,350.173940114062,1.21214481277443,10
2019-07-03T12:00:00Z,355.925385284476,15.974332699395,509.919136194781,1.83161127092502,5,0.396496974235413,0.17794530170603,350.391607796041,-1.00395457920526,10
2019-07-03T13:00:00Z,361.489781885256,16.6987684952528,490.795568533891,1.86477697572034,5,0.387922675402517,0.177960351765707,350.61015946857,-1.72702288277105,10
2019-07-03T14:00:00Z,366.415127815721,17.0958290973325,452.167253090316,2.4442021827832,5,0.368693619435803,0.177975403098272,350.820121792207,-2.11759813117839,10
2019-07-03T15:00:00Z,369.706009082545,17.2209492466257,395.56932098239,2.06384200804909,5,0.336596699062612,0.177990455703831,351.010840008545,-2.2408857165354,10
2019-07-03T16:00:00Z,370.136857086755,16.7477674677617,323.251035368875,2.64455118666187,5,0.288837988802622,0.178005509582493,351.169446251903,-1.75431110377281,10
2019-07-03T17:00:00Z,363.012875813167,15.5582084146501,238.086403293439,2.47733240190759,5,0.223150205350338,0.178020564734365,351.280278731123,-0.581192029370849,10
2019-07-03T18:00:00Z,362.840771044326,15.6872910513946,143.4599595301,2.82001934166983,5,0.139675732976644,0.178035621159555,351.325408371739,-0.695021628556946,10
2019-07-03T19:00:00Z,371.988208821851,16.9197879531142,43.1322615033873,3.52745163778914,5,0.042860635763503,0.178050678858171,351.287048483556,-1.9423477571646,10
2019-07-03T20:00:00Z,374.869110608922,17.1487384679081,0,3.79076714291549,5,0,0.17806573783032,351.151858440462,-2.16154095609812,10
2019-07-03T21:00:00Z,375.391180181436,17.4451041938927,0,3.60807467032519,5,0,0.178080798076109,350.973792702631,-2.46231091874357,10
2019-07-03T22:00:00Z,373.075722575661,17.4340299904654,0,3.58286241753422,5,0,0.178095859595648,350.795711904555,-2.43647094002331,10
2019-07-03T23:00:00Z,364.344764742453,16.5240791630245,0,2.63270706512043,5,0,0.178110922389043,350.617616044959,-1.52135600502784,10
2019-07-04T00:00:00Z,354.999394509147,15.7013605871436,0,2.11505055138667,5,0,0.178125986456402,350.43950512257,-0.696006976336041,10
2019-07-04T01:00:00Z,343.136984556504,14.4331301494575,0,1.68475539322324,5,0,0.178141051797833,350.261379136114,0.564965133017979,10
2019-07-04T02:00:00Z,348.648080207236,15.2522695305027,0,0.5,5,0,0.178156118413444,350.083238084316,-0.264823056166236,10
2019-07-04T03:00:00Z,354.870740040206,16.0615881611573,0,0.694057180900028,5,0,0.178171186303342,349.905081965902,-1.06908049207861,10
2019-07-04T04:00:00Z,358.989256355761,16.3995205431038,40.8480355854961,0.562973687039069,5,0.0406028549536606,0.178186255467635,349.726910779599,-1.40150719565205,10
2019-07-04T05:00:00Z,364.202886867372,17.2046029059063,174.025565130975,0.789471176577495,5,0.167997065647784,0.178201325906432,349.589327379085,-2.2292265773747,10
2019-07-04T06:00:00Z,359.293022360531,16.9497930678619,300.273126681003,0.622122840798737,5,0.273791857520231,0.178216397619839,349.579123118826,-1.938089097235,10
2019-07-04T07:00:00Z,363.437543224471,17.3004289039674,414.563346467895,0.761292899845829,5,0.352308327891282,0.178231470607965,349.674698578726,-2.31236869744057,10
2019-07-04T08:00:00Z,354.217226755475,16.2306641533827,512.345010624195,1.59560034959032,5,0.406070702129787,0.178246544870917,349.84877543601,-1.23525767235274,10
2019-07-04T09:00:00Z,351.637089098415,16.0225805692231,589.72430157985,1.6993867150949,5,0.440678467660288,0.178261620408804,350.076599593269,-1.00801390812762,10
2019-07-04T10:00:00Z,356.406020058948,16.4039478473376,643.619855918917,2.01853320045127,5,0.461298322594893,0.178276697221732,350.33901644052,-1.3973500845606,10
2019-07-04T11:00:00Z,361.403696443883,16.8431523209556,671.885469051364,2.51338105409499,5,0.471405121623852,0.17829177530981,350.622038065894,-1.83467895591334,10
2019-07-04T12:00:00Z,363.68415716723,17.4080639404336,673.395560409577,2.99301237310392,5,0.472650929284398,0.178306854673147,350.915151412208,-2.41056092672688,10
2019-07-04T13:00:00Z,372.932876210362,18.7023762003739,648.089995812839,3.61766365922975,5,0.464981112745091,0.178321935311848,351.209495486819,-3.71214311601412,10
2019-07-04T14:00:00Z,376.640181553296,19.2385860382805,596.976482103708,3.87503799544385,5,0.446644018138009,0.178337017226024,351.496154664252,-4.23900051153631,10
2019-07-04T15:00:00Z,378.257138590697,19.4124605414913,522.090438698135,4.09388052135044,5,0.414105140645064,0.17835210041578,351.764461665164,-4.39869043601491,10
2019-07-04T16:00:00Z,367.851004220631,17.7473293370704,426.41394402647,3.92320696557558,5,0.362227790547128,0.178367184881226,352.000214705393,-2.73015738436517,10
2019-07-04T17:00:00Z,358.605909052637,16.279500744077,313.756984543821,4.06121547470427,5,0.285547228691756,0.178382270622469,352.184075311059,-1.26781719217084,10
2019-07-04T18:00:00Z,360.470210507172,16.2883035726953,188.605735158412,4.08989716331565,5,0.181591211168895,0.178397357639617,352.291240269128,-1.27974501615978,10
2019-07-04T19:00:00Z,359.16370058265,15.9166445745979,55.9439127866545,3.96408168541768,5,0.0555385288953116,0.178412445932778,352.294434122658,-0.899094526343862,10
2019-07-04T20:00:00Z,362.027793974469,16.4661662796778,0,4.20609309336891,5,0,0.17842753550206,352.17156020562,-1.45739055920351,10
2019-07-04T21:00:00Z,367.221308371874,17.5588573857075,0,4.24666531413853,5,0,0.178442626347571,351.993132670118,-2.53749351364746,10
2019-07-04T22:00:00Z,366.057582020816,17.2979711568471,0,3.60236041559147,5,0,0.178457718469418,351.814690043771,-2.29148488741345,10
2019-07-04T23:00:00Z,362.984938980609,17.0126019908946,0,3.17409354059428,5,0,0.17847281186771,351.636232325301,-1.97523783489891,10
2019-07-05T00:00:00Z,355.536647694243,15.5803671572374,0,2.97730795023083,5,0,0.178487906542555,351.457759513433,-0.587417048461206,10
2019-07-05T01:00:00Z,356.891287695852,14.9740198556666,0,2.77355398341719,5,0,0.17850300249406,351.279271606891,0.0614095224970316,10
2019-07-05T02:00:00Z,346.751066904939,13.9494582613221,0,2.44854663020985,5,0,0.178518099722334,351.100768604397,1.06648864369677,10
2019-07-05T03:00:00Z,349.30422929357,14.6391540806214,0,1.8271500304138,5,0,0.178533198227484,350.922250504674,0.397118749852856,10
2019-07-05T04:00:00Z,355.19099722642,15.2599500059464,17.6122174631485,2.22128467293614,5,0.0175322759260583,0.178548298009619,350.743717306447,-0.249552880268112,10
2019-07-05T05:00:00Z,358.276440309324,15.853834760082,76.7261435285277,2.13000523337256,5,0.0759962935024939,0.178563399068847,350.582701284363,-0.830892108849884,10
2019-07-05T06:00:00Z,358.157368649117,16.115276249501,132.778041436893,1.65846215671024,5,0.130162947890597,0.178578501405275,350.480134178797,-1.08566807159578,10
2019-07-05T07:00:00Z,354.898320415631,15.8511601805742,183.530961932667,2.07771263188591,5,0.177460865030048,0.178593605019012,350.431718625283,-0.832505173216377,10
2019-07-05T08:00:00Z,352.709926570542,15.3345589806202,226.959430197726,1.87207172258304,5,0.216234426735688,0.178608709910165,350.430585885293,-0.30990674708192,10
2019-07-05T09:00:00Z,346.233357761461,14.8479819419854,261.330279588628,2.66951378750945,5,0.245659067403478,0.178623816078843,350.468211602119,0.188218640763489,10
2019-07-05T10:00:00Z,335.513081491169,13.8452643876413,285.271819782162,2.82963695563064,5,0.265476234801988,0.178638923525154,350.535246853444,1.19272055285649,10
2019-07-05T11:00:00Z,333.622864407911,13.6518015646936,297.828578929704,2.61264084451862,5,0.275694874608059,0.178654032249205,350.622084164721,1.36967100916425,10
2019-07-05T12:00:00Z,343.955973091083,14.7309493164412,298.499435141084,3.11424062566011,5,0.276360711397516,0.178669142251106,350.719125007079,0.293984557115147,10
2019-07-05T13:00:00Z,345.15325861943,14.5486316186372,287.2576155262,3.98563553734399,5,0.267438685882538,0.178684253530963,350.816816576225,0.489690053378938,10
2019-07-05T14:00:00Z,348.169115191241,14.7486069500948,264.551764661904,3.98587022357252,5,0.248820324145058,0.178699366088886,350.905571008577,0.303067061708612,10
2019-07-05T15:00:00Z,350.173973239325,14.8475891836587,231.288039843195,3.89231775410889,5,0.220453389843855,0.178714479924981,350.975691966634,0.198631710306844,10
2019-07-05T16:00:00Z,341.159089653639,14.0513391267193,188.793947671054,4.3397761738043,5,0.182576111294392,0.178729595039358,351.017430876552,0.973466542557197,10
2019-07-05T17:00:00Z,337.30801203654,13.4928809869809,138.765365205814,3.82294820433989,5,0.136004912595343,0.178744711432124,351.021277392807,1.54116830562583,10
2019-07-05T18:00:00Z,336.274810343707,13.1210026433672,83.1988599943269,3.89900730351776,5,0.082374525086114,0.178759829103387,350.97853759397,1.9031152362888,10
2019-07-05T19:00:00Z,341.023625629584,13.9265952972373,24.3120099796452,3.78138230468578,5,0.0241967551231232,0.178774948053256,350.882152289953,1.1249986614062,10
2019-07-05T20:00:00Z,347.88023475402,14.9065852087938,0,4.09558643532497,5,0,0.178790068281839,350.727574097023,0.129704269710931,10
2019-07-05T21:00:00Z,345.341384201021,14.6078791547887,0,3.23399531374584,5,0,0.178805189789243,350.548784028741,0.438262182081112,10
2019-07-05T22:00:00Z,345.150996718476,14.3040280525167,0,2.44462055899487,5,0,0.178820312575578,350.369978838951,0.749563363065466,10
2019-07-05T23:00:00Z,349.312888586935,14.6891673432968,0,2.13090560860696,5,0,0.178835436640951,350.191158526376,0.358252140222646,10
2019-07-06T00:00:00Z,350.300658808562,14.7607634442047,0,1.49016501130947,5,0,0.17885056198547,350.012323089735,0.28074124516646,10
2019-07-06T01:00:00Z,334.785774322897,13.3074185618342,0,1.35836132095677,5,0,0.178865688609244,349.833472527749,1.74498282541757,10
2019-07-06T02:00:00Z,325.797025789213,12.1470118591391,0,0.928075864913522,5,0,0.17888081651238,349.65460683914,2.89217476932073,10
2019-07-06T03:00:00Z,333.052120029275,13.1471091168714,0,0.5,5,0,0.178895945694987,349.475726022628,1.93038546584589,10
2019-07-06T04:00:00Z,346.429419605488,14.6143813939011,43.1856936164597,0.741197525852899,5,0.0429402612367561,0.178911076157174,349.296830076933,0.415660241925768,10
2019-07-06T05:00:00Z,336.35365127712,13.7765911997959,192.858244123549,0.5,5,0.186767343252085,0.178926207899048,349.160859262012,1.30169556174475,10
2019-07-06T06:00:00Z,339.418782902374,14.0807311144401,334.816073343252,0.542118581748671,5,0.307699600136915,0.178941340920718,349.168700397365,0.982482854830638,10
2019-07-06T07:00:00Z,337.252340866361,13.9784205474074,463.380579917513,0.576996928636645,5,0.398983990738762,0.178956475222291,349.297458656582,1.07449200022042,10
2019-07-06T08:00:00Z,336.77247059111,13.6517501742699,573.40892258394,0.5,5,0.462639767733283,0.178971610803877,349.517486172098,1.41099842930635,10
2019-07-06T09:00:00Z,326.124849231984,12.5044875767817,660.499744266812,0.5,5,0.504320605853804,0.178986747665583,349.801154329028,2.55627953125867,10
2019-07-06T10:00:00Z,326.310333410289,12.6307257383914,721.169235295321,0.5,5,0.529516430125797,0.179001885807517,350.126488187216,2.45429894802634,10
2019-07-06T11:00:00Z,325.870511969969,12.0962841419349,752.990492862901,0.5,5,0.542019064247933,0.179017025229789,350.477002731534,2.98954568028696,10
2019-07-06T12:00:00Z,333.527631724169,12.8277893955827,754.690602066362,1.27499536023965,5,0.54364126694874,0.179032165932505,350.840004770552,2.24487905456375,10
2019-07-06T13:00:00Z,337.463093121034,13.0789491079208,726.201555086167,1.40136862531073,5,0.534278648780573,0.179047307915776,351.204613871568,1.98445897464126,10
2019-07-06T14:00:00Z,341.617015621711,13.9748015150755,668.662971637272,2.32357925718457,5,0.511923621761702,0.179062451179708,351.559845212433,1.09421493784988,10
2019-07-06T15:00:00Z,342.65759062407,13.7116805499974,584.376511866989,2.83382090401626,5,0.472649610718434,0.17907759572441,351.892706383015,1.34925838913613,10
2019-07-06T16:00:00Z,332.154660735201,12.6000081675447,476.713805276473,2.93966199376407,5,0.410974884982158,0.17909274154999,352.186278398009,2.46041784882287,10
2019-07-06T17:00:00Z,330.975630972915,12.3650268343818,349.981578695921,3.82410360306612,5,0.321450112573443,0.179107888656558,352.418160541441,2.70317975443868,10
2019-07-06T18:00:00Z,320.060249486033,11.549844317325,209.249378468254,4.35952387225551,5,0.202255718714849,0.17912303704422,352.560502765358,3.537964469209,10
2019-07-06T19:00:00Z,307.175233436878,10.2779855616016,60.1467783036928,3.94099846799462,5,0.05974198812055,0.179138186713086,352.583635447029,4.79098137903195,10
2019-07-06T20:00:00Z,312.340195060254,10.4711163362458,0,4.32588001517167,5,0,0.179153337663264,352.464239248436,4.6066433066395,10
2019-07-06T21:00:00Z,322.68038781043,11.410455952758,0,4.80388431823694,5,0,0.179168489894862,352.285085910773,3.67872184580135,10
2019-07-06T22:00:00Z,324.952106518707,11.8653994376368,0,4.50617300910754,5,0,0.179183643407989,352.105917420878,3.21634066942901,10
2019-07-06T23:00:00Z,329.192547887151,12.2945333783934,0,3.97011128156465,5,0,0.179198798202752,351.92673377747,2.78949427414434,10
2019-07-07T00:00:00Z,319.574966278186,10.9034962679705,0,3.97117035347167,5,0,0.179213954279261,351.747534979267,4.16996543220806,10
2019-07-07T01:00:00Z,332.335643480237,12.6466993838521,0,4.23612833660886,5,0,0.179229111637624,351.568321024988,2.43576737167461,10
2019-07-07T02:00:00Z,333.650704423191,12.6718111195593,0,3.61220648308234,5,0,0.179244270277949,351.38909191335,2.40082024989343,10
2019-07-07T03:00:00Z,332.655815580065,13.0325245077825,0,3.38582214253194,5,0,0.179259430200344,351.209847643072,2.04366954759503,10
2019-07-07T04:00:00Z,336.819696153289,13.5595615894895,16.6163413084163,3.77303178765238,5,0.0165426404957336,0.179274591404919,351.030588212872,1.51382851092606,10
2019-07-07T05:00:00Z,346.16800477237,15.1230220840484,76.2756959820665,3.32103977578007,5,0.0756700095296862,0.179289753891781,350.867856261962,-0.0412000992846091,10
2019-07-07T06:00:00Z,349.503806707386,15.287728115298,132.876241284944,2.9057022043756,5,0.130849751585268,0.179304917661039,350.7642365176,-0.196878637457554,10
2019-07-07T07:00:00Z,345.528848657461,15.0768806317486,184.148181102647,2.4612513414697,5,0.179551164921734,0.179320082712801,350.715781351524,0.0108627825699215,10
2019-07-07T08:00:00Z,335.383298838332,13.9469254661086,228.03540715648,1.95771823825148,5,0.21997083279749,0.179335249047176,350.716012433733,1.13331916546181,10
2019-07-07T09:00:00Z,328.995599134965,13.2751863625849,262.777953095663,1.45999448062795,5,0.251012528695999,0.179350416664273,350.756648017484,1.8063314711589,10
2019-07-07T10:00:00Z,322.655644681862,12.4940397653011,286.98257270048,1.90838459909678,5,0.272119337399301,0.179365585564199,350.828310129515,2.58505236943422,10
2019-07-07T11:00:00Z,331.428378072267,13.3429073267266,299.678611867943,2.0527601948355,5,0.283058614782633,0.179380755747064,350.921063881351,1.75498369729394,10
2019-07-07T12:00:00Z,339.594161703612,13.8808187126121,300.356933800581,1.7899400503384,5,0.283743002064203,0.179395927212975,351.024741740386,1.21692291168619,10
2019-07-07T13:00:00Z,343.626118040697,14.2059018033164,288.990336419709,2.40926468943464,5,0.27413554919732,0.179411099962042,351.129088815237,0.876208567178363,10
2019-07-07T14:00:00Z,343.901403740519,14.237708179866,266.034643223687,2.55962328023377,5,0.254257214846449,0.179426273994373,351.223813264472,0.842972514402133,10
2019-07-07T15:00:00Z,346.935789703636,14.4834398928394,232.41042384556,2.23765200504521,5,0.224293803737097,0.179441449310076,351.298644205324,0.614609246021066,10
2019-07-07T16:00:00Z,334.700648161662,13.1230008775833,189.466077352616,2.3505986146896,5,0.184778259083273,0.179456625909261,351.343496559751,1.97239603212386,10
2019-07-07T17:00:00Z,334.103507597547,13.0648621147545,138.923758722045,2.24100761270148,5,0.136796037896649,0.179471803792034,351.348818192926,2.02431642821076,10
2019-07-07T18:00:00Z,342.392212836441,13.8937289324007,82.8103169502062,2.48678386430322,5,0.082131955203521,0.179486982958506,351.30614242703,1.21917547978059,10
2019-07-07T19:00:00Z,341.966711436968,13.8642405652216,23.376014316691,2.98818347707334,5,0.0232691615142412,0.179502163408784,351.208787399276,1.23884738465649,10
2019-07-07T20:00:00Z,344.968755157758,14.0489164219675,0,3.47584978256778,5,0,0.179517345142978,351.052554397381,1.05588500024718,10
2019-07-07T21:00:00Z,344.002034008538,14.1506964011181,0,3.62800224372814,5,0,0.179532528161196,350.873037052238,0.961709161115682,10
2019-07-07T22:00:00Z,350.893824481862,15.1291218798305,0,3.14036105710226,5,0,0.179547712463546,350.693504524077,-0.0174180501313023,10
2019-07-07T23:00:00Z,350.986531890085,15.2231899733898,0,3.11634615387024,5,0,0.179562898050136,350.513956811613,-0.117719522164114,10
2019-07-08T00:00:00Z,354.793290182057,15.621851890046,0,2.35543142994175,5,0,0.179578084921077,350.334393913563,-0.523196453066975,10
2019-07-08T01:00:00Z,347.936794039856,14.6921772236719,0,2.3303207268284,5,0,0.179593273076476,350.154815828642,0.430895459379295,10
2019-07-08T02:00:00Z,345.935999314231,14.3431990331884,0,1.90543183664379,5,0,0.179608462516442,349.975222555565,0.752193108778436,10
2019-07-08T03:00:00Z,342.922941225714,14.1768839720923,0,1.39092486812521,5,0,0.179623653241083,349.795614093049,0.950660518351775,10
2019-07-08T04:00:00Z,344.24279692805,14.4935949678603,21.8846148009695,1.35193729325951,5,0.0217858168249869,0.179638845250508,349.615990439808,0.615994978848079,10
2019-07-08T05:00:00Z,351.116622311447,15.5734224980582,103.573057525475,1.25227321065571,5,0.102546693992408,0.179654038544827,349.458137411382,-0.436417830140814,10
2019-07-08T06:00:00Z,350.944428240622,15.736610917222,181.096983955355,0.5,5,0.177262945784831,0.179669233124147,349.38103006683,-0.621158522252165,10
2019-07-08T07:00:00Z,357.38133302466,16.6215495027115,251.339274034933,0.5,5,0.24229055713978,0.179684428988577,349.37862377949,-1.50831367256671,10
2019-07-08T08:00:00Z,348.531664531103,15.6059547901737,311.475591314199,0.5,5,0.295374069927691,0.179699626138226,349.441229907642,-0.485542821505988,10
2019-07-08T09:00:00Z,338.422445722095,14.3041102627166,359.087945253994,0.546366254669085,5,0.335490763296803,0.179714824573202,349.556904351431,0.830310213593693,10
2019-07-08T10:00:00Z,339.998048522545,14.4168098844516,392.261914975521,1.35391121634119,5,0.362423546292366,0.179730024293615,349.712680290155,0.687593613514291,10
2019-07-08T11:00:00Z,350.649922195425,15.7781351846964,409.663625233968,2.24871092613445,5,0.376298360000945,0.179745225299573,349.895373812154,-0.65746507264256,10
2019-07-08T12:00:00Z,363.387748154157,17.052266180593,410.593379528555,2.54858976936412,5,0.377237029247727,0.179760427591185,350.091926946855,-1.9243205686471,10
2019-07-08T13:00:00Z,370.789339976057,18.0446775171069,395.013793842606,2.36717266364854,5,0.365184628319136,0.179775631168559,350.289403548512,-2.91694980893577,10
2019-07-08T14:00:00Z,366.19567189739,17.2753853343902,363.551299798424,2.17079923468108,5,0.339922140246704,0.179790836031805,350.474812545662,-2.14672581907048,10
2019-07-08T15:00:00Z,362.786698743777,16.8016841982992,317.470956787389,1.56971880693454,5,0.301260356399544,0.17980604218103,350.634943849877,-1.67616751678481,10
2019-07-08T16:00:00Z,362.114414014777,16.7136657554069,258.625585841497,2.65993528946632,5,0.249394443794217,0.179821249616344,350.756398164095,-1.59506942264591,10
2019-07-08T17:00:00Z,352.066957584578,15.6053947488659,189.381270496586,2.96008631935906,5,0.185349227547174,0.179836458337856,350.825971358273,-0.445531553957287,10
2019-07-08T18:00:00Z,359.477208761522,16.4925827663805,112.522220145076,3.58060719125605,5,0.111362406404517,0.179851668345674,350.831484127482,-1.37459663582883,10
2019-07-08T19:00:00Z,359.993996988873,16.8166895937755,31.1388211791948,3.63309172090445,5,0.0309917975242533,0.179866879639908,350.762994865542,-1.67310215357333,10
2019-07-08T20:00:00Z,360.85717388598,16.7402205667284,0,4.20849385504072,5,0,0.179882092220665,350.614119783426,-1.61629897999921,10
2019-07-08T21:00:00Z,365.591448262288,17.63100761295,0,4.25070441808957,5,0,0.179897306088055,350.434237691205,-2.51474653951843,10
2019-07-08T22:00:00Z,364.019526131138,17.1910897043166,0,4.19691689805764,5,0,0.179912521242186,350.254340385117,-2.05208247934701,10
2019-07-08T23:00:00Z,353.953815688995,15.9560484679999,0,3.80867477891826,5,0,0.179927737683168,350.074427863875,-0.796208787077937,10
2019-07-09T00:00:00Z,355.463077188033,16.0878619355127,0,3.44011773270711,5,0,0.179942955411109,349.894500126192,-0.941570028784283,10
2019-07-09T01:00:00Z,355.293746539234,16.1105523399565,0,3.46240865095216,5,0,0.179958174426118,349.714557170781,-0.985678795378059,10
2019-07-09T02:00:00Z,357.735514146438,16.3427711086612,0,1.9154846873042,5,0,0.179973394728304,349.534598996355,-1.20685586580135,10
2019-07-09T03:00:00Z,357.179984658202,16.217293880526,0,1.21010439373801,5,0,0.179988616317776,349.354625601627,-1.08104696318511,10
2019-07-09T04:00:00Z,356.230326254686,16.3104592875851,40.6813753689278,0.5,5,0.0404780570899774,0.180003839194642,349.174636985309,-1.17691060654036,10
2019-07-09T05:00:00Z,354.658832905146,16.2111322819564,199.16367271403,0.5,5,0.194882351841043,0.180019063359012,349.035111203204,-1.05460614918718,10
2019-07-09T06:00:00Z,348.729617563579,15.6571047351119,349.615405242519,0.5,5,0.330446042880298,0.180034288810994,349.049974491686,-0.484824330893607,10
2019-07-09T07:00:00Z,342.457593108827,14.6224817018344,485.970143402374,0.5,5,0.439253360482721,0.180049515550698,349.200386245755,0.511735134522426,10
2019-07-09T08:00:00Z,332.242573911474,13.3407073839422,602.729868664797,0.5,5,0.520247594382373,0.180064743578232,349.459590090687,1.81751526051138,10
2019-07-09T09:00:00Z,324.434245715977,12.5038102664231,695.186661513582,0.922906259151582,5,0.576396527596268,0.180079972893705,349.799772941491,2.63677525364036,10
2019-07-09T10:00:00Z,324.915141236426,12.7438728219646,759.612531509557,1.60199456597684,5,0.611708214119547,0.180095203497226,350.196089496194,2.41957024536052,10
2019-07-09T11:00:00Z,333.621436833196,13.4090316663523,793.40973520976,2.24360756293878,5,0.629408842692423,0.180110435388904,350.627702506816,1.74692429547096,10
2019-07-09T12:00:00Z,339.900030088034,13.8103064531444,795.215520907333,2.94011391891953,5,0.631166340623006,0.180125668568849,351.07700091412,1.34186115095019,10
2019-07-09T13:00:00Z,337.12588327541,13.5274351438959,764.95707673407,2.87738915629626,5,0.616866786481725,0.180140903037168,351.528041586174,1.63591536363847,10
2019-07-09T14:00:00Z,333.150331626676,12.9444754085455,703.854466539327,2.50696642419837,5,0.584638233433833,0.180156138793971,351.964767469619,2.23512936011911,10
2019-07-09T15:00:00Z,339.668221078499,14.0162685293805,614.371435166459,3.82451838295582,5,0.531129784237626,0.180171375839367,352.369249564259,1.15660213637571,10
2019-07-09T16:00:00Z,336.497625172593,13.9783233667282,500.116066728571,3.89717731295348,5,0.452345835275384,0.180186614173464,352.720207972657,1.17971065247031,10
2019-07-09T17:00:00Z,326.98501273985,12.6420478367393,365.695301484309,4.8914861623655,5,0.345459136064756,0.180201853796373,352.992367193759,2.52675600895894,10
2019-07-09T18:00:00Z,336.865208364232,13.2335010070631,216.529177401856,4.3759372042696,5,0.211596404791126,0.180217094708202,353.157624476027,1.91805798423491,10
2019-07-09T19:00:00Z,347.671148405552,14.6980200432875,58.6322864575669,4.41679313447679,5,0.0583018563911778,0.180232336909059,353.18900378611,0.470031756953982,10
2019-07-09T20:00:00Z,351.978905431187,15.159055598687,0,4.37006424229391,5,0,0.180247580399054,353.067073305592,0.0155498984288594,10
2019-07-09T21:00:00Z,351.201146354331,14.9524315252102,0,4.35039906053639,5,0,0.180262825178297,352.886825725192,0.218409070018821,10
2019-07-09T22:00:00Z,346.256311274813,14.2872836006425,0,3.75673211876759,5,0,0.180278071246895,352.706562900014,0.874251845412345,10
2019-07-09T23:00:00Z,342.117249840961,13.9751425936905,0,3.36670370878851,5,0,0.180293318604958,352.526284828767,1.19315654423715,10
2019-07-10T00:00:00Z,334.74112256946,13.1470354252389,0,3.39742109658734,5,0,0.180308567252595,352.345991510163,2.01714938881333,10
2019-07-10T01:00:00Z,326.295481990973,12.4185781356393,0,3.00433454310496,5,0,0.180323817189916,352.16568294291,2.75710049673194,10
2019-07-10T02:00:00Z,323.995218006318,12.3579376190063,0,2.3804691938734,5,0,0.180339068417028,351.98535912572,2.81146007409828,10
2019-07-10T03:00:00Z,344.637287635604,14.7339391247644,0,1.82216289702526,5,0,0.180354320934042,351.805020057303,0.43758257755477,10
2019-07-10T04:00:00Z,346.949991299259,14.8174916770204,30.9494498979699,2.56446883341936,5,0.030806486392646,0.180369574741067,351.624665736369,0.351182455052724,10
2019-07-10T05:00:00Z,350.731319891331,15.5929672790934,157.32508766272,1.97570335431526,5,0.155214626878456,0.180384829838211,351.475102648021,-0.406045377101841,10
2019-07-10T06:00:00Z,346.249725421084,15.1223960873821,277.338367438908,2.03979123335119,5,0.268496753888788,0.180400086225583,351.449932445061,0.058477871832583,10
2019-07-10T07:00:00Z,347.410453496183,15.1621271703689,386.135851922531,2.46022698918977,5,0.364571087307941,0.180415343903294,351.538029112724,0.00708637299457676,10
2019-07-10T08:00:00Z,351.746306822267,15.463484990121,479.3176799419,1.96245503068531,5,0.440641152279891,0.180430602871451,351.722184856129,-0.28097325437968,10
2019-07-10T09:00:00Z,340.023170846236,14.0085433129187,553.115500519459,1.88443776583957,5,0.496457687624639,0.180445863130164,351.982395405537,1.16722520004581,10
2019-07-10T10:00:00Z,334.853322868527,13.6264185685935,604.544868133737,2.23988666090642,5,0.533066900256805,0.180461124679542,352.298407230031,1.55711379158257,10
2019-07-10T11:00:00Z,319.271105505602,11.8105682518465,631.525936189707,3.00998530189111,5,0.55170827481692,0.180476387519695,352.651013005608,3.39184191320494,10
2019-07-10T12:00:00Z,318.513934674766,11.9735034136076,632.967567752783,3.79001095229138,5,0.553115402123921,0.180491651650731,353.022244892906,3.20108664833953,10
2019-07-10T13:00:00Z,320.385792328181,12.1486471307402,608.811462038086,4.08189858316086,5,0.537207726552509,0.18050691707276,353.394868643379,3.03980270713104,10
2019-07-10T14:00:00Z,322.087527709648,12.2042861242615,560.034512142895,4.57490682552542,5,0.503109714927963,0.180522183785891,353.751569452858,2.96897592667383,10
2019-07-10T15:00:00Z,326.067335870198,12.7094649883237,488.609298673608,4.98000149785232,5,0.44949403626289,0.180537451790233,354.074156984,2.48544518577663,10
2019-07-10T16:00:00Z,327.870125139912,12.7154727383199,397.424316937949,5.37611389145204,5,0.37529772259316,0.180552721085895,354.343113568473,2.46011162988098,10
2019-07-10T17:00:00Z,322.300605510835,11.8903904226107,290.167163781418,5.51638136475575,5,0.280794521130571,0.180567991672987,354.53785856998,3.28384192916077,10
2019-07-10T18:00:00Z,315.363897220308,11.4343225859514,171.175408089904,4.87457797313751,5,0.168749584085733,0.180583263551617,354.638085099438,3.76374954362656,10
2019-07-10T19:00:00Z,315.179960326074,11.6538718835256,45.2611758799524,4.84560181524843,5,0.0450369144191414,0.180598536721895,354.626251419972,3.53237300530314,10
2019-07-10T20:00:00Z,329.715833900249,13.063271852798,0,4.95877376184574,5,0,0.180613811183931,354.490689797669,2.11201881774478,10
2019-07-10T21:00:00Z,328.125911323352,12.8174075307232,0,5.00563855274406,5,0,0.180629086937833,354.310075986485,2.36559783476743,10
2019-07-10T22:00:00Z,340.838555720856,14.1307468691072,0,4.77726164261825,5,0,0.18064436398371,354.129446899548,1.07750845982783,10
2019-07-10T23:00:00Z,343.621538619713,14.3584570848527,0,4.65443489846559,5,0,0.180659642321673,353.948802535564,0.842051266089123,10
2019-07-11T00:00:00Z,330.301096008419,12.646049954346,0,4.18447262516587,5,0,0.18067492195183,353.768142893242,2.55602929364686,10
2019-07-11T01:00:00Z,323.77964682005,12.078436759748,0,3.04996676457367,5,0,0.18069020287429,353.58746797129,3.13174526791078,10
2019-07-11T02:00:00Z,320.159989916957,11.4874306134914,0,2.58581326776426,5,0,0.180705485089164,353.406777768416,3.7170554856752,10
2019-07-11T03:00:00Z,323.542289193516,11.5970152420993,0,2.16074585456351,5,0,0.180720768596559,353.226072283326,3.57492193225364,10
2019-07-11T04:00:00Z,332.9599226049,12.8185060570549,23.4981414906197,0.822036318188544,5,0.0233939121300959,0.180736053396586,353.04535151473,2.38669077489211,10
2019-07-11T05:00:00Z,342.45955706204,13.681981212632,124.550376689555,0.980399204393756,5,0.123408062989033,0.180751339489354,352.888009373463,1.5103270733209,10
2019-07-11T06:00:00Z,345.593255326802,13.8184237227993,220.550016227578,0.5,5,0.216276730022927,0.180766626874972,352.830666096963,1.379743918349,10
2019-07-11T07:00:00Z,360.161739147224,15.412562823254,307.602673150017,0.550372735693945,5,0.297455272267748,0.180781915553549,352.866176200111,-0.220103232068693,10
2019-07-11T08:00:00Z,359.826210683399,15.4331133146533,382.176909910653,0.68680644653933,5,0.364013269956042,0.180797205525195,352.982849556825,-0.219422338262232,10
2019-07-11T09:00:00Z,350.114328560521,14.4742324727476,441.247497079536,0.5,5,0.414500020949085,0.18081249679002,353.166065621256,0.759874091102686,10
2019-07-11T10:00:00Z,349.531230081656,14.4432577222597,482.418136866568,0.746616275911137,5,0.448475752602098,0.180827789348132,353.399753145415,0.774107726436131,10
2019-07-11T11:00:00Z,352.697880728673,14.8027010225837,504.018672974561,1.60339194860537,5,0.465976736084481,0.180843083199641,353.667401108669,0.43037049962328,10
2019-07-11T12:00:00Z,352.420795410187,14.7114138962034,505.172843300474,2.0365742062238,5,0.467100181035958,0.180858378344656,353.952534761554,0.501264813569294,10
2019-07-11T13:00:00Z,356.835328311077,15.5369133706632,485.833826982456,2.30608081183665,5,0.451791515633482,0.180873674783287,354.238776564245,-0.3260378212295,10
2019-07-11T14:00:00Z,357.082801992204,15.4337272315008,446.786143766906,2.73397212859188,5,0.419855097214912,0.180888972515643,354.509694405095,-0.208366212467067,10
2019-07-11T15:00:00Z,361.618176137212,16.1934421862909,389.613828644546,2.99743515919993,5,0.371184142199331,0.180904271541834,354.748660529794,-0.987215915393158,10
2019-07-11T16:00:00Z,365.88915019637,16.5432388397964,316.636172804929,2.68974058122666,5,0.306179496404219,0.180919571861969,354.938940400451,-1.33648048934472,10
2019-07-11T17:00:00Z,372.122947887365,17.0789746447835,230.813637685741,3.08808503361382,5,0.226266056939586,0.180934873476157,355.064200324994,-1.88740697651671,10
2019-07-11T18:00:00Z,370.762122146408,16.7718436469963,135.627758871838,2.94123322808383,5,0.134322482515657,0.180950176384508,355.109531508457,-1.57160082876774,10
2019-07-11T19:00:00Z,369.155447080448,17.0035386267982,34.939911744477,2.43788662331112,5,0.0347786750972313,0.180965480587132,355.062903814588,-1.78420516852248,10
2019-07-11T20:00:00Z,366.399215846251,16.4927591702299,0,1.70253172339432,5,0,0.180980786084137,354.916717009098,-1.26651272894501,10
2019-07-11T21:00:00Z,367.321513494006,16.9027359826347,0,1.55986698081832,5,0,0.180996092875634,354.735736223014,-1.6799859549615,10
2019-07-11T22:00:00Z,363.370345236221,16.2019340094427,0,1.75380124453854,5,0,0.181011400961731,354.554740130138,-0.99346900246788,10
2019-07-11T23:00:00Z,355.237213251251,14.8455013450604,0,0.935919018498069,5,0,0.181026710342539,354.373728729177,0.371708211519992,10
2019-07-12T00:00:00Z,353.467670683355,14.7096450223507,0,0.5,5,0,0.181042021018166,354.192702018834,0.512463142905564,10
2019-07-12T01:00:00Z,348.893295064291,14.0069313237018,0,0.5,5,0,0.181057332988723,354.011659997816,1.23331269908017,10
2019-07-12T02:00:00Z,348.587720781966,14.267051836032,0,0.5,5,0,0.181072646254319,353.830602664827,0.968608563958802,10
2019-07-12T03:00:00Z,344.382116516904,13.9261488580306,0,0.5,5,0,0.181087960815062,353.649530018573,1.29933126921775,10
2019-07-12T04:00:00Z,352.391381422192,14.9779466574328,23.5970296006445,0.5,5,0.023492907182696,0.181103276671064,353.468442057758,0.240907637132155,10
2019-07-12T05:00:00Z,358.660908324053,15.9891221514069,131.048384723289,0.5,5,0.12987533169383,0.181118593822433,353.31083168827,-0.75453647260775,10
2019-07-12T06:00:00Z,361.52851194148,15.8914251452727,233.166206420844,0.5,5,0.228770979824151,0.181133912269279,353.259588426141,-0.671689064491625,10
2019-07-12T07:00:00Z,359.311230050794,15.5711072936747,325.794405196507,0.5,5,0.315329942147288,0.181149232011712,353.307225493696,-0.339026133826914,10
2019-07-12T08:00:00Z,353.647573775166,14.8761934360831,405.163109370296,0.5,5,0.386387967990606,0.181164553049841,353.441406203832,0.36072691322103,10
2019-07-12T09:00:00Z,346.437445959234,14.3402894510205,468.042094948906,0.5,5,0.440342489719665,0.181179875383775,353.646629618773,0.913185803132315,10
2019-07-12T10:00:00Z,347.406999963667,14.4680006834802,511.872252394074,0.5,5,0.476672615775547,0.181195199013625,353.905792233109,0.783457939146155,10
2019-07-12T11:00:00Z,349.287314736449,14.8004005796206,534.869739728242,0.761473057279457,5,0.495381356317568,0.1812105239395,354.201269649871,0.445388471009773,10
2019-07-12T12:00:00Z,347.916920366398,14.4531362268252,536.098583054066,1.35587821645309,5,0.4965577998048,0.181225850161509,354.515440482248,0.789703789052522,10
2019-07-12T13:00:00Z,352.166245027462,15.1837865252239,515.508769721897,1.78630989391899,5,0.480150236710676,0.181241177679763,354.830772431891,0.057583411556724,10
2019-07-12T14:00:00Z,362.285163079101,16.3868268365778,473.938283792776,2.14305915496176,5,0.445975161287155,0.18125650649437,355.129681490922,-1.13330631344069,10
2019-07-12T15:00:00Z,366.977106417353,16.7516819189698,413.079000955735,3.46200056476341,5,0.393958173543948,0.18127183660544,355.394400145715,-1.51687292110507,10
2019-07-12T16:00:00Z,369.148737395053,16.9045856576184,335.4078309409,3.23836907390185,5,0.324573343052934,0.181287168013084,355.607086482654,-1.65812729432949,10
2019-07-12T17:00:00Z,369.212460726638,16.8580979810724,244.08590986082,4.15228357967999,5,0.239382967971243,0.181302500717411,355.750372657693,-1.594537485293,10
2019-07-12T18:00:00Z,373.021020961986,17.2516184639283,142.829945247238,4.21111529655946,5,0.141482900044611,0.181317834718529,355.808453124947,-2.00725252220842,10
2019-07-12T19:00:00Z,386.412503626565,18.8636945403924,35.7609499069639,4.01172912479185,5,0.0355970579117766,0.18133317001655,355.768618190273,-3.62521126220894,10
2019-07-12T20:00:00Z,384.298515382088,18.774040541458,0,4.33039821420409,5,0,0.181348506611583,355.622882078168,-3.51903140991777,10
2019-07-12T21:00:00Z,382.342953302176,18.7071553797181,0,4.06614970980127,5,0,0.181363844503737,355.441533571557,-3.44795380067307,10
2019-07-12T22:00:00Z,381.823141694569,18.8504981722976,0,4.2758207020862,5,0,0.181379183693122,355.260169727053,-3.57593279663892,10
2019-07-12T23:00:00Z,382.00420739493,18.6892073842076,0,3.59365637203072,5,0,0.181394524179848,355.07879054336,-3.43953234460946,10
2019-07-13T00:00:00Z,381.160182936091,18.1905168103947,0,2.81652258400469,5,0,0.181409865964025,354.89739601918,-2.9357829484977,10
2019-07-13T01:00:00Z,370.951944029358,16.9485379785102,0,3.01150287049876,5,0,0.181425209045762,354.715986153216,-1.67488789295516,10
2019-07-13T02:00:00Z,364.890874763087,16.1824728364639,0,2.94262237910618,5,0,0.18144055342517,354.534560944171,-0.922651854655824,10
2019-07-13T03:00:00Z,360.854439685758,15.9032079770179,0,2.48704926057993,5,0,0.181455899102357,354.353120390745,-0.636415613523988,10
2019-07-13T04:00:00Z,361.890340250947,16.3191111896694,13.1195260839953,2.35710925729518,5,0.0130631091076792,0.181471246077433,354.171664491643,-1.04940815511258,10
2019-07-13T05:00:00Z,363.520765407125,16.4403709814831,76.7671660529654,2.0890023581527,5,0.0763316644197818,0.181486594350509,354.003256354673,-1.16125905973964,10
2019-07-13T06:00:00Z,364.330455691606,16.3587242478058,137.279814319796,1.91003438255327,5,0.136079805304336,0.181501943921695,353.898101424742,-1.08205447520548,10
2019-07-13T07:00:00Z,357.749705911884,15.7112243514031,192.186275711537,1.58467396296021,5,0.189696718354225,0.181517294791099,353.852679286125,-0.442884078049395,10
2019-07-13T08:00:00Z,352.083958275723,14.7688969119926,239.244298628877,1.69060765207539,5,0.235036489442975,0.181532646958832,353.860858709688,0.488211459940206,10
2019-07-13T09:00:00Z,339.351619441629,13.2231833381095,276.532143362639,1.72822052550106,5,0.270481152188025,0.181548000425003,353.914362552172,2.04727368819106,10
2019-07-13T10:00:00Z,343.951852484458,13.7787126427778,302.527061453535,2.45555454749217,5,0.294916118061466,0.181563355189723,354.003295703935,1.5011863052454,10
2019-07-13T11:00:00Z,340.832966567709,13.364303130111,316.167481181482,1.98731392292541,5,0.307656531630485,0.181578711253101,354.116648466807,1.92221447219183,10
2019-07-13T12:00:00Z,352.498147471401,14.5111339087734,316.896359674383,2.60716173143315,5,0.308369165931314,0.181594068615247,354.242726287184,0.770517419397635,10
2019-07-13T13:00:00Z,358.82223156177,15.4610103238545,304.683931237546,2.73872919676791,5,0.297025291324346,0.181609427276271,354.3695013845,-0.199987227400402,10
2019-07-13T14:00:00Z,363.967289049398,15.9279974496775,280.028922915111,2.90038256571726,5,0.27390292637341,0.181624787236283,354.484917248548,-0.64923521856068,10
2019-07-13T15:00:00Z,363.676771244906,16.0616904547971,243.938187642792,3.26995547172602,5,0.239637448420236,0.181640148495392,354.577195387685,-0.794254275977082,10
2019-07-13T16:00:00Z,366.698215255296,16.9701904489587,197.885586726408,4.21315629639667,5,0.195300530542231,0.181655511053709,354.635192687609,-1.69496470131282,10
2019-07-13T17:00:00Z,362.043994021991,16.3775426969989,143.751800789696,3.8767723208716,5,0.142471624084224,0.181670874911343,354.648837707098,-1.10727742494358,10
2019-07-13T18:00:00Z,359.663055673531,15.9681345045842,83.7475271716678,3.70475140246173,5,0.0832589544995743,0.181686240068404,354.609638456271,-0.668560080920022,10
2019-07-13T19:00:00Z,366.545202687157,17.1063380672692,20.323200212388,3.74525555685733,5,0.0202347717304262,0.181701606525003,354.511211170702,-1.82442909686524,10
2019-07-13T20:00:00Z,368.085177089904,17.237394125505,0,3.85440047643438,5,0,0.181716974281249,354.349744335908,-1.93377986329803,10
2019-07-13T21:00:00Z,373.256759251012,17.9914102134223,0,3.86658816732251,5,0,0.181732343337251,354.168027361627,-2.72258068408494,10
2019-07-13T22:00:00Z,367.518504749638,17.1359771494254,0,4.53233717291914,5,0,0.181747713693121,353.986295018289,-1.85631172363839,10
2019-07-13T23:00:00Z,365.792334725116,16.4721767403932,0,4.34188679224014,5,0,0.181763085348967,353.804547304596,-1.17547403497008,10
2019-07-14T00:00:00Z,361.628376607677,16.0163063155396,0,3.95954223512814,5,0,0.1817784583049,353.622784219247,-0.731629015639524,10
2019-07-14T01:00:00Z,351.091696118357,15.0302034470195,0,3.64404702368165,5,0,0.18179383256103,353.441005760942,0.280904596407861,10
2019-07-14T02:00:00Z,345.007554039288,14.3989628346426,0,2.85376822722648,5,0,0.181809208117467,353.259211928381,0.887019161202359,10
2019-07-14T03:00:00Z,346.133588578254,14.0266621826152,0,2.78552712817029,5,0,0.18182458497432,353.077402720263,1.24551819670009,10
2019-07-14T04:00:00Z,349.846140258322,14.808758266906,32.1711370707761,2.11363933547692,5,0.0320269911031826,0.1818399631317,352.895578135289,0.485321458124801,10
2019-07-14T05:00:00Z,362.028187536138,16.7009558644133,199.634685581299,1.43855547588132,5,0.197102859317462,0.181855342589717,352.74576516326,-1.40867986558325,10
2019-07-14T06:00:00Z,366.934439863596,17.7120256786985,358.916651620818,1.43556673276585,5,0.34787449566375,0.18187072334848,352.761012679988,-2.41590895172421,10
2019-07-14T07:00:00Z,371.171163610458,17.879847589459,503.489218955889,1.57404447790644,5,0.475978441590202,0.1818861054081,352.927016452304,-2.58935523945137,10
2019-07-14T08:00:00Z,364.152216269145,16.9180714753262,627.427403262007,0.896983252113267,5,0.577454080144503,0.181901488768687,353.221108788485,-1.62492809197119,10
2019-07-14T09:00:00Z,361.260261702566,16.4348177755913,725.651874395444,1.58803465238305,5,0.651840462979294,0.181916873430351,353.616661379861,-1.14149492027716,10
2019-07-14T10:00:00Z,361.974475116772,16.5458667347198,794.137121414003,0.92123520707214,5,0.700508261202725,0.181932259393201,354.08658496941,-1.24743677624238,10
2019-07-14T11:00:00Z,368.090249005196,17.2935987793484,830.076429167472,1.66116134798195,5,0.72515128127878,0.181947646657348,354.605160971219,-2.00133548546299,10
2019-07-14T12:00:00Z,373.081807450521,17.8040461844488,831.996905260023,2.04231684170179,5,0.726813083821789,0.181963035222902,355.14836460584,-2.48788857979338,10
2019-07-14T13:00:00Z,380.578812309502,18.8397060630734,799.819843261013,2.93307119018303,5,0.705446736779806,0.181978425089973,355.693214654439,-3.54225063085509,10
2019-07-14T14:00:00Z,383.333308819032,19.2064673801384,734.863948312553,3.56115974077142,5,0.659923160954415,0.181993816258671,356.216682966129,-3.88617415076312,10
2019-07-14T15:00:00Z,384.92304094555,19.2825380433888,639.791292939519,4.55239131380437,5,0.588482933918814,0.182009208729106,356.694612310824,-3.98833081593729,10
2019-07-14T16:00:00Z,385.038335828965,19.2529509598512,518.498217942645,4.85312013825832,5,0.489702075164322,0.182024602501389,357.101086036014,-3.93452867215928,10
2019-07-14T17:00:00Z,379.357193975181,17.7383885523079,375.955649558316,5.45758718556113,5,0.363956538497416,0.182039997575629,357.408763508677,-2.43317070238599,10
2019-07-14T18:00:00Z,380.774227795589,17.9774864769047,218.005377130249,5.13752554865987,5,0.215012447599734,0.182055393951936,357.590680049598,-2.66367092663124,10
2019-07-14T19:00:00Z,383.379207858243,17.8184446504144,51.1206403984474,5.16748973152636,5,0.0508761401482057,0.182070791630421,357.623637103246,-2.4970502048476,10
2019-07-14T20:00:00Z,388.813877492394,18.3532174701098,0,5.74295115139042,5,0,0.182086190611193,357.492442451764,-3.04738882177569,10
2019-07-14T21:00:00Z,391.118514297693,19.1780295552589,0,5.89634227346048,5,0,0.182101590894364,357.310356261153,-3.85940561010743,10
2019-07-14T22:00:00Z,388.668103447802,18.8497402943854,0,5.0123715828947,5,0,0.182116992480042,357.128254670258,-3.53268718505153,10
2019-07-14T23:00:00Z,381.777724178949,18.0380223701795,0,4.45180651441392,5,0,0.182132395368339,356.946137677778,-2.73045787321515,10
2019-07-15T00:00:00Z,365.98476328012,16.4838533887443,0,4.1486066577526,5,0,0.182147799559364,356.76400528241,-1.15808633851604,10
2019-07-15T01:00:00Z,360.224540646108,15.5609345924718,0,3.38070201419913,5,0,0.182163205053227,356.581857482851,-0.262702014572191,10
2019-07-15T02:00:00Z,358.518379554346,15.3625940826162,0,2.65568968301072,5,0,0.182178611850039,356.399694277798,-0.0246539687743413,10
2019-07-15T03:00:00Z,352.301066543394,13.9836444858813,0,3.00130859078107,5,0,0.182194019949911,356.217515665948,1.35206872650841,10
2019-07-15T04:00:00Z,359.038471548879,14.9608922780316,19.122448636293,2.18128422989103,5,0.0190396607585886,0.182209429352951,356.035321645998,0.362090953169776,10
2019-07-15T05:00:00Z,366.67890778822,16.1363011726686,126.817794756387,1.98967587449643,5,0.125886244989192,0.18222484005927,355.872151877403,-0.814373888467084,10
2019-07-15T06:00:00Z,371.499237627876,16.7149791049358,229.296583371586,2.13981444194972,5,0.226034384675311,0.182240252068979,355.815813282333,-1.38400961849691,10
2019-07-15T07:00:00Z,368.329217950508,16.6077023909905,322.343424245293,2.09960142902502,5,0.31471802970982,0.182255665382188,355.859607414939,-1.28380617032826,10
2019-07-15T08:00:00Z,360.562863815855,15.8197022830459,402.130903432965,1.99461871077374,5,0.388479132304032,0.182271079999007,355.992069779267,-0.491655343848237,10
2019-07-15T09:00:00Z,355.809578872179,15.1805979365916,465.377021163574,2.35326957506994,5,0.445178905917093,0.182286495919547,356.198277831572,0.152950037525572,10
2019-07-15T10:00:00Z,357.05392270093,15.1334689306401,509.480194506766,2.30795362006426,5,0.483715839056995,0.182301913143916,356.461170241569,0.198084531779523,10
2019-07-15T11:00:00Z,363.372906866906,15.9097291201647,532.626271589496,3.22988291286818,5,0.503633713604733,0.182317331672227,356.762584167482,-0.558877124759823,10
2019-07-15T12:00:00Z,361.822989395686,15.6774569288215,533.863155410338,3.27108698871297,5,0.504781410479725,0.182332751504589,357.083900549415,-0.345814418830756,10
2019-07-15T13:00:00Z,359.084545976654,15.6005130685136,513.139967655325,3.11958581958687,5,0.487123070489384,0.182348172641112,357.40634920839,-0.273016316757,10
2019-07-15T14:00:00Z,362.502784787003,16.2311624791842,471.309141540287,2.08464377879157,5,0.450739346378181,0.182363595081907,357.711124106238,-0.904988024101327,10
2019-07-15T15:00:00Z,354.526856443844,15.6041041357523,410.091357592161,2.62595546121844,5,0.396018068337469,0.182379018827084,357.979499857534,-0.271014342079598,10
2019-07-15T16:00:00Z,351.280563406992,14.860293165452,332.004764710328,2.57715451395394,5,0.323990881927157,0.182394443876753,358.193138907045,0.469962990516715,10
2019-07-15T17:00:00Z,343.003414226724,13.7971896658034,240.261397948005,2.93401151342299,5,0.236717125162652,0.182409870231025,358.334735345095,1.55351115760502,10
2019-07-15T18:00:00Z,340.712794335483,13.5275580428336,138.635053792724,2.52333691194274,5,0.137557942220952,0.18242529789001,358.389042600027,1.81741936821941,10
2019-07-15T19:00:00Z,349.768541935439,14.3740983604748,31.3060577998754,3.11803579572342,5,0.0311671297207698,0.182440726853819,358.344175244358,0.968604893320911,10
2019-07-15T20:00:00Z,350.174855453778,14.2751849235913,0,3.0835469515925,5,0,0.182456157122561,358.192901647225,1.07009269320777,10
2019-07-15T21:00:00Z,354.343027730828,15.1092360462497,0,3.51740125372744,5,0,0.182471588696347,358.010445490102,0.227941188926881,10
2019-07-15T22:00:00Z,354.200392818065,14.9749627342482,0,3.58063463630225,5,0,0.182487021575288,357.827973901406,0.396046603272078,10
2019-07-15T23:00:00Z,347.553299448916,13.8138346394646,0,3.73096757023099,5,0,0.182502455759494,357.645486879831,1.54300305778022,10
2019-07-16T00:00:00Z,353.612798722461,14.3395395432926,0,3.63954652221842,5,0,0.182517891249074,357.462984424071,1.01830186089582,10
2019-07-16T01:00:00Z,341.370418651527,13.0592426755441,0,3.35049002793254,5,0,0.182533328044141,357.280466532822,2.29370968936389,10
2019-07-16T02:00:00Z,334.365634336071,12.2521911616873,0,3.59678295341265,5,0,0.182548766144803,357.097933204778,3.10190081482801,10
2019-07-16T03:00:00Z,342.218208974732,12.9865869194763,0,3.00189315984238,5,0,0.182564205551172,356.915384438633,2.37394326152784,10
2019-07-16T04:00:00Z,350.391323639645,13.7823446528468,27.0464819218313,2.08679575120155,5,0.0269277950634897,0.182579646263358,356.732820233082,1.57699906714908,10
2019-07-16T05:00:00Z,360.973485469365,14.8333394205707,193.490515427543,2.66444522369717,5,0.191397023668518,0.182595088281472,356.577168381882,0.530716123731635,10
2019-07-16T06:00:00Z,364.475106767332,15.5163153537202,351.944909163555,2.31029724657749,5,0.342967172565942,0.182610531605623,356.585970317269,-0.163261031304745,10
2019-07-16T07:00:00Z,358.853433883037,15.1592598496523,495.866740221838,2.57966830059681,5,0.473414393758241,0.182625976235922,356.746326958229,0.212205314466185,10
2019-07-16T08:00:00Z,364.292357245531,15.3801362911145,619.313166481112,2.40058322210488,5,0.578227786560062,0.182641422172481,357.037115375751,-0.0348702133895097,10
2019-07-16T09:00:00Z,362.214543825395,15.1720050678541,717.186819346904,2.56957596528101,5,0.656072894565259,0.182656869415408,357.432701740138,0.207505036877354,10
2019-07-16T10:00:00Z,361.48818743618,15.1034579183644,785.446285070254,2.94437188299357,5,0.707495937286372,0.182672317964815,357.906117765288,0.258220476193446,10
2019-07-16T11:00:00Z,363.655480678582,15.3635333229195,821.272983418448,2.37117354372641,5,0.73361753364217,0.182687767820813,358.43094138461,0.00228733865218805,10
2019-07-16T12:00:00Z,364.865698130798,15.6910104870539,823.187552918354,2.83544265671318,5,0.73521206375577,0.182703218983511,358.981871150431,-0.326592077011303,10
2019-07-16T13:00:00Z,362.0578547234,15.1705225731083,791.110936875206,2.79439375740069,5,0.71225887126526,0.18271867145302,359.534379995204,0.187296906797141,10
2019-07-16T14:00:00Z,365.217853262134,15.6491141128603,726.367647793659,3.9928699792298,5,0.663940025076133,0.182734125229451,360.063920195016,-0.286278985655687,10
2019-07-16T15:00:00Z,367.743477051233,15.9072273958251,631.631075406146,4.62807540349701,5,0.589080261320175,0.182749580312915,360.545126094862,-0.523312905534139,10
2019-07-16T16:00:00Z,360.699012920882,14.8738591123083,510.813096657744,5.444379930778,5,0.487046566781604,0.182765036703521,360.951456775869,0.51688050163801,10
2019-07-16T17:00:00Z,355.276852588712,14.0611362656854,368.902545888835,5.54436309324207,5,0.359019961524339,0.18278049440138,361.255738305947,1.29954626666529,10
2019-07-16T18:00:00Z,351.848820945123,13.6705304810617,211.759215129318,5.72473891693517,5,0.209260824145344,0.182795953406604,361.43197777307,1.70552200688728,10
2019-07-16T19:00:00Z,345.480228321333,13.4751678324388,45.8718906755406,5.91755776335601,5,0.0456602151906463,0.182811413719302,361.458442643809,1.89320590079809,10
2019-07-16T20:00:00Z,357.453138287282,14.8189116511775,0,6.02584604954843,5,0,0.182826875339586,361.321291445281,0.556991512481058,10
2019-07-16T21:00:00Z,355.118529497847,14.6732616633488,0,5.46095005866983,5,0,0.182842338267565,361.138464569941,0.706473719497223,10
2019-07-16T22:00:00Z,356.365214702851,14.6642091633489,0,5.13016783121905,5,0,0.18285780250335,360.955622231674,0.708115646700096,10
2019-07-16T23:00:00Z,349.811290794477,13.9968329391607,0,4.29998626330196,5,0,0.182873268047052,360.77276442917,1.38479007386344,10
2019-07-17T00:00:00Z,348.148799645212,13.9970080560157,0,4.5714164585248,5,0,0.182888734898782,360.589891161123,1.39967269395271,10
2019-07-17T01:00:00Z,355.273373613637,14.6661861353747,0,4.05873986879625,5,0,0.18290420305865,360.407002426225,0.704254497379458,10
2019-07-17T02:00:00Z,355.159165538455,14.8167079099029,0,3.93165110923765,5,0,0.182919672526767,360.224098223166,0.56181357905091,10
2019-07-17T03:00:00Z,361.619836817014,15.6749627331779,0,3.44484171014376,5,0,0.182935143303243,360.04117855064,-0.288240645013485,10
2019-07-17T04:00:00Z,356.630947279651,15.0001911845295,23.368928120251,3.38842963809885,5,0.0232673023381515,0.182950615388189,359.858243407336,0.388543106063131,10
2019-07-17T05:00:00Z,362.237611240043,15.9959812999754,182.421074599963,3.21002388905374,5,0.180651451412953,0.182966088781716,359.698560094287,-0.609055455159991,10
2019-07-17T06:00:00Z,365.102632297277,16.5164334438832,333.910699778703,3.39649810757214,5,0.326507739652736,0.182981563483935,359.696245456918,-1.12546710357827,10
2019-07-17T07:00:00Z,360.345680337773,15.7534577027384,471.557588940036,3.60309219013981,5,0.453097919102249,0.182997039494955,359.839771633087,-0.366353416466405,10
2019-07-17T08:00:00Z,353.242477111639,14.9145092069641,589.655397388985,3.7178040468615,5,0.555796178167367,0.183012516814889,360.109872512694,0.47739062110179,10
2019-07-17T09:00:00Z,344.074361662547,14.0085868178106,683.308214968505,3.55415928300573,5,0.632771277499309,0.183027995443846,360.482656174046,1.381976195838,10
2019-07-17T10:00:00Z,331.403339462324,12.294758579169,748.633532876395,3.476680425516,5,0.683982348489453,0.183043475381937,360.932399456102,3.10690592290791,10
2019-07-17T11:00:00Z,336.585646769844,12.6078541576086,782.923198508826,3.91916675283616,5,0.710083413442089,0.183058956629274,361.43333832921,2.79300133853907,10
2019-07-17T12:00:00Z,333.987672421711,12.2246306421999,784.755685721863,3.84163161712857,5,0.711604397837968,0.183074439185966,361.960362786023,3.17017846093889,10
2019-07-17T13:00:00Z,337.569037498792,12.8883512218563,754.055026189956,4.65149740195087,5,0.688532959767884,0.183089923052124,362.488892744674,2.52103004687452,10
2019-07-17T14:00:00Z,351.49648844343,14.1345340951162,692.093958779342,5.23369308837362,5,0.640307573104887,0.18310540822786,362.99433578139,1.26466976644188,10
2019-07-17T15:00:00Z,361.82224626426,15.2091176994606,601.441166374667,5.73883111091238,5,0.566219084585692,0.183120894713284,363.451537946268,0.195420466594767,10
2019-07-17T16:00:00Z,350.295059373166,14.0758985291374,485.854787530133,6.02181216230772,5,0.466207011186052,0.183136382508506,363.83463613614,1.32638051961256,10
2019-07-17T17:00:00Z,350.539213116957,13.9369793161874,350.126617568901,6.62750246197138,5,0.34193098136196,0.183151871613638,364.117706764818,1.45814608515662,10
2019-07-17T18:00:00Z,347.874338939314,13.5661911115684,199.883457992522,6.85971642561506,5,0.197767878439243,0.18316736202879,364.276485874566,1.84364918976189,10
2019-07-17T19:00:00Z,338.352492268111,12.7322730334748,41.3538495390308,6.80609895473752,5,0.0411664847592849,0.183182853754073,364.291086390977,2.65297194789985,10
2019-07-17T20:00:00Z,343.505053383955,13.3037445960803,0,6.57867541533486,5,0,0.183198346789598,364.149070021982,2.09156995552202,10
2019-07-17T21:00:00Z,350.707447178229,14.3187419099515,0,6.34724576677467,5,0,0.183213841135476,363.965871675192,1.09378435473898,10
2019-07-17T22:00:00Z,363.268066462367,15.9118016758107,0,6.45573921481207,5,0,0.183229336791817,363.782657834057,-0.49189889951687,10
2019-07-17T23:00:00Z,365.228215482385,16.1799645376374,0,6.1805600654609,5,0,0.183244833758733,363.599428497265,-0.78628356820874,10
2019-07-18T00:00:00Z,364.368560098723,15.9530129110929,0,5.54520912571515,5,0,0.183260332036334,363.416183663506,-0.531186942155785,10
2019-07-18T01:00:00Z,357.382023940915,14.9252560244123,0,4.99541128637342,5,0,0.183275831624731,363.23292333147,0.472652089994086,10
2019-07-18T02:00:00Z,352.290572953205,14.5008820280825,0,3.5573760366868,5,0,0.183291332524035,363.049647499845,0.905654768977316,10
2019-07-18T03:00:00Z,360.533005962899,14.9394859075234,0,3.26529988409466,5,0,0.183306834734357,362.866356167321,0.460969170826192,10
2019-07-18T04:00:00Z,364.723786467607,15.6954690983236,17.2401093746371,3.30296789492156,5,0.0171658895031648,0.183322338255808,362.683049332587,-0.282290232509817,10
2019-07-18T05:00:00Z,373.821347334288,16.6961970242079,148.981496826972,2.49105419352782,5,0.147833515407881,0.183337843088498,362.516892883834,-1.27945563876148,10
2019-07-18T06:00:00Z,376.239497098195,17.0420686064234,274.521230488296,2.30382341857684,5,0.270176884985222,0.183353349232538,362.481388556153,-1.62044784210729,10
2019-07-18T07:00:00Z,373.697779227404,16.6026336520626,388.633467003799,1.96328682203014,5,0.378109951173578,0.18336885668804,362.568212091906,-1.18810718752644,10
2019-07-18T08:00:00Z,368.491383959122,15.6215949103914,486.568055520796,1.60489005600264,5,0.467388969578619,0.183384365455114,362.762953186391,-0.201791446988716,10
2019-07-18T09:00:00Z,350.884522555876,13.8050450264505,564.248272250877,1.73407154922515,5,0.535595981698488,0.183399875533872,363.046957790515,1.61923513780284,10
2019-07-18T10:00:00Z,356.53038718842,14.1583044538147,618.440522279029,1.60477482483432,5,0.581686601143665,0.183415386924424,363.39915389668,1.25447132275077,10
2019-07-18T11:00:00Z,348.928382126041,13.4972647557922,646.88894444136,1.85259615267136,5,0.605390931134824,0.183430899626881,363.797425110899,1.91947369367163,10
2019-07-18T12:00:00Z,350.928211989174,13.7801545861554,648.409316073254,2.75891999403878,5,0.606706695441403,0.183446413641353,364.219385142407,1.65862973285062,10
2019-07-18T13:00:00Z,363.224782645391,15.3128445598478,622.938348654352,2.39954639710717,5,0.585617164916455,0.183461928967953,364.642645424207,0.0838740670163437,10
2019-07-18T14:00:00Z,365.507468814919,15.6948464086796,571.536322320232,2.5210553187838,5,0.542083255242993,0.183477445606791,365.044800660156,-0.257788043049382,10
2019-07-18T15:00:00Z,364.904737224472,15.6761666374959,496.342949573922,2.74512345349062,5,0.476309932653708,0.183492963557978,365.403406469792,-0.236816295146675,10
2019-07-18T16:00:00Z,359.458360308286,15.4403043068685,400.488305458853,3.64934953658016,5,0.389239398367154,0.183508482821625,365.696223438887,0.0032052987914683,10
2019-07-18T17:00:00Z,361.228477330927,15.5452640842691,287.962531903537,4.31521080391386,5,0.283144296652544,0.183524003397843,365.901954354433,-0.11802964168085,10
2019-07-18T18:00:00Z,358.317066906416,15.4483395694899,163.449740056129,4.48573569090334,5,0.162091078704177,0.183539525286743,366.001574647688,-0.0074396996880175,10
2019-07-18T19:00:00Z,357.060765178991,15.8890176434751,32.1330247575023,4.06762560709718,5,0.0319911315914446,0.183555048488436,365.980126201105,-0.453113250897861,10
2019-07-18T20:00:00Z,364.375792224455,16.6785263459715,0,4.20709075636122,5,0,0.183570573003034,365.828562284208,-1.24990611799112,10
2019-07-18T21:00:00Z,379.926583899601,18.5301611420676,0,4.16621500149584,5,0,0.183586098830646,365.644991711205,-3.08838266224707,10
2019-07-18T22:00:00Z,377.720741527003,18.4450653924463,0,4.19754602626327,5,0,0.183601625971384,365.461405612375,-3.00386188419643,10
2019-07-18T23:00:00Z,373.125145366818,17.6905597942306,0,3.92595716527142,5,0,0.18361715442536,365.277803986403,-2.25570003190587,10
2019-07-19T00:00:00Z,367.281252951751,16.6030473462367,0,2.99493846689925,5,0,0.183632684192684,365.094186831977,-1.16764827472299,10
2019-07-19T01:00:00Z,359.40902883693,15.5818075640016,0,2.52076743042799,5,0,0.183648215273467,364.910554147785,-0.143216425935486,10
2019-07-19T02:00:00Z,356.787059052109,15.3024720462449,0,2.79461353298903,5,0,0.183663747667821,364.726905932511,0.145042367388356,10
2019-07-19T03:00:00Z,356.136329091366,14.7621215199558,0,1.70757315555846,5,0,0.183679281375856,364.543242184843,0.681104951774298,10
2019-07-19T04:00:00Z,367.389771948985,15.9751511784837,19.3391766556794,1.45991646807254,5,0.0192557307151616,0.183694816397684,364.359562903467,-0.543672891918356,10
2019-07-19T05:00:00Z,377.345539167758,17.3222456491068,188.507390017959,1.87868416488363,5,0.186705059486156,0.183710352733416,364.195123817785,-1.87290986380578,10
2019-07-19T06:00:00Z,378.775556829527,17.2661144162159,349.795248678526,1.48345576829573,5,0.342024753458006,0.183725890383163,364.198118524537,-1.82228438025405,10
2019-07-19T07:00:00Z,373.679826359778,16.6613126635668,496.460282036074,1.59643589062174,5,0.476794518177819,0.183741429347036,364.356417387612,-1.20495451100155,10
2019-07-19T08:00:00Z,372.423061336991,16.3862614231143,622.371311439803,1.38357379098343,5,0.585999478032782,0.183756969625145,364.649470476443,-0.948349206029073,10
2019-07-19T09:00:00Z,365.191822671535,15.6234436467523,722.264757714039,1.65868424433858,5,0.667702493873842,0.183772511217604,365.05171298485,-0.191279214072535,10
2019-07-19T10:00:00Z,359.450535362381,15.0494119322596,791.964679592275,1.28189607350966,5,0.721938006761647,0.183788054124522,365.535642967507,0.398110573880188,10
2019-07-19T11:00:00Z,362.623948040978,14.9057490079073,828.557344583546,1.31225648928595,5,0.749497189020222,0.18380359834601,366.073792920144,0.541630546986379,10
2019-07-19T12:00:00Z,363.260619729331,14.8239028353136,830.513034518266,2.13281192480495,5,0.751018306334538,0.18381914388218,366.639486510818,0.637859484006724,10
2019-07-19T13:00:00Z,364.871893420727,14.7144948150828,797.74999381979,3.49056108165831,5,0.726518840565518,0.183834690733144,367.20668567327,0.723061074614642,10
2019-07-19T14:00:00Z,373.885449516358,16.3589253772148,731.637847210982,3.67282781465637,5,0.675377959996061,0.183850238899012,367.749369823103,-0.912110902077333,10
2019-07-19T15:00:00Z,363.037968409506,15.038889421795,634.940343982091,4.19098580836686,5,0.596767537014147,0.183865788379895,368.2408975442,0.418600524045705,10
2019-07-19T16:00:00Z,355.454046195746,14.278626202366,511.699822336097,5.02175123691009,5,0.490524549745452,0.183881339175904,368.653799292835,1.17401095344975,10
2019-07-19T17:00:00Z,355.817970466243,14.2012505871568,367.068223658971,5.16160708741475,5,0.358343490904594,0.183896891287152,368.960442503404,1.25808699475131,10
2019-07-19T18:00:00Z,362.732445875649,14.7330803595878,207.091720986913,5.38388622729494,5,0.204903945370802,0.183912444713749,369.134889103022,0.717436637778349,10
2019-07-19T19:00:00Z,359.883498720578,14.4735334368259,38.457965052745,5.77068265307631,5,0.0382857689683847,0.183927999455806,369.155880603679,0.981974016989022,10
2019-07-19T20:00:00Z,364.176272832457,14.8883464809595,0,4.71317571319441,5,0,0.183943555513435,369.010238373191,0.567458192328736,10
2019-07-19T21:00:00Z,365.602548696294,14.8666470867044,0,4.87430746877252,5,0,0.183959112886747,368.826294817678,0.582164229858394,10
2019-07-19T22:00:00Z,366.796032406092,15.3064456940907,0,4.29512318315274,5,0,0.183974671575853,368.642335704791,0.164884680151929,10
2019-07-19T23:00:00Z,367.987955454692,15.418888451513,0,4.06469111347402,5,0,0.183990231580865,368.458361033216,0.0444508542544168,10
2019-07-20T00:00:00Z,353.535049110418,13.784422950831,0,3.5863450788607,5,0,0.184005792901893,368.274370801635,1.6800176381907,10
2019-07-20T01:00:00Z,361.713568259987,14.7699833011627,0,3.17751032844871,5,0,0.18402135553905,368.090365008733,0.712356284150109,10
2019-07-20T02:00:00Z,356.717869390567,14.4445255144689,0,3.17849493493573,5,0,0.184036919492446,367.906343653194,1.03465192147944,10
2019-07-20T03:00:00Z,358.327812786789,14.4686226117177,0,2.92100631544362,5,0,0.184052484762192,367.722306733701,0.998190597918636,10
2019-07-20T04:00:00Z,362.514538928382,14.7269780864305,12.6536054362846,2.34233539703659,5,0.0125994203580899,0.184068051348401,367.538254248939,0.756821841616584,10
2019-07-20T05:00:00Z,363.056164587514,14.8659480002738,142.692737631634,2.10016527552805,5,0.141659447305488,0.184083619251183,367.366785617949,0.606512266154303,10
2019-07-20T06:00:00Z,368.084521510675,15.2429163750781,266.740595828076,2.2687215574193,5,0.26285057241754,0.18409918847065,367.324361446003,0.230271138595888,10
2019-07-20T07:00:00Z,358.606028176924,14.380536325829,379.588753025275,2.3597067353603,5,0.370139110255529,0.184114759006913,367.40311282995,1.09987812116786,10
2019-07-20T08:00:00Z,366.01485024265,15.428244189479,476.499026739231,1.70135533020037,5,0.459200677096506,0.184130330860083,367.589137181199,0.0531610065677161,10
2019-07-20T09:00:00Z,367.377632881374,15.3792355153068,553.402422200019,0.535957759471389,5,0.527453743713721,0.184145904030272,367.864207527435,0.100939021966664,10
2019-07-20T10:00:00Z,364.443555795312,15.1455914061175,607.069978205415,0.931259661523642,5,0.573675492836133,0.184161478517592,368.207515367119,0.334388717789387,10
2019-07-20T11:00:00Z,363.962945539944,15.1149709925594,635.248342284809,1.08467008759519,5,0.597457633178135,0.184177054322153,368.597029381438,0.372779211285126,10
2019-07-20T12:00:00Z,364.211714989402,15.2178274595377,636.75438274669,1.63287014898119,5,0.598730036763011,0.184192631444067,369.010309960294,0.277114242765218,10
2019-07-20T13:00:00Z,363.682683348699,15.2091591388985,611.524865111082,2.17419739125559,5,0.57748805135924,0.184208209883446,369.424847365613,0.273152125201911,10
2019-07-20T14:00:00Z,372.384934694783,16.3052884337631,560.619107150731,2.39261494347461,5,0.533779028096534,0.184223789640401,369.818127207088,-0.803270811009273,10
2019-07-20T15:00:00Z,370.776130710354,16.0729152334858,486.1745010632,2.96243482396074,5,0.467950221942207,0.184239370715043,370.167682445544,-0.592515204781547,10
2019-07-20T16:00:00Z,365.696576546794,15.3686493968055,391.31677027502,3.57325268782528,5,0.381108592139206,0.184254953107484,370.451393296772,0.141365174728003,10
2019-07-20T17:00:00Z,357.361373634539,14.20179712998,280.028728946877,4.2762405376099,5,0.275666019409152,0.184270536817835,370.648246935804,1.29765580026019,10
2019-07-20T18:00:00Z,359.83409386509,14.2128906592122,156.983054605781,4.51532924812716,5,0.155750839466808,0.184286121846207,370.739642418395,1.27599408720598,10
2019-07-20T19:00:00Z,353.422290261112,13.5737136236232,27.34609531957,4.24567995573121,5,0.0272266466345454,0.184301708192713,370.711107136016,1.89877985817784,10
2019-07-20T20:00:00Z,359.259746273006,14.4119854900971,0,4.17687363683003,5,0,0.184317295857464,370.554032074458,1.07903401543405,10
2019-07-20T21:00:00Z,365.94649951865,15.0799727604935,0,3.56916988989427,5,0,0.184332884840571,370.3697147786,0.412801260274552,10
2019-07-20T22:00:00Z,368.369720076308,15.3680513821588,0,3.47036846152068,5,0,0.184348475142145,370.185381893759,0.143898140929486,10
2019-07-20T23:00:00Z,368.85251519215,15.6293387244269,0,2.61950695937251,5,0,0.184364066762299,370.001033418617,-0.12682636368788,10
2019-07-21T00:00:00Z,365.903534852775,14.8369214067968,0,3.23388929394184,5,0,0.184379659701143,369.816669351854,0.644867437882486,10
2019-07-21T01:00:00Z,370.850227120016,15.2888901824974,0,2.07536026916052,5,0,0.184395253958789,369.632289692153,0.21508669021376,10
2019-07-21T02:00:00Z,369.452255789579,15.0817449336394,0,1.67866772411507,5,0,0.18441084953535,369.447894438195,0.411326989015636,10
2019-07-21T03:00:00Z,371.747179007218,15.5487987216198,0,2.20435889591868,5,0,0.184426446430935,369.263483588659,-0.0620576526421175,10
2019-07-21T04:00:00Z,378.991324707196,16.28518187886,7.84224539980629,1.41092036468323,5,0.0078087775986754,0.184442044645658,369.079057142229,-0.770991511227722,10
2019-07-21T05:00:00Z,374.784252737,15.9588010052852,106.071410783269,0.798255247800278,5,0.105445420573584,0.184457644179629,368.902423875182,-0.446533948127662,10
2019-07-21T06:00:00Z,369.648360810488,15.4484531305497,199.826819002573,0.5,5,0.197816323773223,0.18447324503296,368.823411651576,0.0550466422081142,10
2019-07-21T07:00:00Z,358.621119501899,14.2758144125454,285.154162991351,0.5,5,0.280594033080989,0.184488847205762,368.836754730316,1.24731030425991,10
2019-07-21T08:00:00Z,352.054729651487,13.9284160817538,358.454604819105,0.5,5,0.350334780814553,0.184504450698148,368.932859916191,1.57846186454356,10
2019-07-21T09:00:00Z,346.316048969993,13.3836284182503,416.636563311025,0.5,5,0.404586570533294,0.184520055510228,369.098690246307,2.1107677378025,10
2019-07-21T10:00:00Z,353.465950478439,14.1144719789664,457.246107179633,0.5,5,0.441794515014425,0.184535661642115,369.31875676133,1.4071375419443,10
2019-07-21T11:00:00Z,359.318226954114,14.5016137121573,478.570454097687,0.5,5,0.461097105683935,0.18455126909392,369.576015614703,1.00538627955691,10
2019-07-21T12:00:00Z,355.521792174875,13.9851829951638,479.710210448269,0.5,5,0.462119436099266,0.184566877865755,369.852561451293,1.53119012050266,10
2019-07-21T13:00:00Z,363.40854905141,14.8676368947681,460.617304907533,0.5,5,0.444844604479944,0.184582487957731,370.130114009526,0.639380687257061,10
2019-07-21T14:00:00Z,372.651161187684,15.8982560811244,422.097015941341,0.861233068752148,5,0.409605785705644,0.18459809936996,370.390376126048,-0.393800678611838,10
2019-07-21T15:00:00Z,372.207643143711,15.7530383766719,365.774007702413,0.711612352016589,5,0.357201478056485,0.184613712102554,370.615383812384,-0.229874050419198,10
2019-07-21T16:00:00Z,363.308495733747,14.5564104390986,294.02380682658,1.31748369031165,5,0.289096473785229,0.184629326155624,370.787971578338,0.954602690595142,10
2019-07-21T17:00:00Z,366.155951757114,15.0987229026552,209.872610220509,2.03107496763221,5,0.207631668030781,0.184644941529282,370.892438725967,0.41711137634732,10
2019-07-21T18:00:00Z,368.386604935154,15.1319553352782,116.869649632028,3.19032408577478,5,0.116137952635368,0.18466055822364,370.915425452469,0.397785483752383,10
2019-07-21T19:00:00Z,367.922825051295,15.1722008710331,18.9374962624471,3.54408238696525,5,0.0188558499995967,0.184676176238809,370.846902846881,0.32592534069907,10
2019-07-21T20:00:00Z,367.109427016122,14.7468113931095,0,3.23630311654581,5,0,0.184691795574901,370.681082520641,0.76881643014522,10
2019-07-21T21:00:00Z,374.479351945519,15.9384210736903,0,3.76279424962502,5,0,0.184707416232028,370.496390725066,-0.396875467207929,10
2019-07-21T22:00:00Z,368.348651059416,15.4166861678153,0,2.91069512935995,5,0,0.184723038210302,370.311683308834,0.110759970803779,10
2019-07-21T23:00:00Z,368.664890611794,15.552783562474,0,2.92228728258578,5,0,0.184738661509833,370.126960270624,-0.0408653993775607,10
2019-07-22T00:00:00Z,368.327891706002,15.6210977932942,0,2.66585776293425,5,0,0.184754286130735,369.942221609114,-0.0915919810944933,10
2019-07-22T01:00:00Z,369.916642982108,15.6217615400228,0,1.34564812123428,5,0,0.184769912073119,369.757467322983,-0.0900566089332795,10
2019-07-22T02:00:00Z,367.340054964909,15.3487122756187,0,1.00166650563177,5,0,0.184785539337096,369.57269741091,0.176029021553242,10
2019-07-22T03:00:00Z,369.8162645297,15.4664617721359,0,0.865314169126312,5,0,0.184801167922779,369.387911871572,0.0604348468016557,10
2019-07-22T04:00:00Z,374.689047302087,16.1399318761715,6.19223915281103,0.59475235474218,5,0.00616583356237001,0.184816797830279,369.20311070365,-0.605322124515069,10
2019-07-22T05:00:00Z,375.295855547867,15.9973238610028,106.193416617535,1.02948090079491,5,0.105564260241221,0.184832429059707,369.024459739381,-0.452676432299367,10
2019-07-22T06:00:00Z,375.590735335709,16.0089729026937,201.694886179699,0.669824691604133,5,0.199629076266016,0.184848061611177,368.945191570563,-0.479886982864137,10
2019-07-22T07:00:00Z,371.385552066792,15.6929957553066,288.649987217744,0.5,5,0.283906808881277,0.184863695484799,368.959972585218,-0.147083472544967,10
2019-07-22T08:00:00Z,368.546622725057,15.2450440660149,363.374192312065,0.5,5,0.354869852699663,0.184879330680685,369.059015698614,0.276281277455508,10
2019-07-22T09:00:00Z,369.218862612275,15.2693980941478,422.701230832285,0.5,5,0.410028839495322,0.184894967198947,369.229006220634,0.291760473049311,10
2019-07-22T10:00:00Z,374.433556949895,16.0160254068835,464.117252555217,0.5,5,0.44782722795792,0.184910605039698,369.45414009293,-0.465814541924922,10
2019-07-22T11:00:00Z,373.853566053931,16.0196693582253,485.867346431052,0.5,5,0.46741938586942,0.184926244203048,369.717056715849,-0.482145339305466,10
2019-07-22T12:00:00Z,379.602323846251,16.6350025644121,487.029901003901,0.5,5,0.468446297660562,0.184941884689111,369.999549857515,-1.09103850991564,10
2019-07-22T13:00:00Z,378.477062704037,16.5058813851874,467.555655630637,0.762453825609133,5,0.450895710455923,0.184957526497996,370.283054270487,-0.971956768393237,10
2019-07-22T14:00:00Z,379.134073168461,16.7214476820914,428.269787790179,1.48770815143963,5,0.415092009351489,0.184973169629818,370.548992454445,-1.18327676071911,10
2019-07-22T15:00:00Z,375.694411403156,16.1047162186725,370.836948038197,2.58818778546262,5,0.361819066228935,0.184988814084686,370.779111294166,-0.552991033527209,10
2019-07-22T16:00:00Z,370.675874459657,15.5290653160893,297.690724172597,2.19556474749156,5,0.292537269943914,0.185004459862714,370.95594154631,0.000289424306228997,10
2019-07-22T17:00:00Z,371.318516232388,15.5025443041084,211.93052340763,3.14818570703647,5,0.209613390106593,0.185020106964014,371.063474356392,0.0554781881164858,10
2019-07-22T18:00:00Z,368.76921624333,15.1535973639879,117.190241943258,3.6981405104652,5,0.116450362944608,0.185035755388696,371.088067639535,0.407266466591292,10
2019-07-22T19:00:00Z,372.826475287436,15.3367893888402,17.484286762273,4.42057922204288,5,0.0174090249664193,0.185051405136873,371.01948224709,0.218183049924695,10
2019-07-22T20:00:00Z,381.545969706099,16.5877557896376,0,4.71424550371268,5,0,0.185067056208657,370.85183986692,-1.04063828600947,10
2019-07-22T21:00:00Z,386.101223835416,17.3110396932324,0,4.64802149918901,5,0,0.185082708604161,370.666772810711,-1.74845332307603,10
2019-07-22T22:00:00Z,377.612201062112,16.356411395252,0,5.25400777558653,5,0,0.185098362323495,370.481690102106,-0.800944330233768,10
2019-07-22T23:00:00Z,381.122308930847,16.7368205129581,0,4.849823998697,5,0,0.185114017366772,370.296591739783,-1.16031276283228,10
2019-07-23T00:00:00Z,364.709335515531,15.0498625080711,0,3.62973840688976,5,0,0.185129673734104,370.111477722416,0.515171033425722,10
2019-07-23T01:00:00Z,358.794816166092,14.4317632242799,0,3.27350506947163,5,0,0.185145331425602,369.926348048682,1.14808623265709,10
2019-07-23T02:00:00Z,349.427164458389,13.1480994286054,0,2.05687460266481,5,0,0.18516099044138,369.741202717257,2.4083056409389,10
2019-07-23T03:00:00Z,357.56084230625,13.9073159358127,0,2.30112358858466,5,0,0.185176650781548,369.556041726815,1.66796461741218,10
2019-07-23T04:00:00Z,360.750703148088,14.5475440619479,4.62503182089604,1.3556675487958,5,0.0046053204694683,0.185192312446219,369.370865076034,1.02714942962471,10
2019-07-23T05:00:00Z,364.654914734099,14.9682327201185,110.765461007293,1.61408794939842,5,0.110087312804611,0.185207975435505,369.190278084057,0.604390311452254,10
2019-07-23T06:00:00Z,365.96792193726,15.2898098438389,212.190053478972,1.11570244294748,5,0.209841589179509,0.185223639749518,369.115157421426,0.295411833086227,10
2019-07-23T07:00:00Z,362.008818162544,14.6115526346654,304.580659764035,0.878597245552178,5,0.299040787228166,0.185239305388369,369.139775370856,0.968980470980814,10
2019-07-23T08:00:00Z,358.961294976292,14.1109685212757,384.003752125117,1.52951521128981,5,0.37393614305447,0.185254972352172,369.253576852696,1.47003850508589,10
2019-07-23T09:00:00Z,345.788019682373,12.8483315293462,447.077894403811,1.82706663075948,5,0.431970106986388,0.185270640641038,369.442258023398,2.73668795141233,10
2019-07-23T10:00:00Z,343.727644439238,12.6597552439752,491.117706580007,1.42766247888331,5,0.471623790115698,0.185286310255079,369.688957489744,2.90557210229033,10
2019-07-23T11:00:00Z,344.403434862325,12.7724695158426,514.248194758667,1.64039807004275,5,0.492129426352804,0.185301981194407,369.975294969605,2.80816561153313,10
2019-07-23T12:00:00Z,356.588975929898,14.3974202008432,515.484578987716,1.85306687914043,5,0.493188441922912,0.185317653459134,370.282122414763,1.19026081372464,10
2019-07-23T13:00:00Z,365.852158966478,15.6089840976012,494.774220239719,1.8747473159214,5,0.474797552680777,0.185333327049372,370.589993203227,-0.0514549853856418,10
2019-07-23T14:00:00Z,362.945907331771,15.4423507734601,452.998861517148,2.57508429559689,5,0.437234526191466,0.185349001965234,370.879457428858,0.147630056021188,10
2019-07-23T15:00:00Z,363.831437909977,15.0856368297139,391.937087666244,4.09782880311527,5,0.381207925262966,0.185364678206832,371.131342953084,0.482340166191649,10
2019-07-23T16:00:00Z,363.059908913087,14.7741113293818,314.188602171948,3.95071411854512,5,0.308128121535043,0.185380355774277,371.32718620014,0.79114697495161,10
2019-07-23T17:00:00Z,358.852835090655,14.4350791174693,223.063544847461,4.14112991100418,5,0.220405182796071,0.185396034667683,371.449933965901,1.1451432700023,10
2019-07-23T18:00:00Z,356.188089368472,13.8714009745227,122.441562715,5.47838251563116,5,0.121635215032217,0.18541171488716,371.484943114029,1.69395036400425,10
2019-07-23T19:00:00Z,359.973444816639,14.3866712154408,16.6066341314726,5.62914771159997,5,0.0165351984201662,0.185427396432821,371.421166614174,1.18933476818712,10
2019-07-23T20:00:00Z,366.405047712638,15.0035005903807,0,5.44194598507791,5,0,0.185443079304779,371.252274416162,0.58997494929824,10
2019-07-23T21:00:00Z,378.562506622482,16.5511830835503,0,5.30537639790328,5,0,0.185458763503145,371.066831336857,-0.96410073118372,10
2019-07-23T22:00:00Z,373.061786122099,15.6508595658096,0,4.36964739263598,5,0,0.185474449028032,370.881372573354,-0.050508716123756,10
2019-07-23T23:00:00Z,366.889776210255,14.9203134085474,0,4.02872436496692,5,0,0.185490135879552,370.695898124326,0.671197040632172,10
2019-07-24T00:00:00Z,359.406520158755,13.8480419721492,0,3.22839413567132,5,0,0.185505824057816,370.510407988446,1.72484660039661,10
2019-07-24T01:00:00Z,365.314260248648,14.4551197845639,0,2.33799784925471,5,0,0.185521513562939,370.324902164388,1.12463471522064,10
2019-07-24T02:00:00Z,363.914189588157,14.1935664583627,0,2.07613345775567,5,0,0.18553720439503,370.139380650825,1.40053140483367,10
2019-07-24T03:00:00Z,368.220337228882,14.5900732533182,0,1.41185121904811,5,0,0.185552896554203,369.95384344643,0.999404619812626,10
2019-07-24T04:00:00Z,377.171946927058,15.8701426484142,3.72897822933182,1.32695596969772,5,0.00371308964487706,0.185568590040571,369.768290549876,-0.266072626375117,10
2019-07-24T05:00:00Z,375.064771114696,15.8431310982099,154.046536629988,1.26724196212379,5,0.152811237697949,0.185584284854244,369.58643504948,-0.245372108581602,10
2019-07-24T06:00:00Z,371.831774327386,15.2810068375647,297.773447321799,1.24650183665468,5,0.292363649764271,0.185599980995336,369.553662002324,0.305397889800396,10
2019-07-24T07:00:00Z,372.257576195218,15.4705449513925,428.760572158767,1.21086933223323,5,0.414762544738958,0.185615678463959,369.660425671093,0.122716961296085,10
2019-07-24T08:00:00Z,370.16594938911,15.205074493387,541.403825433541,1.43830224048882,5,0.515027801982941,0.185631377260225,369.889572537368,0.405113391162988,10
2019-07-24T09:00:00Z,357.625939267777,13.7907017361151,630.883936194932,1.06563713800462,5,0.590746640100527,0.185647077384246,370.218968962091,1.80109414308165,10
2019-07-24T10:00:00Z,365.827056668434,14.751675079503,693.372633454977,0.735204221983487,5,0.641325013232405,0.185662778836134,370.624068524807,0.835821761966264,10
2019-07-24T11:00:00Z,363.174359275092,14.6460715523354,726.196432963816,0.716437401493099,5,0.667043341091974,0.185678481616003,371.079730759203,0.963330088295224,10
2019-07-24T12:00:00Z,370.048283739763,15.4375521323017,727.951018183337,1.58963226133535,5,0.668286365688593,0.185694185723964,371.561095618679,0.169275255377581,10
2019-07-24T13:00:00Z,375.879599595474,16.0711594920132,698.561321842895,1.98225873795756,5,0.645116761937224,0.185709891160129,372.043687798644,-0.472876772832297,10
2019-07-24T14:00:00Z,384.412841527597,16.7199989132448,639.284737578772,2.33721491522529,5,0.597238298638598,0.185725597924612,372.503094669421,-1.11296077809531,10
2019-07-24T15:00:00Z,377.487761458914,15.9381781905987,552.657324252238,2.65668459789642,5,0.524352934211739,0.185741306017523,372.914607370135,-0.327891923150337,10
2019-07-24T16:00:00Z,381.070407678983,16.2252468276031,442.38530451298,3.07891454760507,5,0.426882532917199,0.185757015438976,373.253218998329,-0.622913071746806,10
2019-07-24T17:00:00Z,374.913644106939,15.2271371818312,313.186499677487,3.61533225709557,5,0.306917277018152,0.185772726189083,373.494344515807,0.387760351492201,10
2019-07-24T18:00:00Z,363.499263167979,14.2231952039721,170.588484890921,3.85264826320115,5,0.169051590941272,0.185788438267957,373.615489066636,1.38236960633135,10
2019-07-24T19:00:00Z,371.326594513188,15.4190907705081,20.6921001981098,4.39679951519022,5,0.0206025218240771,0.185804151675709,373.59875221931,0.191227667971337,10
2019-07-24T20:00:00Z,378.894546647337,16.4598960702466,0,4.94029711357858,5,0,0.185819866412452,373.433550589458,-0.83746757686721,10
2019-07-24T21:00:00Z,379.776319674247,16.3940775247588,0,5.28217884234344,5,0,0.185835582478299,373.247730723045,-0.780682901838454,10
2019-07-24T22:00:00Z,381.207361946033,17.0031790876544,0,5.12996900928839,5,0,0.185851299873362,373.061895140567,-1.40237792441124,10
2019-07-24T23:00:00Z,381.584268235578,17.0854986138347,0,5.41906814405415,5,0,0.185867018597753,372.876043840694,-1.46939251424927,10
2019-07-25T00:00:00Z,379.76470525963,16.7237025039684,0,5.09038376582033,5,0,0.185882738651585,372.690176822096,-1.1207020479312,10
2019-07-25T01:00:00Z,377.677902593459,16.3267556381788,0,4.74489800761975,5,0,0.18589846003497,372.504294083445,-0.710773966315389,10
2019-07-25T02:00:00Z,372.965718317824,15.559215857675,0,4.34416678360145,5,0,0.185914182748021,372.31839562341,0.0569139843565642,10
2019-07-25T03:00:00Z,372.969673373226,16.0165184467069,0,4.21032194228571,5,0,0.185929906790849,372.132481440661,-0.361023248864062,10
2019-07-25T04:00:00Z,375.01851562779,16.2580867633323,0.370495586461231,3.52887770463961,5,0.000368917773282972,0.185945632163569,371.94655153387,-0.628174707433592,10
2019-07-25T05:00:00Z,374.184328583987,16.1893617005614,66.1564794382915,2.85071903533363,5,0.0658257990649574,0.185961358866291,371.76097481948,-0.558691538974076,10
2019-07-25T06:00:00Z,383.54078555779,17.2784422896642,129.097848429585,3.30069956037382,5,0.128184229616902,0.18597708689913,371.640839259678,-1.64894030783172,10
2019-07-25T07:00:00Z,387.270090820486,17.460674290823,186.488231920681,2.54984389462187,5,0.18459815725901,0.185992816262196,371.583046402396,-1.83721624294216,10
2019-07-25T08:00:00Z,381.614948904717,16.4552415608695,235.859942103569,3.04847373514822,5,0.232641371991574,0.186008546955602,371.581651743393,-0.852013249418217,10
2019-07-25T09:00:00Z,378.644451763296,16.3003182642536,275.090080334477,2.39697288826958,5,0.270409652009301,0.186024278979462,371.628284568429,-0.65094114494058,10
2019-07-25T10:00:00Z,389.24587921438,17.594323948209,302.49181812525,3.32351481355844,5,0.296539399914792,0.186040012333888,371.712669941459,-1.96698645207577,10
2019-07-25T11:00:00Z,395.435827609909,18.1787403650465,316.88692786786,3.50956336513639,5,0.31016886473178,0.186055747018991,371.82316932904,-2.55361078318385,10
2019-07-25T12:00:00Z,392.622050001745,18.0220841241741,317.6564445956,4.81134436660608,5,0.310880175361931,0.186071483034885,371.947282446753,-2.39338381387505,10
2019-07-25T13:00:00Z,395.625012607044,18.659088114375,304.767280412354,5.23419053993323,5,0.298657235230478,0.186087220381683,372.07209113908,-3.01208848975637,10
2019-07-25T14:00:00Z,397.672955388327,18.9685150754949,278.773647215229,5.26765406603924,5,0.273880712589899,0.186102959059496,372.184661153929,-3.32355817695484,10
2019-07-25T15:00:00Z,400.490783383659,18.7122663924588,240.793226535949,5.93349999590075,5,0.237362450151757,0.186118699068438,372.272438907459,-3.06030053442331,10
2019-07-25T16:00:00Z,388.976651991309,17.6198412905133,192.459111156822,6.29038114430483,5,0.19040207476827,0.18613444040862,372.323682658542,-1.97704659910025,10
2019-07-25T17:00:00Z,385.373161451727,17.2475292897053,135.849584929192,6.77361067775689,5,0.134832766119104,0.186150183080156,372.327950292902,-1.60742935216083,10
2019-07-25T18:00:00Z,377.347285490853,16.5426491159391,73.3987601414152,6.97519811447987,5,0.0730166395058909,0.186165927083159,372.276632875941,-0.902651461814787,10
2019-07-25T19:00:00Z,373.968071185119,16.1875564250839,7.79191487588601,7.56394914926821,5,0.00775864840805633,0.18618167241774,372.163483588363,-0.559378168081153,10
2019-07-25T20:00:00Z,383.746333939726,17.1217605435197,0,7.84932123541219,5,0,0.186197419084012,371.985060564354,-1.4741645888663,10
2019-07-25T21:00:00Z,385.043528083309,17.4337407863024,0,7.44788474777639,5,0,0.186213167082089,371.798863145269,-1.79086453007782,10
2019-07-25T22:00:00Z,389.511877448668,17.7467747442362,0,7.2331223282967,5,0,0.186228916412082,371.612649978187,-2.10310439593673,10
2019-07-25T23:00:00Z,381.020527873853,17.0730875850985,0,7.53280269903419,5,0,0.186244667074104,371.426421061775,-1.41381066249154,10
2019-07-26T00:00:00Z,382.57203335535,17.2451591512893,0,7.13235102685748,5,0,0.186260419068268,371.240176394701,-1.5830470165539,10
2019-07-26T01:00:00Z,370.559872186618,15.5866269572435,0,7.13928146246425,5,0,0.186276172394687,371.053915975633,0.0891599914787575,10
2019-07-26T02:00:00Z,362.908571902833,14.439474690154,0,7.05705700094317,5,0,0.186291927053474,370.867639803238,1.21767458321354,10
2019-07-26T03:00:00Z,366.385616331385,15.1622014925097,0,6.6068036094842,5,0,0.18630768304474,370.681347876184,0.490600009407806,10
2019-07-26T04:00:00Z,373.43427336538,16.1228148156688,0,6.44621285970188,5,0,0.186323440368599,370.495040193139,-0.47689813041035,10
2019-07-26T05:00:00Z,381.954225587861,17.2642373326898,145.047449709734,5.75597609762736,5,0.143874522663103,0.186339199025163,370.308716752771,-1.60832069872268,10
2019-07-26T06:00:00Z,384.155625667082,17.6234324504749,285.87656470715,5.37414303446045,5,0.280449350521549,0.186354959014546,370.266252076409,-1.94872647801086,10
2019-07-26T07:00:00Z,386.762359493949,17.6932884142929,414.350279283377,5.93512842011095,5,0.39996928705417,0.186370720336859,370.360346467916,-2.0369009305295,10
2019-07-26T08:00:00Z,383.041861710295,17.0741649637807,524.916042501571,5.85659761464167,5,0.497500043388286,0.186386482992216,370.573945034633,-1.39707797736749,10
2019-07-26T09:00:00Z,388.318747807772,17.5815422461669,612.795273512214,6.30641616680554,5,0.57081176299954,0.18640224698073,370.885058595029,-1.92251981416231,10
2019-07-26T10:00:00Z,385.318867795978,17.1722678151651,674.189888729983,6.12651078492282,5,0.619551160931637,0.186418012302512,371.269468111048,-1.50766451333389,10
2019-07-26T11:00:00Z,387.788744717655,17.3775331454917,706.446452552359,5.21399145655492,5,0.644215006384198,0.186433778957676,371.702601259677,-1.68897394165309,10
2019-07-26T12:00:00Z,399.577556531563,18.8436430050531,708.170857131972,5.03908634588735,5,0.64532580071832,0.186449546946335,372.160382487104,-3.17837135662921,10
2019-07-26T13:00:00Z,401.84792181255,19.1263539127343,679.288574817032,5.20748093117395,5,0.62297820105405,0.186465316268601,372.619258740876,-3.47463096446889,10
2019-07-26T14:00:00Z,401.541930127839,19.1797191785343,621.047879188288,4.98343705446918,5,0.576792281403296,0.186481086924587,373.055771625661,-3.51895560660849,10
2019-07-26T15:00:00Z,398.448500678287,18.8235967087952,535.965895481377,5.64730521071685,5,0.506278453351011,0.186496858914407,373.44608282014,-3.16541587214253,10
2019-07-26T16:00:00Z,392.783880157681,17.9238816223285,427.719812060462,5.90026136569219,5,0.411598881526316,0.186512632238172,373.765864414577,-2.25298325383738,10
2019-07-26T17:00:00Z,384.024366233165,16.7403699391122,300.987954712971,5.68960872874739,5,0.294600436652837,0.186528406895996,373.990950663865,-1.07484283414044,10
2019-07-26T18:00:00Z,381.717114640087,15.9878352656385,161.24759243174,6.28800782970957,5,0.159761151382826,0.186544182887991,374.099022693622,-0.311554871251982,10
2019-07-26T19:00:00Z,382.778789124617,16.27125708179,14.5382133880207,6.17885685476879,5,0.0144757085093018,0.18655996021427,374.072239662117,-0.581268866661255,10
2019-07-26T20:00:00Z,380.165227836956,15.9832725881712,0,5.62368221204534,5,0,0.186575738874947,373.900155410412,-0.318035523791295,10
2019-07-26T21:00:00Z,386.679089916586,16.5078082496115,0,5.4349389123532,5,0,0.186591518870134,373.713579671537,-0.841641994588946,10
2019-07-26T22:00:00Z,387.053417095477,16.7325217688844,0,5.26797006523995,5,0,0.186607300199943,373.526988152667,-1.05758576400806,10
2019-07-26T23:00:00Z,379.244121561002,15.7887874452487,0,5.9625198891885,5,0,0.186623082864489,373.340380852467,-0.101209277849615,10
2019-07-27T00:00:00Z,368.455963648152,14.4822057246864,0,5.6559312100223,5,0,0.186638866863882,373.153757769603,1.20155454654867,10
2019-07-27T01:00:00Z,365.960647858066,14.2620208762232,0,5.03980575882967,5,0,0.186654652198238,372.967118902739,1.4202736326613,10
2019-07-27T02:00:00Z,368.491634978799,14.6477154674363,0,4.15390655734265,5,0,0.186670438867668,372.780464250541,1.05050202684121,10
2019-07-27T03:00:00Z,373.327749706999,15.4096185337664,0,3.789739273661,5,0,0.186686226872285,372.593793811673,0.271445056251714,10
2019-07-27T04:00:00Z,383.851582143623,16.9049071342171,0,3.25140579840742,5,0,0.186702016212203,372.407107584801,-1.20142191535625,10
2019-07-27T05:00:00Z,395.647175483482,18.6739072775525,134.620893120887,3.27484819302081,5,0.133560066972026,0.186717806887533,372.220405568589,-3.00276324225513,10
2019-07-27T06:00:00Z,394.404966194804,18.7840291172659,268.11612543053,3.12908527196127,5,0.263156148935858,0.18673359889839,372.167247828673,-3.093718504979,10
2019-07-27T07:00:00Z,393.295994629297,18.586861639525,389.962597096727,3.57795892590456,5,0.376727058021192,0.186749392244886,372.243670378711,-2.8890687048718,10
2019-07-27T08:00:00Z,386.701177034827,17.4945912677011,494.866481120419,3.58242262790065,5,0.469515472880876,0.186765186927134,372.433648044487,-1.79320469342485,10
2019-07-27T09:00:00Z,378.442744985191,16.7647407755838,578.270050010961,3.00292819116787,5,0.539324488349209,0.186780982945248,372.716398330441,-1.08801415702072,10
2019-07-27T10:00:00Z,374.584614896219,16.2103248337211,636.549694001297,2.76428279807661,5,0.585755603064255,0.186796780299339,373.068941835845,-0.524088366936555,10
2019-07-27T11:00:00Z,381.773805804638,16.7301627519071,667.173354931412,2.98832518621522,5,0.609243791763952,0.186812578989521,373.46790065861,-1.05573350766688,10
2019-07-27T12:00:00Z,391.072220052522,17.8946067083945,668.810535817477,3.54243530988195,5,0.610273852829058,0.186828379015907,373.890331871385,-2.20199732429763,10
2019-07-27T13:00:00Z,390.324342776902,17.9285509745471,641.390106554053,4.91075049730659,5,0.58894491539689,0.186844180378611,374.313777345198,-2.23730368955139,10
2019-07-27T14:00:00Z,388.446652073866,17.5849638549363,586.103394282382,5.49793544375958,5,0.544921957199587,0.186859983077744,374.715878080216,-1.87758913763266,10
2019-07-27T15:00:00Z,393.384071418444,18.1257077044262,505.352424158473,6.03147716947171,5,0.477780026851471,0.18687578711342,375.073940054338,-2.42280349215376,10
2019-07-27T16:00:00Z,384.727860521123,16.6367527778489,402.645559288756,5.73446412620752,5,0.387725127820488,0.186891592485753,375.364844294076,-0.93971394104043,10
2019-07-27T17:00:00Z,384.083389407504,16.7845726688402,282.445073933627,6.09241490635222,5,0.276569926963531,0.186907399194855,375.565677829411,-1.06970045144778,10
2019-07-27T18:00:00Z,380.834201341529,16.2215625447499,149.973282420058,5.65779008136144,5,0.148621735629156,0.186923207240839,375.65534035718,-0.520505509367089,10
2019-07-27T19:00:00Z,381.020394086094,16.4834306971419,10.9856468220734,5.46614757514982,5,0.0109385798987682,0.186939016623818,375.617038885568,-0.766523418386497,10
2019-07-27T20:00:00Z,380.986964718362,16.9760081963328,0,5.79859891107411,5,0,0.186954827343906,375.441038448843,-1.26434208866837,10
2019-07-27T21:00:00Z,378.906827458711,16.7891573559984,0,6.05416335074773,5,0,0.186970639401215,375.254083621498,-1.07629371823845,10
2019-07-27T22:00:00Z,385.727325205825,17.7000877980905,0,5.61968148012242,5,0,0.186986452795859,375.067112982097,-1.98352059436466,10
2019-07-27T23:00:00Z,384.908823383902,17.4647672047382,0,5.05214301696861,5,0,0.187002267527951,374.880126529301,-1.76222319933113,10
2019-07-28T00:00:00Z,369.47020298785,15.2523509317706,0,4.55552089772289,5,0,0.187018083597603,374.693124261773,0.443533305361169,10
2019-07-28T01:00:00Z,370.334899833883,15.6193666488799,0,4.94254226752722,5,0,0.187033901004929,374.506106178176,0.0999857939890157,10
2019-07-28T02:00:00Z,370.34656323777,15.7779408827418,0,3.33669195503283,5,0,0.187049719750043,374.319072277171,-0.0784508627742311,10
2019-07-28T03:00:00Z,374.229115181527,16.1233823864593,0,2.88006462268025,5,0,0.187065539833056,374.132022557421,-0.418668504477161,10
2019-07-28T04:00:00Z,377.469653067783,16.6868929748522,0,2.98942841846886,5,0,0.187081361254083,373.944957017588,-0.974080409498693,10
2019-07-28T05:00:00Z,386.310063996254,17.6733645767612,77.1714544170132,2.60326790802589,5,0.0767400616745649,0.187097184013237,373.757875656334,-1.95146869678943,10
2019-07-28T06:00:00Z,387.990159388519,18.0935780664033,155.396502242253,1.86980096671322,5,0.153895810468718,0.18711300811063,373.647518533995,-2.3699855024856,10
2019-07-28T07:00:00Z,383.329651311089,17.17155364706,226.833782485237,2.02888540039506,5,0.223264950128047,0.187128833546376,373.614301336353,-1.47116385574787,10
2019-07-28T08:00:00Z,379.066547153376,16.731554113356,288.362892511407,2.37432537221674,5,0.281806883109975,0.187144660320588,373.650437452935,-1.00911264725932,10
2019-07-28T09:00:00Z,373.471261576945,15.9684922296518,337.29622164501,1.91472718583346,5,0.327361478102053,0.18716048843338,373.745099675725,-0.264955847990084,10
2019-07-28T10:00:00Z,372.650294014143,15.5158610974744,371.49634683989,1.9600813923708,5,0.358578285641171,0.187176317884864,373.885300665393,0.229145005220158,10
2019-07-28T11:00:00Z,372.803813594169,15.4147995881453,389.469395983371,2.50576437013875,5,0.374732937604385,0.187192148675154,374.05670263315,0.299520323316742,10
2019-07-28T12:00:00Z,374.284427667281,15.6220997556581,390.430300695084,2.49578869754287,5,0.375531222286557,0.187207980804362,374.244243422079,0.119769138903893,10
2019-07-28T13:00:00Z,379.727026858118,16.0248519394919,374.337088358157,2.85119335539047,5,0.360980752811122,0.187223814272603,374.432566663561,-0.301990058756205,10
2019-07-28T14:00:00Z,383.393983090331,16.5707529735594,341.892715496186,3.13793755269082,5,0.331374120687007,0.18723964907999,374.6063236021,-0.837045837644195,10
2019-07-28T15:00:00Z,379.976721140857,16.2383197317391,294.514362413496,3.44614631196711,5,0.287389657343088,0.187255485226635,374.750458073706,-0.517596942607628,10
2019-07-28T16:00:00Z,379.354134380162,16.1754705380065,234.271530318385,3.71956593351493,5,0.230277664917515,0.187271322712652,374.850592245823,-0.44430459917461,10
2019-07-28T17:00:00Z,373.551461827326,15.4752471167114,163.795644866244,4.55315681721121,5,0.162060592782995,0.187287161538154,374.893598588028,0.262083557209508,10
2019-07-28T18:00:00Z,373.094736920338,15.3766340514277,86.1651146679531,5.20483612734777,5,0.0856455021058511,0.187303001703255,374.868372019273,0.371145366926808,10
2019-07-28T19:00:00Z,374.680727068923,15.5394411938243,4.77086544365176,5.47905876665437,5,0.00475052197395492,0.187318843208068,374.766714519676,0.188038046236485,10
2019-07-28T20:00:00Z,383.470574004265,16.5984934522374,0,5.35428273663483,5,0,0.187334686052705,374.584146198441,-0.879136119697194,10
2019-07-28T21:00:00Z,386.212626541144,17.1631808633645,0,4.51849600616357,5,0,0.187350530237282,374.396811512389,-1.43918668335276,10
2019-07-28T22:00:00Z,386.690476072446,17.9504262192148,0,3.92634647184451,5,0,0.18736637576191,374.209460982152,-2.2116665475637,10
2019-07-28T23:00:00Z,388.019137392699,17.9182954859662,0,4.13666937297068,5,0,0.187382222626703,374.02209460639,-2.17695217775559,10
2019-07-29T00:00:00Z,380.90420105719,17.0800824044501,0,3.41068739564233,5,0,0.187398070831775,373.834712383763,-1.34283526953845,10
2019-07-29T01:00:00Z,377.537353084552,16.4773995303938,0,2.90933580834183,5,0,0.187413920377239,373.647314312931,-0.735651858238723,10
2019-07-29T02:00:00Z,373.187216447689,15.7757242052512,0,2.99350980825701,5,0,0.187429771263208,373.459900392554,-0.036331182500681,10
2019-07-29T03:00:00Z,372.123093357819,15.7317648706299,0,2.05367265574514,5,0,0.187445623489795,373.272470621291,0.00777077489127065,10
2019-07-29T04:00:00Z,373.085148323395,16.2026252336814,0,2.46718541427049,5,0,0.187461477057115,373.085024997801,-0.435163155730265,10
2019-07-29T05:00:00Z,368.949290522867,16.0830790452626,85.3014976813424,2.12422601542546,5,0.0847810933865656,0.187477331965279,372.897563520744,-0.335962471532679,10
2019-07-29T06:00:00Z,362.79196018389,15.6456130635761,173.764227774205,0.886904146673278,5,0.171697923289325,0.187493188214403,372.794867282165,0.114122075178615,10
2019-07-29T07:00:00Z,366.616437537786,16.4002810823466,254.595200645912,0.5,5,0.24936023858012,0.187509045804599,372.77907201724,-0.62534875414744,10
2019-07-29T08:00:00Z,363.126656486713,15.4045785283448,324.244304925395,0.5,5,0.314346822104326,0.18752490473598,372.840923210016,0.33216766188265,10
2019-07-29T09:00:00Z,357.274260180872,14.5443171711979,379.652538991082,1.02655999443913,5,0.364450201760562,0.187540765008661,372.967745127384,1.20555524058036,10
2019-07-29T10:00:00Z,350.94291279187,13.8368883283019,418.386362891406,1.69421473948663,5,0.398492149674632,0.187556626622754,373.144654564136,1.91558498185303,10
2019-07-29T11:00:00Z,358.105940934897,14.5984895487366,438.744579872345,2.27385438548208,5,0.415985644699222,0.187572489578373,373.355590087188,1.16731954576529,10
2019-07-29T12:00:00Z,348.870289048324,13.5660536365309,439.833053255459,2.77361682347508,5,0.416806566153823,0.187588353875631,373.584003242308,2.18566187271208,10
2019-07-29T13:00:00Z,369.749347786627,15.5992750952146,421.603977087196,3.09329956853459,5,0.400988352773291,0.187604219514642,373.813221454587,0.160117760458543,10
2019-07-29T14:00:00Z,372.155699817357,15.7160330577466,384.857975785276,3.25611520266652,5,0.368694638435492,0.18762008649552,374.026605587845,0.0432815947904575,10
2019-07-29T15:00:00Z,369.582782843181,15.4273747639193,331.208940565265,3.16487657312503,5,0.320378089904224,0.187635954818377,374.207680139785,0.335123077001069,10
2019-07-29T16:00:00Z,366.975320092491,15.0533569653878,263.013147038047,3.95214364709979,5,0.257088199879389,0.187651824483328,374.340422274871,0.700217782635416,10
2019-07-29T17:00:00Z,358.721544568616,14.2039438770077,183.265767146491,4.27708400286475,5,0.180831687515502,0.187667695490485,374.409858650267,1.58306065617877,10
2019-07-29T18:00:00Z,354.916986171925,13.9605064695684,95.4693206563246,4.88940969103826,5,0.0948257434228204,0.187683567839963,374.403022642292,1.79058662530937,10
2019-07-29T19:00:00Z,356.649079593288,14.6808883666109,3.47984383620807,5.9534205375109,5,0.00346501287997601,0.187699441531875,374.310164817875,1.07976416215905,10
2019-07-29T20:00:00Z,356.037112096085,14.3609245482073,0,6.08348251112421,5,0,0.187715316566334,374.125930389223,1.40823788226459,10
2019-07-29T21:00:00Z,359.877868536353,15.1331506451301,0,5.85787394172899,5,0,0.187731192943455,373.938215072657,0.637414660576909,10
2019-07-29T22:00:00Z,360.43003915059,15.1044489657609,0,6.03567622171855,5,0,0.18774707066335,373.750483879713,0.651359665178762,10
2019-07-29T23:00:00Z,364.96758301249,15.5201898285616,0,5.49984859780316,5,0,0.187762949726133,373.56273680905,0.2470584475247,10
2019-07-30T00:00:00Z,368.329011315247,15.8410200456708,0,5.28583609079736,5,0,0.187778830131917,373.374973859324,-0.0850112668512376,10
2019-07-30T01:00:00Z,369.711069170705,15.8642108427026,0,5.64530755889668,5,0,0.187794711880817,373.187195029192,-0.083787450565759,10
2019-07-30T02:00:00Z,372.200111082508,16.3348814077185,0,4.89548887984287,5,0,0.187810594972946,372.999400317312,-0.571577663175265,10
2019-07-30T03:00:00Z,371.895747167788,16.2093296920237,0,4.03350947684603,5,0,0.187826479408417,372.811589722339,-0.446841627640031,10
2019-07-30T04:00:00Z,383.229213645849,17.615025342801,0,3.17414509784612,5,0,0.187842365187345,372.62376324293,-1.84008369318962,10
2019-07-30T05:00:00Z,392.109806525021,18.5732421064628,110.120630580372,3.37536563933069,5,0.109263683552829,0.187858252309842,372.435920877743,-2.80955343627863,10
2019-07-30T06:00:00Z,390.574444166418,18.6215749559478,227.065351814963,3.36464025679123,5,0.222723005820148,0.187874140776023,372.357326308986,-2.84194704120756,10
2019-07-30T07:00:00Z,393.407330410057,19.2420542931708,333.98143184886,3.72618834313951,5,0.321975094021786,0.187890030586,372.39217517403,-3.46886048946549,10
2019-07-30T08:00:00Z,391.108066878222,18.7532254416916,426.146780778543,3.94881651180387,5,0.402734732848506,0.187905921739888,372.526260237466,-2.97950854258204,10
2019-07-30T09:00:00Z,389.585927298844,18.0902192708381,499.490794224414,4.03971151144399,5,0.463166752398835,0.187921814237801,372.741089048574,-2.3249192853721,10
2019-07-30T10:00:00Z,380.739278073818,16.734574481804,550.774136950218,4.23311596445564,5,0.503127335691495,0.187937708079851,373.016333986735,-0.976838986749214,10
2019-07-30T11:00:00Z,380.911025565735,16.8724052327546,577.731812382683,4.44142810559298,5,0.523211593503895,0.187953603266154,373.331523614347,-1.07755227863714,10
2019-07-30T12:00:00Z,383.34057316645,17.4604780876777,579.173199177089,4.39129197745307,5,0.523991059969495,0.187969499796821,373.666781604584,-1.65787291173191,10
2019-07-30T13:00:00Z,388.864070924868,18.1334808610431,555.03463658169,4.74100552725085,5,0.505592379447066,0.187985397671968,374.002803164757,-2.33466586357815,10
2019-07-30T14:00:00Z,388.677352797602,17.8377628025246,506.3822360989,4.9236257515368,5,0.467641821660524,0.188001296891707,374.320410146532,-2.0510781415048,10
2019-07-30T15:00:00Z,383.895258147775,17.6110015574305,435.364795262531,5.53006447690391,5,0.409580827434872,0.188017197456153,374.600050671301,-1.82077884158391,10
2019-07-30T16:00:00Z,383.396134985335,17.2046832167417,345.118893156301,5.33987050374897,5,0.331353841588903,0.18803309936542,374.821614301279,-1.41113724114624,10
2019-07-30T17:00:00Z,380.082355732614,16.6426274138887,239.630359255389,5.07878863087187,5,0.234374123045327,0.18804900261962,374.964935043503,-0.854748824922279,10
2019-07-30T18:00:00Z,373.825311511949,15.6733616225857,123.558234002661,5.90655248623935,5,0.122438400195817,0.188064907218868,375.011260163928,0.124064916930851,10
2019-07-30T19:00:00Z,368.06003248166,14.9913884315534,2.02899613323717,5.88030177269151,5,0.00202035272293891,0.188080813163277,374.945633656906,0.810660236382445,10
2019-07-30T20:00:00Z,376.042176139413,16.0792892577222,0,6.38310635999967,5,0,0.188096720452962,374.759573196465,-0.274813142326201,10
2019-07-30T21:00:00Z,381.347379447562,16.7852301870117,0,6.64739317766567,5,0,0.188112629088036,374.571476476012,-0.977325898667065,10
2019-07-30T22:00:00Z,383.575530655252,17.3405779215361,0,6.02351432759919,5,0,0.188128539068612,374.383363846924,-1.54728958519901,10
2019-07-30T23:00:00Z,375.815196253173,16.1069790176068,0,5.27879864058278,5,0,0.188144450394805,374.195235307856,-0.304882990042428,10
2019-07-31T00:00:00Z,368.299079849921,15.302957802367,0,4.63221480365286,5,0,0.188160363066729,374.007090857461,0.49597997108324,10
2019-07-31T01:00:00Z,372.643120963208,15.8690617540903,0,3.3657954141657,5,0,0.188176277084497,373.818930494394,-0.0806826189524576,10
2019-07-31T02:00:00Z,373.73768950515,15.9020215753081,0,3.10493204794214,5,0,0.188192192448223,373.63075421731,-0.108602173908553,10
2019-07-31T03:00:00Z,385.017668450741,17.5077411387005,0,2.49020654115524,5,0,0.188208109158021,373.442562024861,-1.70683049618726,10
2019-07-31T04:00:00Z,389.589495090449,18.0636724292713,0,1.54338721176699,5,0,0.188224027214004,373.254353915703,-2.25600650468726,10
2019-07-31T05:00:00Z,388.325623403623,18.1296735321673,124.375337213421,0.923289204801622,5,0.123195383640693,0.188239946616288,373.066129888489,-2.31118033907772,10
2019-07-31T06:00:00Z,394.944946153809,18.7413239289213,259.758514320725,1.2741908014723,5,0.252813481268588,0.188255867364985,373.001085325514,-2.92560867365305,10
2019-07-31T07:00:00Z,397.902654688638,18.9385952808188,383.603552243453,1.66756343604521,5,0.36363251303224,0.188271789460209,373.065642939417,-3.14232294874143,10
2019-07-31T08:00:00Z,385.87612458436,17.2065130596308,490.409413648496,2.15973769110938,5,0.451128652061254,0.188287712902074,373.241003662989,-1.39050030949221,10
2019-07-31T09:00:00Z,384.721996692018,16.8011604716436,575.431919513109,1.94391270506702,5,0.514548337347092,0.188303637690695,373.503844602149,-0.998997993804927,10
2019-07-31T10:00:00Z,377.277206676642,15.6940223294536,634.894479456597,2.77707749189851,5,0.555291042483029,0.188319563826184,373.830089301805,0.127481119423868,10
2019-07-31T11:00:00Z,370.319183632342,15.60400890985,666.155843028735,2.63987961798821,5,0.575275737499405,0.188335491308657,374.197060780462,0.200202375010571,10
2019-07-31T12:00:00Z,373.829511089475,15.5974882355302,667.827420658406,3.22933995240795,5,0.575839851422699,0.188351420138226,374.584001026653,0.205102847325678,10
2019-07-31T13:00:00Z,373.701995213216,15.6282960532918,639.834963016768,3.49725815082922,5,0.557207580907002,0.188367350315006,374.971489457938,0.188769447666266,10
2019-07-31T14:00:00Z,369.332598440618,15.2437610082491,583.42185907697,4.46192587014227,5,0.518419466803426,0.188383281839111,375.34032968853,0.565608222636384,10
2019-07-31T15:00:00Z,362.089694174646,14.3476145258019,501.093906374823,5.0839519367138,5,0.457711142561673,0.188399214710655,375.670365873494,1.48178332078609,10
2019-07-31T16:00:00Z,358.445356675101,13.6480514607275,396.508006704454,4.70770498618996,5,0.373460730759451,0.188415148929752,375.939677801345,2.16145834708756,10
2019-07-31T17:00:00Z,352.858233566668,13.1010026359248,274.309731242983,5.57483780455953,5,0.265773221669888,0.188431084496515,376.124723383175,2.72540745732683,10
2019-07-31T18:00:00Z,358.81686053424,13.6488945667664,139.926970252553,5.57403189940848,5,0.13832219096757,0.188447021411058,376.202065520349,2.18346290307783,10
2019-07-31T19:00:00Z,370.563131895173,14.8799074562848,0,5.33589099532235,5,0,0.188462959673497,376.151940689905,0.94032597393543,10
2019-07-31T20:00:00Z,380.230557328504,16.1319981081973,0,5.16371535972638,5,0,0.188478899283943,375.963477730231,-0.302480615912586,10
2019-07-31T21:00:00Z,384.657657969262,17.0534258633459,0,4.52492422906706,5,0,0.188494840242513,375.774998830947,-1.23311158513317,10
2019-07-31T22:00:00Z,393.692961181733,18.0390644613801,0,4.12075659350817,5,0,0.188510782549319,375.586503990705,-2.22292941406265,10
2019-07-31T23:00:00Z,388.895584530205,17.2886572210805,0,3.32044094808896,5,0,0.188526726204476,375.397993208155,-1.48325693889323,10
2019-08-01T00:00:00Z,384.528853288049,17.1157737422972,0,3.62788885826995,5,0,0.188542671208098,375.209466481951,-1.29503971489355,10
2019-08-01T01:00:00Z,376.983672845054,16.1979037042717,0,3.21756953219001,5,0,0.188558617560298,375.020923810743,-0.362701988256733,10
2019-08-01T02:00:00Z,366.476847393145,15.3369604526042,0,1.85034657666801,5,0,0.188574565261191,374.832365193183,0.496281261401342,10
2019-08-01T03:00:00Z,375.265401237059,16.2464409157121,0,0.98686310762713,5,0,0.188590514310891,374.643790627922,-0.423255849048084,10
2019-08-01T04:00:00Z,375.619836567877,16.1835779225927,0,0.569287296808881,5,0,0.188606464709512,374.455200113611,-0.349353467627863,10
2019-08-01T05:00:00Z,391.034670330373,17.9415347206689,152.509753246021,0.5,5,0.150452867780144,0.188622416457169,374.266593648901,-2.12944502309014,10
2019-08-01T06:00:00Z,388.648372644568,17.8592436289547,322.833402570939,0.5,5,0.308519150342484,0.188638369553974,374.228424100224,-2.0136484301699,10
2019-08-01T07:00:00Z,378.975864165437,16.4301562060298,478.733706046377,0.5,5,0.436549401670249,0.188654324000042,374.348304881012,-0.60010370456272,10
2019-08-01T08:00:00Z,369.557373360047,15.2900033244916,613.245448867556,0.5,5,0.530887377080432,0.188670279795488,374.596199958683,0.548745901089982,10
2019-08-01T09:00:00Z,357.218378972575,13.9963123740223,720.35900076674,0.5,5,0.59456391932374,0.188686236940426,374.938417055968,1.84904914216553,10
2019-08-01T10:00:00Z,357.600719564953,14.0143156607997,795.288810459877,0.5,5,0.632947820902394,0.188702195434969,375.344294738351,1.81967998614985,10
2019-08-01T11:00:00Z,356.7846386533,14.1145882712157,834.687211469358,0.5,5,0.650760802133598,0.188718155279232,375.788540363818,1.74382723949634,10
2019-08-01T12:00:00Z,362.460840625531,14.1273828385285,836.793987042049,0.5,5,0.650757054391891,0.188734116473329,376.250583010673,1.72068594690358,10
2019-08-01T13:00:00Z,376.112384785686,15.6624173265426,801.515011996138,0.5,5,0.633326006543155,0.188750079017374,376.712605948591,0.188129481785408,10
2019-08-01T14:00:00Z,373.262481313435,15.4217129189246,730.426457986261,0.5,5,0.596440307416726,0.188766042911481,377.157181876117,0.433890851722855,10
2019-08-01T15:00:00Z,380.033748905028,16.1593227510974,626.704374306757,0.5,5,0.535876901836029,0.188782008155764,377.564856140622,-0.301361021986121,10
2019-08-01T16:00:00Z,382.074092911304,15.9611752077381,494.982790377207,0.515754095821675,5,0.446193097396771,0.188797974750339,377.911951034303,-0.105727128906165,10
2019-08-01T17:00:00Z,365.345191783527,13.9568600697941,341.146679517373,1.06403487542538,5,0.323331982484676,0.188813942695318,378.169346156949,1.91808588044139,10
2019-08-01T18:00:00Z,366.980497480355,13.6351111888983,172.06903384455,1.8443212426101,5,0.169126494832057,0.188829911990816,378.303864196738,2.21135786848809,10
2019-08-01T19:00:00Z,369.179007970916,14.2136922844965,0,2.06865091485559,5,0,0.188845882636948,378.284160779579,1.65566611177103,10
2019-08-01T20:00:00Z,370.829525635232,14.4085985331072,0,1.73373247973834,5,0,0.188861854633827,378.095314896942,1.43286310541296,10
2019-08-01T21:00:00Z,376.835247766607,15.3522147029891,0,2.55168189724514,5,0,0.188877827981568,377.906453042309,0.498955251000089,10
2019-08-01T22:00:00Z,376.6126476579,15.3784248909457,0,2.53907922193815,5,0,0.188893802680285,377.717575214327,0.474291997730131,10
2019-08-01T23:00:00Z,377.807460926387,15.4883019515812,0,2.12904828047399,5,0,0.188909778730092,377.528681411646,0.36146634559649,10
2019-08-02T00:00:00Z,386.500688449578,16.4190892908698,0,1.80385480707734,5,0,0.188925756131104,377.339771632916,-0.558006545632373,10
2019-08-02T01:00:00Z,377.625482545735,15.5455689618949,0,1.60597005706309,5,0,0.188941734883434,377.150845876785,0.322179833731212,10
2019-08-02T02:00:00Z,376.232862239324,15.5479473491185,0,1.21791852221043,5,0,0.188957714987198,376.961904141902,0.306347916954061,10
2019-08-02T03:00:00Z,378.223433751286,16.0024057988471,0,0.607013811495568,5,0,0.188973696442509,376.772946426915,-0.135058183561545,10
2019-08-02T04:00:00Z,380.6800427085,16.3630680516603,0,0.61754336806431,5,0,0.188989679249482,376.583972730472,-0.491734802375954,10
2019-08-02T05:00:00Z,377.157467209434,15.915532307135,127.215890696253,0.5,5,0.125699711711909,0.189005663408231,376.394983051223,-0.0483041479463821,10
2019-08-02T06:00:00Z,381.908670370715,15.8495461855591,273.135617119035,0.5,5,0.262572657408046,0.189021648918871,376.331677099527,0.00994197688142614,10
2019-08-02T07:00:00Z,375.610498070584,15.0871747786477,406.780007414082,0.5,5,0.37528739473864,0.189037635781515,376.405228108016,0.770552289818614,10
2019-08-02T08:00:00Z,366.103659486616,14.2398494158087,522.142778586298,0.5,5,0.459986025021049,0.189053623996278,376.591477866973,1.62163401406559,10
2019-08-02T09:00:00Z,358.283643523298,13.7795173438574,614.039265202067,0.5,5,0.518267677886092,0.189069613563275,376.862410267998,2.09692683787306,10
2019-08-02T10:00:00Z,357.063882755058,13.2987248966038,678.339430051067,0.5,5,0.553985622431091,0.189085604482619,377.191608332321,2.59159825952913,10
2019-08-02T11:00:00Z,359.705318798163,13.7006910586705,712.153477416006,0.5,5,0.570792448871724,0.189101596754426,377.556508350269,2.1670586712273,10
2019-08-02T12:00:00Z,374.865017721344,15.0762453883263,713.96172706762,0.780537147624954,5,0.570901911946228,0.189117590378809,377.938199202387,0.813474899860952,10
2019-08-02T13:00:00Z,376.53247926101,15.4144824804332,683.682912152063,0.770372713291483,5,0.554644187613429,0.189133585355883,378.319983523954,0.451392048445911,10
2019-08-02T14:00:00Z,389.091047901033,17.0855062727459,622.677831508236,0.98524294650968,5,0.520406253741359,0.189149581685762,378.685494126212,-1.21372076618378,10
2019-08-02T15:00:00Z,391.875700864135,17.5268255267664,533.688192271595,1.52938415985504,5,0.464905119882416,0.189165579368562,379.016750798268,-1.64884341787074,10
2019-08-02T16:00:00Z,389.648468651042,17.1222319196547,420.713391316988,2.13125091620128,5,0.384147672732789,0.189181578404395,379.292490338781,-1.24653164345945,10
2019-08-02T17:00:00Z,385.465753806995,16.7933664609808,288.830773262848,2.47535500053404,5,0.275639551694552,0.189197578793377,379.48745643311,-0.910333009464928,10
2019-08-02T18:00:00Z,385.894898257796,16.8635060103157,143.967443051019,2.49418565250196,5,0.141803922794957,0.189213580535622,379.573898406011,-0.972656796903983,10
2019-08-02T19:00:00Z,384.584800468906,16.4268149642436,0,1.9363659764207,5,0,0.189229583631245,379.52648874827,-0.532598456675275,10
2019-08-02T20:00:00Z,391.75598081201,17.4730324173928,0,1.59768856506928,5,0,0.18924558808036,379.337259164639,-1.58040745701527,10
2019-08-02T21:00:00Z,404.261083372962,19.3288762478565,0,1.73215341426356,5,0,0.189261593883081,379.148013576559,-3.45768143460952,10
2019-08-02T22:00:00Z,398.206077125309,18.8264209563717,0,1.79978929019442,5,0,0.189277601039523,378.958751982676,-2.94482805048731,10
2019-08-02T23:00:00Z,397.73030559049,18.4237776773227,0,1.72953319211527,5,0,0.189293609549801,378.769474381636,-2.53856152150357,10
2019-08-03T00:00:00Z,392.175724364735,17.8626403127072,0,1.45337260270037,5,0,0.189309619414029,378.580180772086,-1.96570753359108,10
2019-08-03T01:00:00Z,387.38668749583,17.4222592561761,0,1.15858537948619,5,0,0.189325630632321,378.390871152672,-1.54666798402585,10
2019-08-03T02:00:00Z,389.894197255919,18.0030758307622,0,0.894515815669856,5,0,0.189341643204792,378.20154552204,-2.11735480403074,10
2019-08-03T03:00:00Z,391.392864493565,18.436497561693,0,1.87702399510449,5,0,0.189357657131557,378.012203878835,-2.5360954017089,10
2019-08-03T04:00:00Z,392.314157023448,18.2284555644866,0,1.5606686845128,5,0,0.18937367241273,377.822846221704,-2.32390311406849,10
2019-08-03T05:00:00Z,396.270064471912,18.3561892524694,105.764106726116,0.867540326385557,5,0.104642221375457,0.189389689048425,377.633472549291,-2.45702920776262,10
2019-08-03T06:00:00Z,402.294087211112,19.1361190067972,230.495771216774,1.15432239965882,5,0.222708177614585,0.189405707038757,377.548725081618,-3.22177376695133,10
2019-08-03T07:00:00Z,397.52773982283,18.289366831562,344.805927406082,1.68582387242417,5,0.321360752294972,0.189421726383842,377.582027552194,-2.41475848018275,10
2019-08-03T08:00:00Z,390.05850993142,17.214566630355,443.526219122617,2.02882108047786,5,0.396800939288416,0.189437747083792,377.713966578105,-1.3122676540188,10
2019-08-03T09:00:00Z,384.411741260781,16.7259887774737,522.193161703713,2.05234885911493,5,0.449625158777783,0.189453769138724,377.92132977031,-0.825419223265043,10
2019-08-03T10:00:00Z,381.744005476523,16.4489833049535,577.249951522026,1.55953269710845,5,0.482496151643551,0.189469792548751,378.181501159949,-0.55650065549324,10
2019-08-03T11:00:00Z,377.995284195542,15.7546811961214,606.207281337308,2.16854674833441,5,0.498167978741881,0.189485817313988,378.474527519043,0.14346864924773,10
2019-08-03T12:00:00Z,378.065168849628,16.0294709088636,607.755890457,2.98453525650031,5,0.498377298595994,0.18950184343455,378.783209680471,-0.122065228591754,10
2019-08-03T13:00:00Z,377.226892060718,15.8690264857823,581.825760924975,2.83027685062293,5,0.483394609044523,0.189517870910552,379.092085135632,0.0493629293628708,10
2019-08-03T14:00:00Z,378.350249257819,16.2360643681505,529.589283274676,2.77539723301199,5,0.451963396373224,0.189533899742107,379.385961873766,-0.326040783298897,10
2019-08-03T15:00:00Z,373.676861815783,15.3260317214268,453.408248712042,2.88126122061592,5,0.401592254871464,0.189549929929331,379.648391370397,0.589242419620127,10
2019-08-03T16:00:00Z,372.688422696526,15.0796624161331,356.727064394345,2.8650828216031,5,0.329447646748668,0.189565961472339,379.860433695339,0.821048657417337,10
2019-08-03T17:00:00Z,367.882699043726,14.2263270827132,243.917019910248,3.17602494827825,5,0.234181170375668,0.189581994371244,380.000315380616,1.68047597777775,10
2019-08-03T18:00:00Z,369.448247067319,14.4000587826539,120.078646210322,2.59188351200376,5,0.118486717609997,0.189598028626162,380.044914556621,1.51204779549191,10
2019-08-03T19:00:00Z,379.718322397003,15.3541566459361,0,2.83285581751564,5,0,0.189614064237208,379.973803245604,0.561024154635549,10
2019-08-03T20:00:00Z,382.445475852287,15.3003531116635,0,2.75326148167915,5,0,0.189630101204495,379.784189181367,0.619938888125275,10
2019-08-03T21:00:00Z,372.695801537384,14.4993791596063,0,3.28924695449748,5,0,0.18964613952814,379.594559080163,1.41501525551057,10
2019-08-03T22:00:00Z,376.091686092269,15.0334990694561,0,2.69469487564446,5,0,0.189662179208255,379.404912940635,0.89166768113007,10
2019-08-03T23:00:00Z,365.001281173748,14.0069494280675,0,3.27301318315867,5,0,0.189678220244957,379.215250761426,1.9144438020923,10
2019-08-04T00:00:00Z,365.625495099186,13.6862913569653,0,2.89026195005115,5,0,0.18969426263836,379.025572541182,2.22015042027139,10
2019-08-04T01:00:00Z,355.469100044541,12.6637131760319,0,2.58737613007102,5,0,0.189710306388579,378.835878278543,3.26112753945136,10
2019-08-04T02:00:00Z,356.207435137997,13.0679057321892,0,1.87701358023595,5,0,0.189726351495728,378.646167972155,2.83751173941629,10
2019-08-04T03:00:00Z,358.447670571441,13.1708712424278,0,0.758989533150691,5,0,0.189742397959922,378.456441620659,2.74651947479868,10
2019-08-04T04:00:00Z,365.620719922399,14.2498172873662,0,0.5,5,0,0.189758445781277,378.2666992227,1.67808704611536,10
2019-08-04T05:00:00Z,377.735699307451,15.6490995916744,129.626324903256,0.5,5,0.127602283188406,0.189774494959906,378.076940776919,0.264112465998479,10
2019-08-04T06:00:00Z,375.153513478982,15.5328051017969,286.985556682055,0.5,5,0.270492269192249,0.189790545495925,378.014768565147,0.393553892209808,10
2019-08-04T07:00:00Z,365.839988158872,14.4237620184676,431.289561968341,0.5,5,0.381172194778222,0.189806597389448,378.095470288843,1.50405836068214,10
2019-08-04T08:00:00Z,367.642475576663,14.4734008088121,555.973824085492,0.5,5,0.458057600330002,0.18982265064059,378.286835886232,1.45537358492338,10
2019-08-04T09:00:00Z,366.053288995041,14.545825552653,655.366345805457,0.786731950395042,5,0.506889988071162,0.189838705249466,378.555070835921,1.37659133963385,10
2019-08-04T10:00:00Z,368.710126176907,15.0828895071173,724.945673513225,1.73176513917946,5,0.534762831167674,0.189854761216191,378.872122118743,0.855612187576733,10
2019-08-04T11:00:00Z,374.416190076801,15.7284230652302,761.546582125959,2.12169287177782,5,0.547068371331626,0.18987081854088,379.217030188694,0.212498278426161,10
2019-08-04T12:00:00Z,377.149179061191,16.0699897143707,763.504063978134,2.87334459349089,5,0.54669710720327,0.189886877223647,379.574227741485,-0.138898462195397,10
2019-08-04T13:00:00Z,380.625641226932,16.4492164731095,730.729071491082,3.06268429690577,5,0.5340300671856,0.189902937264608,379.931037971464,-0.508687547938609,10
2019-08-04T14:00:00Z,386.86012534771,16.6168726751111,664.71256802601,2.77857448942062,5,0.506936220122798,0.189918998663877,380.275165101385,-0.687743727454079,10
2019-08-04T15:00:00Z,381.194456479717,16.0722592978813,568.457702643606,3.08820821513067,5,0.460680635544113,0.189935061421569,380.592182322844,-0.133283699205935,10
2019-08-04T16:00:00Z,379.242421353862,15.8500107660996,446.343194200322,3.37289682887524,5,0.388344608478188,0.189951125537799,380.862927896967,0.0975898423752288,10
2019-08-04T17:00:00Z,371.436187512596,15.3576717562317,303.924139559502,3.16993736872415,5,0.283228006322909,0.189967191012682,381.061321379908,0.586035377089174,10
2019-08-04T18:00:00Z,366.248271391183,14.6925347362244,147.679307327765,3.36335723184405,5,0.144668740062348,0.189983257846333,381.154582195218,1.25137917724409,10
2019-08-04T19:00:00Z,369.349732966534,15.1490206611368,0,4.15423181961578,5,0,0.189999326038867,381.109267677434,0.80813511211994,10
2019-08-04T20:00:00Z,379.112675601647,16.3178893938883,0,3.99307053819358,5,0,0.190015395590398,380.919268351395,-0.380380450262491,10
2019-08-04T21:00:00Z,390.369668423488,17.6947294666324,0,4.69011659383961,5,0,0.190031466501042,380.729252955804,-1.74071362125668,10
2019-08-04T22:00:00Z,376.457533185287,16.1718354646494,0,4.06401438320375,5,0,0.190047538770914,380.539221489303,-0.222053648581131,10
2019-08-04T23:00:00Z,384.632037988222,16.778810191233,0,3.23183213973854,5,0,0.190063612400128,380.349173950532,-0.837424196126794,10
2019-08-05T00:00:00Z,375.376637795176,15.8936379336356,0,2.29939972756049,5,0,0.1900796873888,380.159110338132,0.0556577915530729,10
2019-08-05T01:00:00Z,360.960226446029,13.8952358974654,0,2.12571665748873,5,0,0.190095763737044,379.969030650743,2.0522528366371,10
2019-08-05T02:00:00Z,352.046128561374,13.0857090302111,0,1.66491470825119,5,0,0.190111841444976,379.778934887006,2.87342320047475,10
2019-08-05T03:00:00Z,353.731172037994,13.5212339837705,0,1.38713661554848,5,0,0.19012792051271,379.588823045561,2.43662297506893,10
2019-08-05T04:00:00Z,357.495362967122,13.9589543633225,0,1.49845828492881,5,0,0.190144000940361,379.398695125048,1.97772714654228,10
2019-08-05T05:00:00Z,355.81769476703,13.7867955844584,66.2387083362162,1.8222309967437,5,0.0657204959686005,0.190160082728046,379.208551124108,2.18593865375524,10
2019-08-05T06:00:00Z,359.154223580766,14.1880146908995,149.107942108567,1.41826697539387,5,0.145807446043453,0.190176165875877,379.084111537349,1.74815612975607,10
2019-08-05T07:00:00Z,364.170940192846,14.5501998086658,225.151820926548,2.02057592891245,5,0.215202232124643,0.190192250383972,379.039742817516,1.41542025300231,10
2019-08-05T08:00:00Z,354.242947639696,13.2591230206012,290.889467395569,1.93240317574125,5,0.270744413776207,0.190208336252444,379.064752799257,2.69338936293212,10
2019-08-05T09:00:00Z,338.546614341906,11.8344151219739,343.311767683923,1.86962947019589,5,0.311506931756454,0.190224423481408,379.145288876781,4.13752600561931,10
2019-08-05T10:00:00Z,342.848587095072,12.5556581758887,380.019112475482,1.47441259283609,5,0.337965021782485,0.190240512070981,379.266571385056,3.41081011741016,10
2019-08-05T11:00:00Z,345.560805626633,12.8000128434297,399.331238102919,1.31849061736372,5,0.351052471839914,0.190256602021276,379.414295894767,3.17759068916239,10
2019-08-05T12:00:00Z,353.11972596081,13.7695417842304,400.364139928611,1.64605435934421,5,0.351474920423574,0.190272693332409,379.575091764586,2.19367741458521,10
2019-08-05T13:00:00Z,359.626852144554,14.3461601071609,383.070537294707,2.14685146013181,5,0.339359308116294,0.190288786004495,379.736293991677,1.59579108611395,10
2019-08-05T14:00:00Z,364.322171233081,14.632826676499,348.242037775877,2.14879853431406,5,0.31420742234965,0.190304880037649,379.885364513789,1.33235320393043,10
2019-08-05T15:00:00Z,363.809792976702,14.6091932047549,297.472901666926,3.0390746091665,5,0.275150744626421,0.190320975431987,380.009267056101,1.36061616686435,10
2019-08-05T16:00:00Z,356.062232128481,13.8590943870671,233.087065371041,3.94268519384105,5,0.221553884238733,0.190337072187623,380.094096825295,2.12308131077277,10
2019-08-05T17:00:00Z,354.917155626894,14.0110068394315,158.031764163144,3.39975164367439,5,0.153951919407048,0.190353170304672,380.125313637346,1.94852552457413,10
2019-08-05T18:00:00Z,361.120245728306,14.6025837877121,75.7426237027859,3.32965052695482,5,0.0750347601384962,0.19036926978325,380.088912386449,1.36725145404898,10
2019-08-05T19:00:00Z,360.863330040189,14.3871399669152,0,3.78462191225075,5,0,0.190385370623472,379.973577876804,1.582063177529,10
2019-08-05T20:00:00Z,367.175492009977,14.9621944741901,0,4.22892671326701,5,0,0.190401472825452,379.783192506181,1.02785484749137,10
2019-08-05T21:00:00Z,372.499351579242,15.595359903262,0,4.22734908466687,5,0,0.190417576389307,379.592791033355,0.36466471333672,10
2019-08-05T22:00:00Z,385.140569563287,16.7967581073983,0,3.99569377981026,5,0,0.190433681315151,379.402373456966,-0.808667557617565,10
2019-08-05T23:00:00Z,380.853625303073,16.7198641961224,0,3.75766864170067,5,0,0.1904497876031,379.211939775651,-0.729544395768064,10
2019-08-06T00:00:00Z,375.775512560782,15.8198445376177,0,3.61927595055909,5,0,0.190465895253268,379.021489988048,0.159015873792287,10
2019-08-06T01:00:00Z,371.850951940207,15.4059387913863,0,3.32254713629019,5,0,0.190482004265771,378.831024092795,0.583863118314763,10
2019-08-06T02:00:00Z,368.069546722254,15.0460952114587,0,4.32593794112937,5,0,0.190498114640724,378.640542088529,0.941516179463191,10
2019-08-06T03:00:00Z,367.219704353452,15.0644933752637,0,3.56582475294488,5,0,0.190514226378243,378.450043973888,0.912112434884563,10
2019-08-06T04:00:00Z,373.219874043588,15.8119032169697,0,2.89045054886024,5,0,0.190530339478442,378.25952974751,0.166147067081911,10
2019-08-06T05:00:00Z,375.143654702373,16.2259052151978,71.713746935711,2.86418657242906,5,0.0710570891788586,0.190546453941437,378.068999408031,-0.25988041291973,10
2019-08-06T06:00:00Z,381.479416517843,16.7673975650501,164.293958025755,3.09467176292334,5,0.159448973241714,0.190562569767343,377.949510043269,-0.764082961833192,10
2019-08-06T07:00:00Z,379.033080741139,16.8270810320338,249.306037889846,2.97072882127147,5,0.23423060072843,0.190578686956276,377.918396446743,-0.825362700075981,10
2019-08-06T08:00:00Z,377.385975406057,16.5098469715619,322.833941264154,2.93594564883449,5,0.29220064075403,0.19059480550835,377.962048360515,-0.507143426188151,10
2019-08-06T09:00:00Z,371.649342939409,15.65214421467,381.4906365853,2.91452791868957,5,0.333340746829181,0.190610925423681,378.063654195761,0.33894500665145,10
2019-08-06T10:00:00Z,370.172836843653,15.0506551325946,422.574128157242,3.57965822577673,5,0.359266122155376,0.190627046702385,378.206384017166,0.936027237871449,10
2019-08-06T11:00:00Z,363.853543890205,14.0265407036556,444.191922432602,3.61317472930795,5,0.371802008635267,0.190643169344576,378.375023092619,1.95067354168293,10
2019-08-06T12:00:00Z,372.26278125776,15.3575994221608,445.348204922173,3.75637534199478,5,0.372127540233973,0.19065929335037,378.55618193191,0.631656490116944,10
2019-08-06T13:00:00Z,379.600736978595,16.4018216007987,425.989711965375,4.57137201335328,5,0.360407779313114,0.190675418719882,378.737650178794,-0.414647821677852,10
2019-08-06T14:00:00Z,378.676803216336,16.250272696633,387.008184298108,5.39386894793801,5,0.33575019332846,0.190691545453228,378.907382539387,-0.266428092297045,10
2019-08-06T15:00:00Z,369.66815379454,15.0943984733267,330.199289395422,5.54779600972722,5,0.296467073807437,0.190707673550522,379.052441187262,0.907434525941636,10
2019-08-06T16:00:00Z,360.738330954936,13.906927688803,258.179904813808,5.65690960548367,5,0.240800580359135,0.190723803011881,379.158200587519,2.08834603617274,10
2019-08-06T17:00:00Z,361.758756538641,13.7734337915645,174.267572840735,6.51426397440329,5,0.168274211801047,0.19073993383742,379.208277364866,2.23227843079218,10
2019-08-06T18:00:00Z,362.998565891727,13.998500616314,82.3276793216673,7.1866321463012,5,0.0814041185265408,0.190756066027253,379.18581164283,1.99624780597744,10
2019-08-06T19:00:00Z,358.068957794742,13.2328359183242,0,7.67298860264758,5,0,0.190772199581497,379.076459695329,2.79152095785096,10
2019-08-06T20:00:00Z,353.042192441982,12.8893104727022,0,7.24667210689117,5,0,0.190788334500267,378.885687495747,3.14154349103305,10
2019-08-06T21:00:00Z,357.795236689839,13.3718498971217,0,6.46021015414571,5,0,0.190804470783678,378.694899161247,2.6493981669092,10
2019-08-06T22:00:00Z,349.066067287583,12.7035629757145,0,6.5900439659694,5,0,0.190820608431845,378.504094690464,3.3029350982076,10
2019-08-06T23:00:00Z,348.541840595156,12.7651329579204,0,6.27762276784168,5,0,0.190836747444885,378.313274082032,3.25008890022623,10
2019-08-07T00:00:00Z,351.094366000612,13.0192568829189,0,6.38338988440366,5,0,0.190852887822912,378.122437334587,2.97669721943296,10
2019-08-07T01:00:00Z,349.951504475298,12.8256003531717,0,5.34418426624752,5,0,0.190869029566042,377.931584446765,3.1723084703506,10
2019-08-07T02:00:00Z,351.242714707101,12.8449274422355,0,5.65087235763113,5,0,0.19088517267439,377.740715417199,3.16310526431402,10
2019-08-07T03:00:00Z,361.137486768373,14.223815811057,0,5.01740423965399,5,0,0.190901317148073,377.549830244524,1.80684038754918,10
2019-08-07T04:00:00Z,368.454392535202,14.9307257984143,0,4.50887122074549,5,0,0.190917462987204,377.358928927376,1.08204055012876,10
2019-08-07T05:00:00Z,375.875134254773,15.8016755628415,117.644146286826,4.24026561393926,5,0.115386510157473,0.1909336101919,377.168011464389,0.223808822266561,10
2019-08-07T06:00:00Z,377.769876373699,15.8341254743355,274.574007298509,3.66347197254507,5,0.252629180215835,0.190949758762277,377.092464364355,0.182879268726067,10
2019-08-07T07:00:00Z,380.090191688066,16.12987785228,418.774385689736,3.55409918006306,5,0.350940604458371,0.19096590869845,377.154143785808,-0.114596761122801,10
2019-08-07T08:00:00Z,374.4169815313,15.5465444894707,543.560030264832,3.19308644025498,5,0.412883983452917,0.190982060000533,377.314118481568,0.475448029725428,10
2019-08-07T09:00:00Z,369.827251327133,14.9264040796058,643.145773266913,3.31460253483761,5,0.448702569398652,0.190998212668644,377.536020405021,1.09352264254364,10
2019-08-07T10:00:00Z,368.513573598205,15.0522006587962,712.914735635714,3.06072109396226,5,0.467656779302284,0.191014366702897,377.793724761751,0.984841658430751,10
2019-08-07T11:00:00Z,371.116009381378,15.3004328921041,749.632369415808,2.94514401598051,5,0.475602099935096,0.191030522103408,378.07036717435,0.710110716162368,10
2019-08-07T12:00:00Z,362.517616435477,14.3776276345752,751.596414128619,3.5870360930632,5,0.475307273661723,0.191046678870293,378.354938752182,1.64846443705959,10
2019-08-07T13:00:00Z,360.886730597125,14.0092093690861,718.715815004312,4.8474698988812,5,0.467039802584039,0.191062837003666,378.639199346973,2.01678590873465,10
2019-08-07T14:00:00Z,360.158643648406,13.4250895926781,652.514944357737,5.03523822447842,5,0.448619955786799,0.191078996503644,378.915176312553,2.60105883141257,10
2019-08-07T15:00:00Z,361.468956907522,13.401129671559,556.062930401886,5.04264796010436,5,0.414876345659869,0.191095157370342,379.172717271837,2.62121507529971,10
2019-08-07T16:00:00Z,363.40590402066,13.6401598209966,433.8313698747,5.72915014620935,5,0.357078365824082,0.191111319603877,379.396498460126,2.39701500456084,10
2019-08-07T17:00:00Z,355.708000991229,12.9457305288121,291.487021041865,5.8219265215441,5,0.264512403621738,0.191127483204362,379.562465506347,3.07075037305772,10
2019-08-07T18:00:00Z,354.078913989944,12.8549837773328,135.629088002909,6.24623171785532,5,0.132211942878102,0.191143648171915,379.635850426764,3.18505727064886,10
2019-08-07T19:00:00Z,334.599057204938,11.0001638737511,0,5.58612702973498,5,0,0.19115981450665,379.576918721471,5.01168803450013,10
2019-08-07T20:00:00Z,353.843985538836,12.8852008598404,0,5.76401883288174,5,0,0.191175982208683,379.385758906964,3.16533013863671,10
2019-08-07T21:00:00Z,358.414569876954,13.6211508772019,0,6.51415199471722,5,0,0.191192151278131,379.194582924755,2.4221197427879,10
2019-08-07T22:00:00Z,354.571667515891,13.1149649458846,0,6.33667482741397,5,0,0.191208321715108,379.003390773477,2.92305029224073,10
2019-08-07T23:00:00Z,364.214641358214,14.4096479786408,0,6.51337973183052,5,0,0.19122449351973,378.812182451762,1.60482228425959,10
2019-08-08T00:00:00Z,367.023009838196,14.3114805376862,0,6.11569866496734,5,0,0.191240666692113,378.620957958242,1.72765875498923,10
2019-08-08T01:00:00Z,361.743556687703,13.8284197501282,0,6.05153859237695,5,0,0.191256841232372,378.42971729155,2.20544667541424,10
2019-08-08T02:00:00Z,361.662436518259,13.988673326329,0,5.3854784858585,5,0,0.191273017140624,378.238460450317,2.06550391393454,10
2019-08-08T03:00:00Z,370.209205747715,14.9043446964246,0,4.72421501816267,5,0,0.191289194416984,378.047187433177,1.12307880741283,10
2019-08-08T04:00:00Z,373.358158512031,15.6151271398454,0,4.46783233292814,5,0,0.191305373061567,377.85589823876,0.413741568597217,10
2019-08-08T05:00:00Z,372.098679770405,15.4831761602866,102.916292022676,4.29762541633391,5,0.10116999730456,0.19132155307449,377.664592865698,0.560827246195506,10
2019-08-08T06:00:00Z,380.78772908638,16.6912244784704,244.972901784576,4.52869559587992,5,0.22741185176488,0.191337734455868,377.574441309928,-0.644276159973882,10
2019-08-08T07:00:00Z,372.059606102535,15.7673147415243,375.598240983239,4.70520074630226,5,0.320183452278791,0.191353917205817,377.610515427237,0.275161598906463,10
2019-08-08T08:00:00Z,365.518269783259,14.8808135852888,488.696886068073,4.25581039126828,5,0.380412992732242,0.191370101324453,377.73934496231,1.16734292090705,10
2019-08-08T09:00:00Z,368.732145003839,15.2412612559613,578.991268773847,4.11283387049063,5,0.416302889650558,0.191386286811891,377.928387853718,0.807358297429541,10
2019-08-08T10:00:00Z,375.435466662409,15.9434047478699,642.267945444014,4.11566777141728,5,0.43586468279442,0.191402473668247,378.153304456557,0.103838789717632,10
2019-08-08T11:00:00Z,374.219840424325,16.0684705058967,675.574210672832,4.56853850585905,5,0.444388096134672,0.191418661893637,378.397766665683,-0.0214727808740727,10
2019-08-08T12:00:00Z,377.789898192222,16.3459151218938,677.355880603608,4.20164241867387,5,0.444424455009731,0.191434851488176,378.650736099924,-0.292483007940407,10
2019-08-08T13:00:00Z,374.961213885085,16.1040718469125,647.529816444723,4.92603891001284,5,0.436182322562688,0.191451042451981,378.903725703445,-0.0381294194955868,10
2019-08-08T14:00:00Z,378.713726520254,16.3054576689828,587.48780400903,5.24645417168955,5,0.417560870182233,0.191467234785168,379.148456983556,-0.229325007667765,10
2019-08-08T15:00:00Z,374.039240210164,15.7429509311067,500.031608244053,5.59557135395043,5,0.383766047656428,0.191483428487851,379.374550618953,0.325987643781727,10
2019-08-08T16:00:00Z,363.079859640538,14.3429099128128,389.242233330002,6.17295144149803,5,0.327118940012177,0.191499623560148,379.566833238122,1.7175470054035,10
2019-08-08T17:00:00Z,349.910312335753,13.0615509125019,260.289489115022,6.33428722780119,5,0.238973831123214,0.191515820002173,379.702452554574,2.9876811707733,10
2019-08-08T18:00:00Z,346.220414872888,12.4144045490182,119.190750166889,6.14894877491897,5,0.116582984854618,0.191532017814043,379.749910565695,3.65718899253414,10
2019-08-08T19:00:00Z,346.094601665855,12.593486171566,0,5.87832796898748,5,0,0.191548216995874,379.674961532735,3.48488341063896,10
2019-08-08T20:00:00Z,353.533686515622,13.1172746411985,0,5.59270812551943,5,0,0.191564417547781,379.483413315739,2.945879091262,10
2019-08-08T21:00:00Z,354.45135339804,13.2346666077547,0,5.57178179325985,5,0,0.19158061946988,379.291848898192,2.82968170956146,10
2019-08-08T22:00:00Z,353.264909509766,13.1592072586347,0,4.72947832860132,5,0,0.191596822762287,379.100268278722,2.92072568939193,10
2019-08-08T23:00:00Z,354.85955474192,13.2985580533042,0,3.89936088506436,5,0,0.191613027425118,378.90867145596,2.7720478216776,10
2019-08-09T00:00:00Z,351.426523754098,12.8465480319354,0,3.93677271178261,5,0,0.19162923345849,378.717058428534,3.2461621908575,10
2019-08-09T01:00:00Z,337.640789753204,11.5747027937433,0,3.22466912873057,5,0,0.191645440862517,378.525429195076,4.49603165705777,10
2019-08-09T02:00:00Z,328.36075685075,10.8775772335499,0,2.65045254282464,5,0,0.191661649637316,378.333783754213,5.17876727815814,10
2019-08-09T03:00:00Z,340.961658131124,12.2425232275654,0,3.22045213349479,5,0,0.191677859783002,378.142122104576,3.84180633083406,10
2019-08-09T04:00:00Z,341.735724998113,12.4522458142357,0,2.67475782841763,5,0,0.191694071299692,377.950444244793,3.62637313332608,10
2019-08-09T05:00:00Z,351.401536770112,13.5945582909369,63.0893766092943,2.20833768711923,5,0.0624972025684797,0.191710284187502,377.758750173493,2.47903294200556,10
2019-08-09T06:00:00Z,366.36670188917,15.1568077499479,153.3378638081,2.21698259416302,5,0.148170004718796,0.191726498446548,377.629537091874,0.908134436034718,10
2019-08-09T07:00:00Z,357.303744469998,14.3658166340345,236.383721922079,2.44120895777137,5,0.219584200770951,0.191742714076945,377.585980598146,1.72169820763718,10
2019-08-09T08:00:00Z,353.107769429532,13.853929146606,308.326097644871,2.73521112969123,5,0.273794755970682,0.191758931078809,377.61382208484,2.23199720006288,10
2019-08-09T09:00:00Z,340.909503622124,12.7528378578809,365.785693554795,3.92363348203557,5,0.311480332516568,0.191775149452257,377.695857909732,3.33112739892781,10
2019-08-09T10:00:00Z,329.395107039274,11.4805461555756,406.063501419802,4.89373230368067,5,0.334890975062765,0.191791369197405,377.815563092796,4.61748657913615,10
2019-08-09T11:00:00Z,327.682826209922,11.286396505831,427.267580768067,5.56647658927125,5,0.34621471150635,0.191807590314368,377.958662698662,4.78671542540564,10
2019-08-09T12:00:00Z,340.559105143307,12.3895726812501,428.40192764572,5.2174800079113,5,0.346739541390947,0.191823812803263,378.113069819854,3.69749554372336,10
2019-08-09T13:00:00Z,349.658428074089,13.3000581082949,409.413259193523,5.35858881261673,5,0.336554466946957,0.191840036664205,378.267985548441,2.78370255914858,10
2019-08-09T14:00:00Z,359.172981702669,14.2911837616558,371.193516464255,4.76557022641511,5,0.314532448081902,0.191856261897311,378.412699978724,1.80147012508337,10
2019-08-09T15:00:00Z,361.567431102591,14.544934779633,315.537967917772,4.48788275716323,5,0.278577602085826,0.191872488502697,378.535376164909,1.5482430785676,10
2019-08-09T16:00:00Z,354.552879153954,13.5844455164316,245.060881568103,4.89413255669014,5,0.226371727263209,0.191888716480478,378.622081278492,2.50438331738213,10
2019-08-09T17:00:00Z,349.496085514138,13.1294691712256,163.072726854102,5.3315046540409,5,0.156911733076778,0.191904945830772,378.656564289275,2.94680241404699,10
2019-08-09T18:00:00Z,343.657001105063,12.5748111341366,73.4246743417889,5.03678101163394,5,0.0725961128838806,0.191921176553693,378.621571076521,3.51816087192314,10
2019-08-09T19:00:00Z,341.481056629037,12.5722341906212,0,4.94505123154066,5,0,0.191937408649358,378.502246012851,3.53631838805485,10
2019-08-09T20:00:00Z,348.214327538228,13.2840036664378,0,5.59025523550815,5,0,0.191953642117884,378.310308604202,2.79135078393724,10
2019-08-09T21:00:00Z,360.156212400485,14.5340542293826,0,5.45790664086811,5,0,0.191969876959385,378.118354962084,1.55681021435028,10
2019-08-09T22:00:00Z,373.032765541187,16.0091223994095,0,5.73445889667821,5,0,0.191986113173979,377.926385085125,0.0934054665190333,10
2019-08-09T23:00:00Z,368.73872248045,15.8640398787762,0,5.61172517977475,5,0,0.192002350761782,377.734398971951,0.22377699347927,10
2019-08-10T00:00:00Z,369.92450410337,16.0109767641725,0,5.07434945957333,5,0,0.192018589722909,377.542396621189,0.0787629747232294,10
2019-08-10T01:00:00Z,365.873606976918,15.1110248592498,0,4.30687317944096,5,0,0.192034830057477,377.350378031466,0.980104779313523,10
2019-08-10T02:00:00Z,360.569406202818,14.5588864016006,0,4.07551517367755,5,0,0.192051071765601,377.158343201409,1.53578725662986,10
2019-08-10T03:00:00Z,362.311916593985,14.8583167533838,0,3.37515231994967,5,0,0.192067314847399,376.966292129643,1.24902887473675,10
2019-08-10T04:00:00Z,374.515006215184,16.3238346173604,0,2.96041660716125,5,0,0.192083559302987,376.774224814795,-0.198848415171229,10
2019-08-10T05:00:00Z,381.573836341874,17.4816274983197,45.5679984320133,2.77790260424193,5,0.0452499282270612,0.192099805132479,376.582141255493,-1.36983815031547,10
2019-08-10T06:00:00Z,383.331676435105,17.9954956574789,113.232574772856,2.50903515454193,5,0.110880135154302,0.192116052335994,376.435291378587,-1.89607869096819,10
2019-08-10T07:00:00Z,380.621173998994,17.5249704025431,175.542668916915,1.95946252981278,5,0.168019593216252,0.192132300913646,376.354055461405,-1.42179058732126,10
2019-08-10T08:00:00Z,361.924733959241,15.336320360443,229.55179403879,1.47540062346519,5,0.213915739319791,0.192148550865552,376.329942753708,0.762823604249157,10
2019-08-10T09:00:00Z,362.952449691884,15.1793072843096,272.705995152392,1.70551346068727,5,0.247735397430465,0.192164802191829,376.351709942162,0.924744775513781,10
2019-08-10T10:00:00Z,370.70736473304,16.0725929091246,302.964619185557,2.16315180745946,5,0.269833309130966,0.192181054892593,376.407280537401,0.0329814224427082,10
2019-08-10T11:00:00Z,374.7598380928,16.220879809035,318.896812304839,2.55260858869927,5,0.280932890884975,0.192197308967959,376.484932791639,-0.092994761989478,10
2019-08-10T12:00:00Z,384.362779271359,17.1393266767233,319.749181375939,3.08586789184314,5,0.281545689264547,0.192213564418044,376.573668373556,-1.01791705483202,10
2019-08-10T13:00:00Z,395.124374824425,18.7983541166467,305.481420020364,2.96543153690765,5,0.271691375558123,0.192229821242965,376.663000498402,-2.69927932370985,10
2019-08-10T14:00:00Z,400.385551302364,19.3013304179492,276.768214602174,3.23254426306251,5,0.250886957423625,0.192246079442837,376.742462052717,-3.17556853200114,10
2019-08-10T15:00:00Z,396.890504663314,18.986331888404,234.967340015498,3.9285791605686,5,0.218402194129734,0.192262339017777,376.801102930698,-2.85477413531936,10
2019-08-10T16:00:00Z,395.657268005982,18.7726349084613,182.055453942397,4.85347775287983,5,0.173811564600526,0.192278599967902,376.82724278581,-2.65494835050699,10
2019-08-10T17:00:00Z,386.459429776935,17.5448347513314,120.534625708285,4.70356644198198,5,0.117795001814608,0.192294862293327,376.808775750443,-1.40999647651975,10
2019-08-10T18:00:00Z,379.854087283757,16.6323516685153,53.3140197490282,4.17893625114541,5,0.052891101404084,0.192311125994168,376.734275889964,-0.506439277970118,10
2019-08-10T19:00:00Z,384.326817597616,17.0371363032778,0,4.34239354494666,5,0,0.192327391070543,376.594855865374,-0.906963941465317,10
2019-08-10T20:00:00Z,394.688742214414,18.4578916849976,0,4.50767582056426,5,0,0.192343657522568,376.402528474304,-2.33610379217617,10
2019-08-10T21:00:00Z,395.438139776816,18.6242886313488,0,4.79276003049877,5,0,0.192359925350358,376.210184816781,-2.48363667473527,10
2019-08-10T22:00:00Z,395.322656755265,19.313616521009,0,5.20293246378209,5,0,0.192376194554031,376.017824891431,-3.18557917979699,10
2019-08-10T23:00:00Z,395.819943291335,19.5002918699254,0,4.86571672571022,5,0,0.192392465133702,375.825448696877,-3.37423900555623,10
2019-08-11T00:00:00Z,396.196840923202,18.7686720212688,0,3.92179438300324,5,0,0.192408737089489,375.633056231743,-2.63400445858105,10
2019-08-11T01:00:00Z,393.179290524947,18.6980193857633,0,2.85490133770154,5,0,0.192425010421506,375.440647494654,-2.56787649948456,10
2019-08-11T02:00:00Z,391.543886597095,18.4909002235665,0,1.77504282739932,5,0,0.192441285129872,375.248222484232,-2.36096087777882,10
2019-08-11T03:00:00Z,396.341349525064,18.9778232749307,0,1.42427414563611,5,0,0.192457561214701,375.055781199102,-2.83681235302327,10
2019-08-11T04:00:00Z,397.407297718891,18.9994270931426,0,1.29439338217715,5,0,0.192473838676111,374.863323637888,-2.86643691336525,10
2019-08-11T05:00:00Z,402.034269269602,19.7455531027609,51.4002277765701,0.773442034802939,5,0.0510095184734551,0.192490117514218,374.670849799212,-3.61352982237302,10
2019-08-11T06:00:00Z,403.158554168286,20.1356886319473,130.768804902207,1.17674619597792,5,0.127450269858284,0.192506397729139,374.529369200171,-4.00361032950404,10
2019-08-11T07:00:00Z,398.85325026812,20.1365335857292,203.911610154192,1.32842738068572,5,0.192964263672856,0.19252267932099,374.464313072301,-4.01168536478362,10
2019-08-11T08:00:00Z,395.350303584497,19.2913853691875,267.346387806181,1.23019792376439,5,0.244475400683688,0.192538962289886,374.464754656652,-3.13531401508185,10
2019-08-11T09:00:00Z,388.476192934728,17.7197059943713,318.053071606038,1.6288182233637,5,0.281615413256918,0.192555246635946,374.516691095046,-1.58498437628048,10
2019-08-11T10:00:00Z,386.935794537539,17.7809949140488,353.617567106365,2.01034647543929,5,0.305465625393297,0.192571532359285,374.605751261667,-1.64229859914175,10
2019-08-11T11:00:00Z,387.815946367193,17.569187152572,372.346684284113,2.12636292032572,5,0.317351424737855,0.19258781946002,374.718645354701,-1.42456972220652,10
2019-08-11T12:00:00Z,391.18124317616,18.1707724656473,373.34874862233,2.65961470047993,5,0.318097209440433,0.192604107938267,374.843408959979,-2.03226304529038,10
2019-08-11T13:00:00Z,397.371797506462,19.0200486711567,356.576052841154,3.57632820859013,5,0.307709313860215,0.192620397794143,374.968902061481,-2.89396357823545,10
2019-08-11T14:00:00Z,394.432798319502,18.3491539315118,322.827128193648,4.28094720037696,5,0.285372714069551,0.192636689027764,375.083990977547,-2.19716815762437,10
2019-08-11T15:00:00Z,395.156417163078,18.359514127994,273.708727192334,4.87439687541383,5,0.249755777147282,0.192652981639247,375.176727002589,-2.20553024640206,10
2019-08-11T16:00:00Z,381.697329490706,16.8348109870261,211.559327730787,4.94749035992709,5,0.199727063282317,0.192669275628708,375.233829798096,-0.687272209422743,10
2019-08-11T17:00:00Z,383.128880504482,16.7924300977169,139.337800492435,5.25784927008983,5,0.135517741190753,0.192685570996264,375.24088758575,-0.646625554788755,10
2019-08-11T18:00:00Z,378.270218617023,16.2124666470015,60.482540079789,4.96783703606793,5,0.0599558632703446,0.192701867742032,375.183719755945,-0.0680034771489326,10
2019-08-11T19:00:00Z,377.684981867196,15.8044311058106,0,5.19970864198385,5,0,0.192718165866128,375.050973751473,0.368863604694143,10
2019-08-11T20:00:00Z,374.814749511022,15.0498229737076,0,4.99937109334299,5,0,0.192734465368668,374.858255585606,1.10220815186343,10
2019-08-11T21:00:00Z,380.534564324414,16.1593533410621,0,4.53081147172928,5,0,0.192750766249769,374.665521120238,-0.00345738793420225,10
2019-08-11T22:00:00Z,384.389356954825,16.4238615455512,0,3.94890297249031,5,0,0.192767068509549,374.472770353988,-0.265289648406468,10
2019-08-11T23:00:00Z,378.243606048165,15.8073609957313,0,3.71159168823588,5,0,0.192783372148122,374.280003285478,0.349082798953281,10
2019-08-12T00:00:00Z,376.370809710726,15.8335996477546,0,3.28813616060183,5,0,0.192799677165607,374.08721991333,0.350301052651316,10
2019-08-12T01:00:00Z,370.495241083795,15.1070959315555,0,2.55589783277006,5,0,0.192815983562119,373.894420236164,1.05403774500716,10
2019-08-12T02:00:00Z,370.914131009442,15.2389125682015,0,2.22268976125083,5,0,0.192832291337776,373.701604252602,0.912696837731959,10
2019-08-12T03:00:00Z,376.508450204749,16.1059398044859,0,2.60124181931856,5,0,0.192848600492693,373.508771961264,0.0609478873458393,10
2019-08-12T04:00:00Z,388.240357649092,17.7848163369165,0,2.99405044282859,5,0,0.192864911026988,373.315923360772,-1.6088591228829,10
2019-08-12T05:00:00Z,387.731743780647,17.6967860439637,55.1024448420044,2.36483913023688,5,0.0546724497779502,0.192881222940777,373.123058449744,-1.54072498998023,10
2019-08-12T06:00:00Z,386.792619728902,17.9316648128151,143.748856846638,1.86086563726936,5,0.139766480823052,0.192897536234177,372.984849676582,-1.74745606140475,10
2019-08-12T07:00:00Z,375.80576732608,16.5415852274846,225.504397521834,1.77223923440571,5,0.212098386417611,0.192913850907305,372.931718621171,-0.37008339277742,10
2019-08-12T08:00:00Z,377.894302057573,16.6573796155633,296.449961536115,1.61243559647654,5,0.26832025442708,0.192930166960277,372.950903156681,-0.48919827956055,10
2019-08-12T09:00:00Z,374.757715016637,16.3700902257819,353.184640084074,2.46291404803657,5,0.308394524426329,0.19294648439321,373.026293244147,-0.190166671474676,10
2019-08-12T10:00:00Z,367.850071010185,15.5409693754353,392.988749834887,2.82854253692971,5,0.333913030672125,0.19296280320622,373.141741284181,0.617502655502345,10
2019-08-12T11:00:00Z,371.020329777921,15.8296417669498,413.954206058749,3.30037578588508,5,0.346608728594691,0.192979123399425,373.282691511647,0.358931247173277,10
2019-08-12T12:00:00Z,372.451337576666,15.9188210254369,415.075990250675,3.82825552492803,5,0.347505968735653,0.192995444972942,373.436321116842,0.250261013876464,10
2019-08-12T13:00:00Z,368.925930244677,15.5851913720264,396.300327579368,4.02307922212011,5,0.336587589648242,0.193011767926885,373.590831640605,0.58220861043889,10
2019-08-12T14:00:00Z,359.905800887258,14.6063445574068,358.527264684719,4.71743320538684,5,0.312799890150698,0.193028092261374,373.734407462326,1.56588107700664,10
2019-08-12T15:00:00Z,358.926665325963,14.617199768503,303.567524252358,4.45286643751891,5,0.274390157989377,0.193044417976524,373.854179260215,1.56186060554982,10
2019-08-12T16:00:00Z,365.051571515017,14.8624326296967,234.055704622242,4.75592624989501,5,0.219739505632143,0.193060745072452,373.935525000228,1.30810221546984,10
2019-08-12T17:00:00Z,366.483962967165,15.1993948812392,153.323985370987,5.56526610244559,5,0.14879305362495,0.193077073549275,373.962203760788,0.956865415808294,10
2019-08-12T18:00:00Z,368.483838922744,15.4877672112624,65.2423930279738,4.94674996379837,5,0.0646596311226426,0.19309340340711,373.917919740864,0.696189904047652,10
2019-08-12T19:00:00Z,372.858655465989,16.0663312276459,0,4.59013829797022,5,0,0.193109734646074,373.789485968579,0.12600580628845,10
2019-08-12T20:00:00Z,383.644218965484,17.3610827294363,0,4.11753463788314,5,0,0.193126067266282,373.596376233933,-1.17818211226518,10
2019-08-12T21:00:00Z,386.292025548884,17.5488842688043,0,4.34728708111403,5,0,0.193142401267853,373.403250166667,-1.35864602859504,10
2019-08-12T22:00:00Z,384.478122056828,16.9627055055254,0,4.14904963947367,5,0,0.193158736650903,373.210107765399,-0.767594228163472,10
2019-08-12T23:00:00Z,383.536862827042,17.0545919441401,0,3.77052308429404,5,0,0.193175073415549,373.016949028748,-0.875496010458316,10
2019-08-13T00:00:00Z,382.48104764555,17.1578651003247,0,3.75251596929396,5,0,0.193191411561908,372.823773955333,-0.950822565127565,10
2019-08-13T01:00:00Z,384.99594847564,17.2440108042106,0,2.5992179513608,5,0,0.193207751090096,372.630582543771,-1.06091892262719,10
2019-08-13T02:00:00Z,377.30519709843,16.382423038677,0,2.62593954547586,5,0,0.19322409200023,372.437374792681,-0.189418006829682,10
2019-08-13T03:00:00Z,376.702314422076,16.4416900474672,0,2.04757937982941,5,0,0.193240434292428,372.244150700681,-0.229756700349886,10
2019-08-13T04:00:00Z,389.11149112616,17.9345185196414,0,1.88121806336137,5,0,0.193256777966806,372.050910266388,-1.737181138574,10
2019-08-13T05:00:00Z,392.638848494834,18.3150080272523,71.4993562819399,2.03566014404864,5,0.0708166644911245,0.193273123023481,371.857653488421,-2.11904592494402,10
2019-08-13T06:00:00Z,389.758528849164,18.2913539220249,191.585349395963,1.54940887602121,5,0.183806573132143,0.19328946946257,371.735197029889,-2.10520750196929,10
2019-08-13T07:00:00Z,391.638249617959,18.3092569889222,302.423301929684,2.17257904680436,5,0.275556088143666,0.19330581728419,371.725714133559,-2.12208076703144,10
2019-08-13T08:00:00Z,392.621761028623,18.18742606592,398.662941087707,2.06904204038758,5,0.342715866616961,0.193322166488458,371.807964404418,-1.99289947498133,10
2019-08-13T09:00:00Z,389.350821642302,17.5809061775489,475.658671102019,2.48618704791236,5,0.387834716726846,0.193338517075491,371.957358104546,-1.3839919047081,10
2019-08-13T10:00:00Z,382.476286286302,17.5234570792463,529.693821371619,1.95228646893397,5,0.415280417403544,0.193354869045405,372.151854304198,-1.30433221990797,10
2019-08-13T11:00:00Z,388.563178672358,17.9474525416096,558.160054338175,1.84892150811462,5,0.428666026332762,0.193371222398318,372.373779852556,-1.74933385012403,10
2019-08-13T12:00:00Z,397.20350422969,19.752455567775,559.683272877489,2.15619941999797,5,0.429881072808579,0.193387577134347,372.60907465649,-3.55891109022551,10
2019-08-13T13:00:00Z,402.305927843348,20.279360501724,534.189949515208,2.94459454346964,5,0.418882116615215,0.193403933253609,372.845568152165,-4.06601758847508,10
2019-08-13T14:00:00Z,400.264371257145,19.8197431759775,482.910675680816,3.37514941219809,5,0.393708397154006,0.19342029075622,373.071046335526,-3.61064082904864,10
2019-08-13T15:00:00Z,391.506215363837,18.7944779420742,408.320759673428,3.14782298512091,5,0.350723991690793,0.193436649642298,373.271334441924,-2.58459441613604,10
2019-08-13T16:00:00Z,377.022469947388,16.9326610410716,314.020740742484,3.74621534199329,5,0.28559750051256,0.193453009911959,373.428621783972,-0.707708906010792,10
2019-08-13T17:00:00Z,373.033304298569,16.2101663628619,204.562587003218,4.13432988465855,5,0.195774798143531,0.193469371565321,373.520766274573,0.0113160033987095,10
2019-08-13T18:00:00Z,376.263742330146,16.6517044381126,85.2299668092794,4.77471485326629,5,0.0842751343669438,0.193485734602501,373.523071701151,-0.427459821907369,10
2019-08-13T19:00:00Z,375.338759003455,16.6473777262014,0,4.8146192999573,5,0,0.193502099023616,373.413861100916,-0.436072763770699,10
2019-08-13T20:00:00Z,376.205450618236,16.7036465878983,0,5.73972690422164,5,0,0.193518464828782,373.220359001892,-0.49031590920837,10
2019-08-13T21:00:00Z,372.283541356473,16.3175665623421,0,5.12196954632297,5,0,0.193534832018117,373.026840537063,-0.102157717383536,10
2019-08-13T22:00:00Z,370.488000549391,16.1981697107464,0,5.16002505753601,5,0,0.193551200591738,372.833305705045,0.0110653064704457,10
2019-08-13T23:00:00Z,356.832859547783,15.1362425348612,0,5.53316718244944,5,0,0.193567570549763,372.639754504453,1.07061249669023,10
2019-08-14T00:00:00Z,352.240757529469,14.2722014164572,0,4.93719183285986,5,0,0.193583941892307,372.446186933903,1.95173210215257,10
2019-08-14T01:00:00Z,354.750836412507,14.3633735658376,0,4.77931023160843,5,0,0.193600314619488,372.252602992011,1.85606859773092,10
2019-08-14T02:00:00Z,356.151019150334,14.5290959553349,0,4.4744718682397,5,0,0.193616688731424,372.059002677391,1.69342592867801,10
2019-08-14T03:00:00Z,346.30123641785,13.6153682457624,0,3.8617480258474,5,0,0.193633064228231,371.86538598866,2.6202094271148,10
2019-08-14T04:00:00Z,351.031229269144,13.8715994682056,0,4.16737373255449,5,0,0.193649441110027,371.671752924432,2.34651228140717,10
2019-08-14T05:00:00Z,359.40781967383,15.0225374879282,49.6320570528802,3.6858564224433,5,0.0493111774820008,0.193665819376928,371.478103483322,1.22334859884867,10
2019-08-14T06:00:00Z,366.16937062791,15.718622995669,136.853680666724,3.06808835252534,5,0.134029233926507,0.193682199029052,371.333748841427,0.504457900101749,10
2019-08-14T07:00:00Z,365.59619890577,15.9893307478074,217.422605267339,2.09225037002151,5,0.207825404110361,0.193698580066517,371.274095876324,0.24722933169324,10
2019-08-14T08:00:00Z,362.671843719621,15.1839443803115,287.422233196728,2.45109369804859,5,0.266978754014749,0.193714962489438,371.288222700368,1.03471194486749,10
2019-08-14T09:00:00Z,358.832340218889,14.7013830515345,343.449758966697,1.98175829330406,5,0.310475155107032,0.193731346297934,371.361486491894,1.53259736236019,10
2019-08-14T10:00:00Z,360.591903333009,15.0483795103687,382.781585640812,2.40241688255526,5,0.338909324953848,0.193747731492121,371.478230300702,1.17648342404738,10
2019-08-14T11:00:00Z,358.885288262228,14.7166024958155,403.50572368961,2.83234073474806,5,0.353307853411982,0.193764118072117,371.623391894164,1.5097714243446,10
2019-08-14T12:00:00Z,367.670660353886,15.5798400860877,404.614736176972,2.10056904374136,5,0.354335206272799,0.193780506038039,371.782935629504,0.64259415250302,10
2019-08-14T13:00:00Z,373.699339263093,16.0376086688411,386.054712048082,2.54428083027991,5,0.341936512264,0.193796895390004,371.943490329739,0.198470632202905,10
2019-08-14T14:00:00Z,380.765379668786,16.785539351095,348.727886840971,2.98056852090087,5,0.315352046371962,0.193813286128129,372.091629946613,-0.540433745586285,10
2019-08-14T15:00:00Z,383.558823816125,16.5848003938558,294.448783424241,3.69766698233902,5,0.273498089692864,0.193829678252532,372.213168706857,-0.347768653008274,10
2019-08-14T16:00:00Z,372.236676782541,15.4735416059173,225.856004837141,3.64854898036109,5,0.215761054229907,0.19384607176333,372.292837118297,0.763805760140116,10
2019-08-14T17:00:00Z,362.104935876542,14.5931478280495,146.28396713774,4.47540715953212,5,0.143124714943651,0.19386246666064,372.314752100764,1.64386221198182,10
2019-08-14T18:00:00Z,358.13934327149,13.958061872776,59.6008075519029,5.10634704236773,5,0.059173623703058,0.193878862944579,372.264014349047,2.29133084840684,10
2019-08-14T19:00:00Z,371.05086719775,15.4904634979798,0,6.18132534100101,5,0,0.193895260615265,372.129309109806,0.763791006310761,10
2019-08-14T20:00:00Z,377.205390731194,16.0488674211874,0,6.73863840141085,5,0,0.193911659672815,371.935413849191,0.174192328847298,10
2019-08-14T21:00:00Z,381.98451519775,16.8224750732018,0,6.19512793338627,5,0,0.193928060117346,371.741502189518,-0.581254728834817,10
2019-08-14T22:00:00Z,382.733736044278,17.418545972474,0,5.9618420237699,5,0,0.193944461948976,371.5475741294,-1.16224278129862,10
2019-08-14T23:00:00Z,383.793811419675,17.3549328624173,0,5.38560015928065,5,0,0.193960865167821,371.353629667451,-1.09069933412286,10
2019-08-15T00:00:00Z,369.318080941054,15.5505944268024,0,4.3686081197049,5,0,0.193977269774,371.159668802283,0.70518563503684,10
2019-08-15T01:00:00Z,358.751212376754,14.5722542870691,0,3.17317189551535,5,0,0.193993675767629,370.965691532509,1.67768737457805,10
2019-08-15T02:00:00Z,355.057198898609,14.3504146141222,0,2.77697700383488,5,0,0.194010083148826,370.771697856742,1.90816395614689,10
2019-08-15T03:00:00Z,351.097274974698,14.0037386459033,0,1.89839493848103,5,0,0.194026491917709,370.577687773593,2.25218655797067,10
2019-08-15T04:00:00Z,358.829833692444,14.9549153425682,0,1.71984017356083,5,0,0.194042902074394,370.383661281675,1.3053465696635,10
2019-08-15T05:00:00Z,363.996788397785,15.4876764400347,81.2598997448392,1.79760650598911,5,0.0805086998282286,0.194059313618999,370.189618379601,0.773193355344831,10
2019-08-15T06:00:00Z,357.398696322493,14.9424613055487,231.046197397442,2.1224407794077,5,0.221191202821583,0.194075726551641,370.07606776581,1.33007860651635,10
2019-08-15T07:00:00Z,358.814609852016,15.0350818836854,369.520746581863,1.88678884978046,5,0.334310746911764,0.194092140872438,370.10318324208,1.22719821234026,10
2019-08-15T08:00:00Z,360.471759117751,15.0874677287004,489.903997202652,2.33548299494994,5,0.415861275628974,0.194108556581507,370.243401848119,1.16854324725221,10
2019-08-15T09:00:00Z,355.376571763237,15.015562968987,586.302127737779,2.87865317783083,5,0.469825138494986,0.194124973678966,370.465154567167,1.25592262700845,10
2019-08-15T10:00:00Z,359.743649445991,15.5413850897428,653.995599767224,3.17691573011844,5,0.502312734488414,0.194141392164932,370.740854731983,0.713106201151471,10
2019-08-15T11:00:00Z,362.629543240187,15.7467438780315,689.670220990227,3.16293840792684,5,0.518158510196248,0.194157812039522,371.049026074306,0.514028320429526,10
2019-08-15T12:00:00Z,368.440032209764,16.20710209585,691.579404159224,3.85867355816396,5,0.519812380787467,0.194174233302854,371.373026772463,0.0338869573256583,10
2019-08-15T13:00:00Z,370.099195427324,16.394966641293,659.629677925061,3.38528140406186,5,0.507178703339275,0.194190655955045,371.698664919948,-0.126776659003964,10
2019-08-15T14:00:00Z,365.26257126199,15.7026011030566,595.385263083664,4.32005630524867,5,0.477641585426935,0.194207079996213,372.011652967332,0.571204384403298,10
2019-08-15T15:00:00Z,357.346591170435,14.8349395764751,501.991490176529,5.18133857385046,5,0.426290943248065,0.194223505426476,372.295087472762,1.4165869461015,10
2019-08-15T16:00:00Z,361.264113568516,15.3263946392658,384.02080782874,5.40822134779683,5,0.347093701567616,0.19423993224595,372.527154910584,0.968995824855549,10
2019-08-15T17:00:00Z,348.136563695503,13.7376008019556,247.248921074049,5.73495670593553,5,0.236196067800359,0.194256360454753,372.680008679906,2.52432892151706,10
2019-08-15T18:00:00Z,345.973308237287,13.6281567216539,98.3720196698066,5.13075729524128,5,0.0973011865148767,0.194272790053004,372.721948387251,2.63142300026476,10
2019-08-15T19:00:00Z,351.953776425552,14.2102605663055,0,4.91694243914817,5,0,0.194289221040818,372.624976783713,2.06019817900252,10
2019-08-15T20:00:00Z,346.45251629883,13.687767298294,0,4.71142192980009,5,0,0.194305653418314,372.430687562672,2.59022572364943,10
2019-08-15T21:00:00Z,346.883590914984,14.0327569221592,0,5.39815629488079,5,0,0.19432208718561,372.236381909254,2.23909120197269,10
2019-08-15T22:00:00Z,342.660211255164,13.3337092816907,0,4.53032164394766,5,0,0.194338522342823,372.042059822068,2.94876005993386,10
2019-08-15T23:00:00Z,341.332840658077,13.3275254313803,0,3.83140097427545,5,0,0.19435495889007,371.847721299725,2.94231886007373,10
2019-08-16T00:00:00Z,341.378199677955,13.4743230358177,0,3.61140400994483,5,0,0.194371396827469,371.653366340835,2.81299336250862,10
2019-08-16T01:00:00Z,349.567290837463,14.2946682343056,0,3.34035785606405,5,0,0.194387836155137,371.458994944008,1.98785173031449,10
2019-08-16T02:00:00Z,343.222884413671,13.5051546456048,0,2.85197968717546,5,0,0.194404276873193,371.264607107853,2.79623577775588,10
2019-08-16T03:00:00Z,350.824132256516,14.3090264459588,0,2.49067540198278,5,0,0.194420718981753,371.07020283098,1.97852123097924,10
2019-08-16T04:00:00Z,352.245319342132,14.319148839917,0,2.47653796433495,5,0,0.194437162480936,370.875782111998,1.96540299894316,10
2019-08-16T05:00:00Z,356.091812610837,14.8328858978741,33.7188007326759,2.04611918714949,5,0.0335508549587811,0.194453607370859,370.681344949517,1.4547245418943,10
2019-08-16T06:00:00Z,356.752193231616,14.9055750688766,99.0873765132772,2.29499186448288,5,0.0980561285985116,0.194470053651639,370.520442197105,1.38742769648096,10
2019-08-16T07:00:00Z,348.293147323025,14.1720487836874,159.569725403502,2.49137379426465,5,0.15639386069669,0.194486501323395,370.424028272052,2.10862041233729,10
2019-08-16T08:00:00Z,349.194265397033,14.298403762961,212.183323393332,3.1855431784054,5,0.205536257643057,0.194502950386243,370.385935631425,1.98152627671376,10
2019-08-16T09:00:00Z,348.190456456533,14.4089376529182,254.333672713791,3.1004786217574,5,0.243568071577504,0.194519400840302,370.396968938682,1.89089436975458,10
2019-08-16T10:00:00Z,349.521737185347,14.5795483926374,283.942242501154,2.78780917247698,5,0.269504976488223,0.194535852685689,370.446017609419,1.71379577080319,10
2019-08-16T11:00:00Z,346.2082423439,14.3101292335748,299.548965943972,3.11755000419184,5,0.282948609560529,0.194552305922522,370.520986733222,1.96880284881124,10
2019-08-16T12:00:00Z,354.995285784057,15.2416345204065,300.384239542382,3.8018589147905,5,0.283766180171476,0.194568760550919,370.60938303686,1.04371421343147,10
2019-08-16T13:00:00Z,367.032648573351,15.95077635059,286.406874030291,4.70967059350574,5,0.271911808450357,0.194585216570997,370.698580456481,0.346509650864195,10
2019-08-16T14:00:00Z,362.855953936229,15.800613697188,258.306125513021,5.84956786331275,5,0.24743566896755,0.194601673982874,370.77590704836,0.508659539466161,10
2019-08-16T15:00:00Z,358.021743721238,15.2914126914674,217.4677066603,5.29247274230304,5,0.21067593452625,0.194618132786667,370.828741043345,1.00926297308154,10
2019-08-16T16:00:00Z,350.236432698569,14.5263312313036,165.905454021046,5.39698508073459,5,0.162578133312462,0.194634592982495,370.844798845084,1.77359637780859,10
2019-08-16T17:00:00Z,346.367098872015,14.1922014302512,106.16202110209,6.17429844690664,5,0.105020613439615,0.194651054570475,370.812742385414,2.1044254646162,10
2019-08-16T18:00:00Z,343.89493596153,13.6525458621098,41.1834942640184,5.8794818542657,5,0.040967902963807,0.194667517550725,370.723111944283,2.64271026253368,10
2019-08-16T19:00:00Z,346.487312453609,13.7574916672423,0,5.77266872756232,5,0,0.194683981923362,370.569412329696,2.53986816355893,10
2019-08-16T20:00:00Z,357.414146052743,14.657234589128,0,5.20780927623378,5,0,0.194700447688505,370.374728347773,1.6522068361112,10
2019-08-16T21:00:00Z,351.268057287519,14.0606991111863,0,4.73665990754876,5,0,0.194716914846271,370.180027900084,2.23971034643188,10
2019-08-16T22:00:00Z,364.883284426978,15.460279773635,0,4.2267789871459,5,0,0.194733383396778,369.985310985238,0.84908287984258,10
2019-08-16T23:00:00Z,360.033019000252,14.7914162461806,0,3.59966999567677,5,0,0.194749853340144,369.790577601842,1.51433032668209,10
2019-08-17T00:00:00Z,355.465877816703,14.2062128406346,0,3.51400385227576,5,0,0.194766324676486,369.595827748502,2.10538416350296,10
2019-08-17T01:00:00Z,349.372614528796,13.8317887383752,0,2.2423628687857,5,0,0.194782797405923,369.401061423825,2.48966121247941,10
2019-08-17T02:00:00Z,351.887313288844,14.1013494514551,0,1.886740744617,5,0,0.194799271528572,369.206278626419,2.219134067332,10
2019-08-17T03:00:00Z,357.228987976495,14.5390593737049,0,2.16186674458119,5,0,0.19481574704455,369.01147935489,1.7742497235793,10
2019-08-17T04:00:00Z,353.848695473028,14.0604475940002,0,1.25453901972443,5,0,0.194832223953977,368.816663607846,2.24463047168372,10
2019-08-17T05:00:00Z,359.369747364153,14.8467757597005,53.7274397117835,1.20671981608553,5,0.0534165270245797,0.194848702256969,368.621831383891,1.47523276552719,10
2019-08-17T06:00:00Z,364.17063907688,15.5136266212226,163.598646278072,0.536845905617927,5,0.160635437455102,0.194865181953645,368.480399208659,0.805231191155379,10
2019-08-17T07:00:00Z,366.931313416519,16.0421030128483,265.343539312426,0.5,5,0.254866782567831,0.194881663044123,368.446169464161,0.266526167545962,10
2019-08-17T08:00:00Z,362.937110868349,16.0313862243508,353.908220632434,0.5,5,0.331081651046584,0.194898145528519,368.506154583685,0.298654007287596,10
2019-08-17T09:00:00Z,361.507432956616,15.7131858064184,424.893482881336,1.01305006759804,5,0.387574406384893,0.194914629406953,368.642338089202,0.616825152451539,10
2019-08-17T10:00:00Z,368.456656054002,16.4033536791173,474.773328073792,1.32812476297717,5,0.424734051300126,0.194931114679542,368.83499786618,-0.0877833602748632,10
2019-08-17T11:00:00Z,365.228558176037,16.0219649123701,501.070111863837,1.31848214464006,5,0.443620222419916,0.194947601346404,369.064800802801,0.328603182463774,10
2019-08-17T12:00:00Z,367.905139097003,16.5146631947151,502.477613724462,2.00493672844367,5,0.444956324911557,0.194964089407657,369.313473423874,-0.221053126004824,10
2019-08-17T13:00:00Z,368.599893091532,16.2850153665485,478.925919865569,1.71773171549819,5,0.428662471226508,0.194980578863419,369.563465659378,0.047694199506501,10
2019-08-17T14:00:00Z,368.745187406631,16.0047378867402,431.584896009519,2.46521070402403,5,0.393877265106901,0.194997069713808,369.797147551741,0.317956011921274,10
2019-08-17T15:00:00Z,358.201694639109,15.0334020387931,362.806077523685,2.45845294743919,5,0.339460336556056,0.195013561958941,369.996027747134,1.29727603514375,10
2019-08-17T16:00:00Z,362.169465147996,15.3379703518502,276.005863358103,2.35447756390671,5,0.265000753046642,0.195030055598938,370.140474521731,0.981537086539806,10
2019-08-17T17:00:00Z,351.883075345347,14.4147343265356,175.495815808645,2.74407482697274,5,0.172174186896525,0.195046550633915,370.210445219179,1.91405715477174,10
2019-08-17T18:00:00Z,350.061799044112,14.3612893709727,66.2684954989998,2.13769187513003,5,0.0658465858281282,0.195063047063991,370.187572855442,1.9650733361172,10
2019-08-17T19:00:00Z,353.56917744586,14.590151382082,0,2.04031070540877,5,0,0.195079544889283,370.058356394206,1.74857553830701,10
2019-08-17T20:00:00Z,361.076042776965,15.4863631296878,0,1.79747623999371,5,0,0.19509604410991,369.863276849317,0.853205287889798,10
2019-08-17T21:00:00Z,363.102746286019,15.9016145554886,0,1.3347555805374,5,0,0.19511254472599,369.668180805207,0.441939184909889,10
2019-08-17T22:00:00Z,364.204599662021,16.0642944276184,0,1.34832873792468,5,0,0.195129046737641,369.473068260481,0.277200760513434,10
2019-08-17T23:00:00Z,370.824014836153,17.0450775807961,0,1.23767964243367,5,0,0.19514555014498,369.277939213744,-0.70718895866729,10
2019-08-18T00:00:00Z,359.707544103009,15.8411628295879,0,1.23777941565413,5,0,0.195162054948126,369.082793663599,0.49787335991839,10
2019-08-18T01:00:00Z,353.658760749479,15.1407540488867,0,1.68779011027313,5,0,0.195178561147197,368.88763160865,1.21913328933666,10
2019-08-18T02:00:00Z,358.219748787333,15.4909841602964,0,1.29163031562094,5,0,0.195195068742311,368.692453047503,0.860028674614415,10
2019-08-18T03:00:00Z,366.314789528137,16.4507460630457,0,1.81794704530009,5,0,0.195211577733586,368.497257978761,-0.107588917664093,10
2019-08-18T04:00:00Z,374.829400812293,17.5708719187508,0,0.728958259631301,5,0,0.19522808812114,368.302046401028,-1.21086522344908,10
2019-08-18T05:00:00Z,386.72246486567,19.1983307403589,58.7617355885873,0.5,5,0.058421611487897,0.195244599905092,368.106818312907,-2.84757051094356,10
2019-08-18T06:00:00Z,387.175305394448,19.379230768429,185.938343090537,0.5,5,0.182365387419916,0.195261113085558,367.969995324489,-3.03272639875407,10
2019-08-18T07:00:00Z,377.723926705513,18.212452311699,303.810838923115,0.5,5,0.290821008137022,0.195277627662658,367.957099598823,-1.8739125868453,10
2019-08-18T08:00:00Z,370.229069930641,17.4990913719542,406.481037452607,0.5,5,0.377906821494907,0.19529414363651,368.052642979298,-1.14562530190137,10
2019-08-18T09:00:00Z,363.623707189028,16.5540549493914,488.811456133145,0.5,5,0.441935826016195,0.195310661007231,368.235255657156,-0.19763195012964,10
2019-08-18T10:00:00Z,367.132489446505,17.1655006588495,546.68238841869,0.5,5,0.483757623700281,0.19532717977494,368.481880822165,-0.819400467951127,10
2019-08-18T11:00:00Z,376.614376611228,18.2789314711784,577.198048494194,0.90008863108267,5,0.504924080406699,0.195343699939755,368.77031126609,-1.93516350828817,10
2019-08-18T12:00:00Z,385.26027738366,19.3146117606223,578.83147261303,1.35621876636615,5,0.506446320947408,0.195360221501794,369.079891646558,-2.97290492112013,10
2019-08-18T13:00:00Z,387.185093499025,19.3372626944759,551.500926367155,2.14549986247234,5,0.488237741529437,0.195376744461175,369.390977746003,-2.98974851741125,10
2019-08-18T14:00:00Z,390.6131623353,19.9185012024154,496.57399457006,3.04269963178049,5,0.449137865361026,0.195393268818017,369.683838743072,-3.55029073366832,10
2019-08-18T15:00:00Z,384.808349736957,18.980318139677,416.799149100122,2.64999640607242,5,0.387508452722911,0.195409794572437,369.937583339615,-2.61688684485525,10
2019-08-18T16:00:00Z,379.454317153907,18.0949554928993,316.16821896002,3.29716976742068,5,0.302476682534224,0.195426321724554,370.129681997765,-1.74422871083016,10
2019-08-18T17:00:00Z,370.220317106756,16.8540339233752,199.716644370711,3.40955090681189,5,0.195686389330154,0.195442850274487,370.236732358575,-0.508602080091867,10
2019-08-18T18:00:00Z,371.042007808603,16.892945118036,73.2715099240233,3.44452268730425,5,0.0728009334415894,0.195459380222352,370.236975897631,-0.558285039130617,10
2019-08-18T19:00:00Z,376.868764458147,17.4755070992367,0,3.13459020682536,5,0,0.195475911568269,370.11431745085,-1.12112305144944,10
2019-08-18T20:00:00Z,379.36334289298,17.9701750561503,0,3.0445778429585,5,0,0.195492444312356,369.918841539282,-1.60039630583199,10
2019-08-18T21:00:00Z,382.338718655785,18.5442268769679,0,2.44000705375974,5,0,0.195508978454731,369.72334909497,-2.18992979140308,10
2019-08-18T22:00:00Z,390.771421237351,19.7140295944812,0,1.97889013372915,5,0,0.195525513995513,369.527840116515,-3.34347657787166,10
2019-08-18T23:00:00Z,388.344562841094,18.9109082455822,0,1.79975758992893,5,0,0.195542050934819,369.332314602519,-2.52483162926945,10
2019-08-19T00:00:00Z,386.918227493283,19.1987178896495,0,1.44349467547195,5,0,0.195558589272767,369.136772551585,-2.85034952033443,10
2019-08-19T01:00:00Z,382.639743241839,18.6133655482675,0,1.47090320270994,5,0,0.195575129009477,368.941213962312,-2.24331374326743,10
2019-08-19T02:00:00Z,379.493044919888,18.1671848017113,0,0.5,5,0,0.195591670145066,368.745638833302,-1.80444007590953,10
2019-08-19T03:00:00Z,384.877662141934,18.8097604915408,0,0.5,5,0,0.195608212679653,368.550047163157,-2.426432646909,10
2019-08-19T04:00:00Z,395.083881213897,20.2247318692507,0,0.5,5,0,0.195624756613357,368.354438950477,-3.84968239390565,10
2019-08-19T05:00:00Z,397.385246716316,20.9985973035194,28.5097261403592,0.5,5,0.0283796490861034,0.195641301946294,368.158814193864,-4.61880525755897,10
2019-08-19T06:00:00Z,398.094963606638,21.1763176065891,94.0541796111295,0.5,5,0.0933457842929515,0.195657848678584,367.991552541004,-4.79705554654863,10
2019-08-19T07:00:00Z,396.078965802537,21.2618266831918,154.857206640805,0.5,5,0.152842163632453,0.195674396810346,367.889240476618,-4.88076986268644,10
2019-08-19T08:00:00Z,396.764603901951,21.1568492242838,207.853626274653,0.5,5,0.203739872067018,0.195690946341697,367.84640824344,-4.77355525122413,10
2019-08-19T09:00:00Z,396.290083076772,20.8695614631001,250.371801522438,0.5,5,0.2437471864931,0.195707497272755,367.854457169166,-4.49803539395798,10
2019-08-19T10:00:00Z,395.690265451983,20.5456342616835,280.268320988937,0.5,5,0.271381453199691,0.19572404960364,367.902496858386,-4.15031732536297,10
2019-08-19T11:00:00Z,396.08994847061,20.6582785792296,296.036051780308,0.5,5,0.285802834360945,0.19574060333447,367.978154261982,-4.25923714837035,10
2019-08-19T12:00:00Z,390.48277037377,19.9908882033607,296.880116560962,0.5,5,0.286627311350895,0.195757158465362,368.068216493008,-3.60739699866415,10
2019-08-19T13:00:00Z,395.073100844899,20.984553887027,282.757964632085,0.5,5,0.273812505158122,0.195773714996436,368.159086645894,-4.60011957372341,10
2019-08-19T14:00:00Z,395.450531250098,20.5487659627403,254.381516982595,0.5,5,0.247663039988824,0.19579027292781,368.237125436056,-4.17967535469337,10
2019-08-19T15:00:00Z,392.76997519262,20.1431417899168,213.18127717699,1.36616315525223,5,0.208952275465389,0.195806832259602,368.288998203117,-3.7527398637678,10
2019-08-19T16:00:00Z,385.758303691506,19.0551487769621,161.234217309454,1.38865830061771,5,0.159108693705277,0.195823392991931,368.302143646323,-2.68768299368791,10
2019-08-19T17:00:00Z,384.292345567513,18.5178803959389,101.159074412318,1.88890289301209,5,0.100372961128931,0.195839955124915,368.265428947036,-2.12866417131686,10
2019-08-19T18:00:00Z,374.123407012711,17.464544809859,35.9843355997383,2.686798223462,5,0.0358151457169268,0.195856518658673,368.16996195304,-1.08693493665728,10
2019-08-19T19:00:00Z,381.222703926066,18.4863062537704,0,2.9276596994978,5,0,0.195873083593323,368.009920580099,-2.10061548508638,10
2019-08-19T20:00:00Z,383.124155659604,18.7202385022473,0,2.90992903077672,5,0,0.195889649928983,367.814047496505,-2.32687090286649,10
2019-08-19T21:00:00Z,383.964959981117,19.0802318388938,0,3.02294182072641,5,0,0.195906217665773,367.618157846576,-2.6787234810479,10
2019-08-19T22:00:00Z,379.145343924008,18.549284187881,0,2.93405055224614,5,0,0.19592278680381,367.42225162891,-2.13776011754691,10
2019-08-19T23:00:00Z,379.381672910695,18.3781288334766,0,2.28294529668512,5,0,0.195939357343213,367.226328842107,-1.9836412865067,10
