time,DO,T,I0,wind,zmix,gpp_true,r_true,DO_bio,zeta,z_sensor
2019-06-01T00:00:00Z,299.847924676538,13.7299020265082,0,3.27538471137481,5,0,0.166585555954128,300,0.275063937385574,10
2019-06-01T01:00:00Z,297.201290519541,13.5913318227842,0,2.81378939088442,5,0,0.166599645241872,299.833414444046,0.413914516762146,10
2019-06-01T02:00:00Z,298.694948632933,13.3101829129641,0,2.22998604467785,5,0,0.166613735721245,299.666814798804,0.685847959529095,10
2019-06-01T03:00:00Z,297.773941763481,13.5985892519553,0,1.74424776575879,5,0,0.166627827392346,299.500201063083,0.404323120396806,10
2019-06-01T04:00:00Z,303.604325530046,14.1564337077933,36.2109566472874,1.73353487797034,5,0.0360415306742295,0.166641920255277,299.333573235691,-0.152769919793373,10
2019-06-01T05:00:00Z,303.504280238809,14.2924169041316,196.337090252577,2.21280640252826,5,0.193124935854875,0.166656014310139,299.20297284611,-0.274970865576854,10
2019-06-01T06:00:00Z,305.860095833975,14.5954606856449,348.485651277706,2.66155185473929,5,0.334198013440795,0.166670109557031,299.229441767654,-0.585568475919077,10
2019-06-01T07:00:00Z,303.798711702135,14.1911424684223,486.474536346366,2.46376327095827,5,0.451170361203895,0.166684205996056,299.396969671538,-0.179486446263728,10
2019-06-01T08:00:00Z,300.271466023487,14.1502504134874,604.696978319073,2.6677235598768,5,0.541371973128799,0.166698303627314,299.681455826746,-0.116814399303184,10
2019-06-01T09:00:00Z,299.488308212502,13.8008571189623,698.349360567769,2.46862669114454,5,0.605906002270181,0.166712402450906,300.056129496247,0.214555862161609,10
2019-06-01T10:00:00Z,298.659391677899,13.6829435767932,763.626397622795,1.9846951353144,5,0.647402973741142,0.166726502466932,300.495323096067,0.333181233985494,10
2019-06-01T11:00:00Z,305.136213693885,14.0088267397062,797.875751608232,2.46979798375535,5,0.668323217325621,0.166740603675494,300.975999567341,0.0102400865485395,10
2019-06-01T12:00:00Z,305.371840935538,13.8963213587062,799.705802087561,2.94560710543867,5,0.670031052782239,0.166754706076692,301.477582180991,0.1341590636772,10
2019-06-01T13:00:00Z,304.257281312184,14.0077498271623,769.042190413082,3.9778317032986,5,0.652436993560392,0.166768809670627,301.980858527697,0.0181150558437302,10
2019-06-01T14:00:00Z,305.97956359868,14.111676151888,707.130841067981,4.24699135521628,5,0.614018949973704,0.1667829144574,302.466526711586,-0.0907917901018978,10
2019-06-01T15:00:00Z,308.25790964907,13.9575838563102,616.487337237793,3.85590846999479,5,0.552221509452307,0.166797020437112,302.913762747103,0.055056613647124,10
2019-06-01T16:00:00Z,303.208302557583,13.5725874023267,500.794707584067,4.30634471734849,5,0.464406768787894,0.166811127609864,303.299187236118,0.450983118177436,10
2019-06-01T17:00:00Z,302.171033142109,13.3056069393144,364.753777350086,3.92772269131842,5,0.349513642510591,0.166825235975757,303.596782877296,0.71705814748435,10
2019-06-01T18:00:00Z,305.071868713816,13.8732766063592,213.892164335513,3.66474755362999,5,0.210154255805487,0.166839345534891,303.779471283831,0.130860480203053,10
2019-06-01T19:00:00Z,304.80169675739,13.8340494969898,54.3396806193364,3.60465171320092,5,0.0540614991246103,0.166853456287368,303.822786194102,0.174290192546269,10
2019-06-01T20:00:00Z,307.837160203913,14.1021348002281,0,3.45524967549036,5,0,0.166867568233289,303.709994236939,-0.0950786288722351,10
2019-06-01T21:00:00Z,306.652907797084,14.2819075724914,0,2.81753527424196,5,0,0.166881681372754,303.543126668706,-0.241512423406812,10
2019-06-01T22:00:00Z,302.640653671241,14.1972728401706,0,3.13583463297094,5,0,0.166895795705864,303.376244987333,-0.163589461253005,10
2019-06-01T23:00:00Z,299.203436437655,13.707054035359,0,3.03619969029975,5,0,0.166909911232721,303.209349191627,0.298191410769049,10
2019-06-02T00:00:00Z,298.667831587665,13.6561680712225,0,2.34680212775552,5,0,0.166924027953425,303.042439280395,0.378502244638486,10
2019-06-02T01:00:00Z,292.630078782158,13.090459351473,0,1.66250493038454,5,0,0.166938145868078,302.875515252441,0.941428967908475,10
2019-06-02T02:00:00Z,292.962346616167,12.9500950065499,0,0.813865884919791,5,0,0.166952264976779,302.708577106573,1.0798423890319,10
2019-06-02T03:00:00Z,293.162860476466,12.8944031027619,0,0.665402407810286,5,0,0.166966385279631,302.541624841596,1.13190167685556,10
2019-06-02T04:00:00Z,293.007193346745,13.068158478413,38.7474278730617,0.769732417069934,5,0.0385663441938419,0.166980506776734,302.374658456317,0.954151268821538,10
2019-06-02T05:00:00Z,298.322017444876,13.3465272620816,201.014177146152,0.5,5,0.197955575420474,0.16699462946819,302.246244293734,0.698349017997662,10
2019-06-02T06:00:00Z,303.977832730091,13.8520122960543,355.139258372304,0.641899729226282,5,0.341877641798528,0.167008753354099,302.277205239686,0.17971835722677,10
2019-06-02T07:00:00Z,302.162750026817,13.881095760603,494.880150417609,0.5,5,0.462295075636233,0.167022878434562,302.45207412813,0.156331565914097,10
2019-06-02T08:00:00Z,302.407437616213,13.5516350810211,614.576934306359,0.587321146615535,5,0.556129911986582,0.16703700470968,302.747346325332,0.494233199984786,10
2019-06-02T09:00:00Z,301.460883839752,13.5731995578953,709.381536661124,1.1942749831082,5,0.623918940972786,0.167051132179555,303.136439232609,0.473400444874724,10
2019-06-02T10:00:00Z,302.496956248464,13.6249171682195,775.454090997595,1.07438405393724,5,0.667817686092165,0.167065260844287,303.593307041402,0.413648732410866,10
2019-06-02T11:00:00Z,305.575974379129,13.6451195687041,810.11846366163,1.42441793259201,5,0.689991912688506,0.167079390703978,304.09405946665,0.393224337123815,10
2019-06-02T12:00:00Z,308.829664636145,13.8080930025033,811.970645148561,2.01241486404524,5,0.691680093995219,0.167093521758728,304.616971988635,0.23950150664901,10
2019-06-02T13:00:00Z,308.458325378355,14.0180443017923,780.935616636118,2.2258027042472,5,0.672806519189163,0.167107654008639,305.141558560871,0.0164229105976455,10
2019-06-02T14:00:00Z,306.756792078253,14.37675001433,718.270388468362,2.70309375510008,5,0.631998890314624,0.167121787453811,305.647257426052,-0.326188629544514,10
2019-06-02T15:00:00Z,309.264563915502,14.4639829681833,626.513087523062,3.27134710864694,5,0.567007364377613,0.167135922094346,306.112134528913,-0.413498155892056,10
2019-06-02T16:00:00Z,304.117947268817,13.7088054884285,509.380155574553,4.12762386993328,5,0.475655202674086,0.167150057930346,306.512005971197,0.343700292243233,10
2019-06-02T17:00:00Z,305.676318441668,13.2601487677682,371.615822422089,4.78890298307263,5,0.357405587734817,0.16716419496191,306.82051111594,0.788321991740171,10
2019-06-02T18:00:00Z,306.271881827439,13.0384593434939,218.799950566709,4.79721079049396,5,0.215234425836746,0.16717833318914,307.010752508713,0.996793299163447,10
2019-06-02T19:00:00Z,305.72519978932,13.1645664684532,57.1220342949038,5.14536156339934,5,0.056831528134366,0.167192472612138,307.058808601361,0.869116482108262,10
2019-06-02T20:00:00Z,311.221991099004,13.7651828972389,0,5.78271224273479,5,0,0.167206613231004,306.948447656883,0.276899019456424,10
2019-06-02T21:00:00Z,308.557288490272,13.9498028132897,0,5.36737306221129,5,0,0.167220755045839,306.781241043652,0.110105568995122,10
2019-06-02T22:00:00Z,312.11317395405,14.1426666089917,0,5.73882537913983,5,0,0.167234898056745,306.614020288606,-0.0866886415307556,10
2019-06-02T23:00:00Z,314.640692354947,14.0587002936585,0,4.82199783141932,5,0,0.167249042263823,306.44678539055,-0.00729123455924646,10
2019-06-03T00:00:00Z,310.38242534061,13.5307080817549,0,4.06893231491843,5,0,0.167263187667174,306.279536348285,0.521472197675332,10
2019-06-03T01:00:00Z,308.04455145292,13.0778360415251,0,3.73100795993429,5,0,0.1672773342669,306.112273160618,0.988929628823049,10
2019-06-03T02:00:00Z,304.315358578898,12.6898141217116,0,2.59561316375565,5,0,0.1672914820631,305.944995826351,1.35657746844406,10
2019-06-03T03:00:00Z,303.743538040669,13.1116221599724,0,2.36119323589325,5,0,0.167305631055877,305.777704344288,0.959609604358545,10
2019-06-03T04:00:00Z,304.078551525039,13.4398244012986,22.7075837713303,1.11884355860976,5,0.022608051102318,0.167319781245332,305.610398713233,0.629668558813806,10
2019-06-03T05:00:00Z,306.7628294712,13.5899807353323,113.223205675583,0.563239371273883,5,0.112393369865703,0.167333932631566,305.465686983089,0.467568639463253,10
2019-06-03T06:00:00Z,306.079392763245,14.1541246557293,199.166837392371,0.5,5,0.196450586173648,0.16734808521468,305.410746420324,-0.0876021350428579,10
2019-06-03T07:00:00Z,306.142488254785,14.3255744810638,277.068046879607,0.5,5,0.270936829245895,0.167362238994775,305.439848921283,-0.247893478926667,10
2019-06-03T08:00:00Z,307.627547781707,14.3077800450641,343.781157743109,0.5,5,0.333014429752773,0.167376393971954,305.543423511534,-0.22427089411145,10
2019-06-03T09:00:00Z,303.972159356252,14.3176266211699,396.612272681319,0.650148183802207,5,0.380861017094866,0.167390550146316,305.709061547315,-0.231486917226855,10
2019-06-03T10:00:00Z,304.497550782968,14.1084655184526,433.42805394206,0.53559900666235,5,0.413468832812111,0.167404707517963,305.922532014263,-0.0322548463241676,10
2019-06-03T11:00:00Z,306.542899056509,14.0414966367265,452.741868200796,0.716421569934224,5,0.43036278666887,0.167418866086996,306.168596139557,0.0301086308384058,10
2019-06-03T12:00:00Z,306.882814680709,14.0558841483137,453.773817301962,0.756200812539721,5,0.431354102503441,0.167433025853518,306.431540060139,0.0236707975856794,10
2019-06-03T13:00:00Z,308.445964194423,14.0980429830647,436.482230802329,1.65688603436781,5,0.416403540824246,0.167447186817628,306.695461136789,-0.0243740941672156,10
2019-06-03T14:00:00Z,310.858921575853,14.4241218509857,401.565348637167,1.53113492763192,5,0.385625860977643,0.167461348979429,306.944417490795,-0.356651088506783,10
2019-06-03T15:00:00Z,308.684076336814,13.7946092579637,350.433125962607,2.29168976777196,5,0.339433198944823,0.167475512339021,307.162582002794,0.292582176864277,10
2019-06-03T16:00:00Z,307.938674700348,13.5756448874908,285.150298703908,3.09939408115717,5,0.278781526162472,0.167489676896506,307.3345396894,0.511301700268204,10
2019-06-03T17:00:00Z,307.273839882056,13.1812875534491,208.353008841469,3.25298015787247,5,0.205444267006368,0.167503842651985,307.445831538665,0.91257248402737,10
2019-06-03T18:00:00Z,306.080880684636,13.1276813045325,123.142356132889,2.93964172313954,5,0.1221994635372,0.167518009605559,307.48377196302,0.971484288360894,10
2019-06-03T19:00:00Z,304.339703471689,13.2868490535918,32.9591746874506,3.41278635809139,5,0.0328107987013376,0.167532177757331,307.438453416951,0.811619525789142,10
2019-06-03T20:00:00Z,304.182657575144,13.5787215632394,0,3.05069170801492,5,0,0.167546347107401,307.303732037896,0.514171593811452,10
2019-06-03T21:00:00Z,307.710934302207,13.904547327672,0,2.6372409489636,5,0,0.16756051765587,307.136185690788,0.181338129616187,10
2019-06-03T22:00:00Z,307.116467234444,14.0972181156884,0,2.22708573342646,5,0,0.16757468940284,306.968625173132,-0.0106309484548617,10
2019-06-03T23:00:00Z,304.590842869041,14.0024950876352,0,1.63871762962173,5,0,0.167588862348412,306.801050483729,0.0821262829744195,10
2019-06-04T00:00:00Z,304.4302799492,13.8770979366845,0,2.0994092445797,5,0,0.167603036492688,306.633461621381,0.205091451332274,10
2019-06-04T01:00:00Z,305.831213681997,13.7678354902718,0,2.04418795802413,5,0,0.167617211835769,306.465858584888,0.319513581874049,10
2019-06-04T02:00:00Z,304.38576402736,14.1174896377851,0,1.84417128325719,5,0,0.167631388377756,306.298241373052,-0.0188512615649619,10
2019-06-04T03:00:00Z,303.773314592941,14.3759415042588,0,1.26024857678894,5,0,0.167645566118751,306.130609984674,-0.278344734055509,10
2019-06-04T04:00:00Z,304.085724943174,14.8108845090045,39.3559193618588,1.41234341370139,5,0.0391752454109914,0.167659745058855,305.962964418555,-0.727941075502671,10
2019-06-04T05:00:00Z,305.587501797285,14.5004892878834,189.356379967409,0.728547039519295,5,0.18711346206135,0.16767392519817,305.834479918908,-0.392260775683218,10
2019-06-04T06:00:00Z,309.054777395345,14.9774456619269,331.732566141832,0.5,5,0.322773151757037,0.167688106536797,305.85391945577,-0.867034249260378,10
2019-06-04T07:00:00Z,308.236040776888,14.811956566916,460.751821208665,0.890793812796207,5,0.439156285531823,0.167702289074838,306.009004500991,-0.69837585089082,10
2019-06-04T08:00:00Z,308.831203594705,14.8200331280689,571.219294021628,0.514513209685397,5,0.53253043068397,0.167716472812393,306.280458497448,-0.732269080426987,10
2019-06-04T09:00:00Z,308.974958473787,14.8206061058122,658.687105250836,0.666774105236749,5,0.601875033164011,0.167730657749565,306.645272455319,-0.723487852155958,10
2019-06-04T10:00:00Z,305.569638955458,14.5698717398172,719.633437480808,0.569696850027397,5,0.647733308189417,0.167744843886454,307.079416830734,-0.471467548479315,10
2019-06-04T11:00:00Z,309.914721900017,14.809630856077,751.604338209008,0.728186056502619,5,0.671093198657483,0.167759031223163,307.559405295037,-0.710392503259666,10
2019-06-04T12:00:00Z,313.339703838864,14.9496433684147,753.312526167154,1.09630051586728,5,0.672611484567925,0.167773219759793,308.062739462471,-0.850290357931981,10
2019-06-04T13:00:00Z,312.710095563934,15.1879164882452,724.689222612353,1.44647847629046,5,0.652241808938221,0.167787409496444,308.567577727279,-1.08726659159021,10
2019-06-04T14:00:00Z,315.352994410648,15.3055532196731,666.886920644994,2.30213324846766,5,0.609241687396154,0.16780160043322,309.052032126721,-1.20775880034302,10
2019-06-04T15:00:00Z,316.716820459618,15.5487508505362,582.232981049151,2.98287017021565,5,0.542554152130525,0.167815792570221,309.493472213684,-1.44562908599795,10
2019-06-04T16:00:00Z,314.606681881301,15.4370115464362,474.135923079709,3.69502095081457,5,0.451578408588204,0.167829985907549,309.868210573244,-1.33033191086922,10
2019-06-04T17:00:00Z,318.145739946275,15.0067829031545,346.948183318413,4.343137540505,5,0.337257931873314,0.167844180445305,310.151958995925,-0.893596402057014,10
2019-06-04T18:00:00Z,316.071353593913,14.6664112535894,205.790868497349,5.10191184410456,5,0.203175732112972,0.16785837618359,310.321372747353,-0.547854825026681,10
2019-06-04T19:00:00Z,314.389461202391,14.8158677468567,56.3475584691852,5.27548807729633,5,0.0560717150309602,0.167872573122507,310.356690103283,-0.692539010862447,10
2019-06-04T20:00:00Z,314.69628181723,14.9796465020966,0,5.52611701175422,5,0,0.167886771262157,310.244889245191,-0.872654686486467,10
2019-06-04T21:00:00Z,315.906776295118,14.9191049674124,0,5.24355242174038,5,0,0.167900970602642,310.077002473929,-0.802429480856318,10
2019-06-04T22:00:00Z,315.702246475473,14.6923848398296,0,4.96889642569882,5,0,0.167915171144062,309.909101503326,-0.55152783120942,10
2019-06-04T23:00:00Z,317.462181091605,14.8540671500335,0,4.89213169078664,5,0,0.16792937288652,309.741186332182,-0.739935824591719,10
2019-06-05T00:00:00Z,314.081504287553,14.6761814450325,0,4.3734477596509,5,0,0.167943575830118,309.573256959296,-0.548777145972132,10
2019-06-05T01:00:00Z,310.008028369131,14.1648828846451,0,3.80613173658005,5,0,0.167957779974955,309.405313383465,-0.0506163312518745,10
2019-06-05T02:00:00Z,311.993957400196,14.2327421471061,0,3.50627586748803,5,0,0.167971985321136,309.23735560349,-0.0995884580915785,10
2019-06-05T03:00:00Z,310.455370708879,14.3464881656368,0,3.75028765102545,5,0,0.16798619186876,309.069383618169,-0.217282997423418,10
2019-06-05T04:00:00Z,312.447035987583,14.5731333562813,35.2835010970531,2.76475766722286,5,0.0351247478933732,0.16800039961793,308.9013974263,-0.45731544948374,10
2019-06-05T05:00:00Z,313.171309417563,15.0042045243468,164.39154888131,2.25684861081477,5,0.162840897612621,0.168014608568747,308.768521774576,-0.867702610910085,10
2019-06-05T06:00:00Z,310.723366915515,15.1531987388972,286.898545292366,2.20027087877783,5,0.28122968220375,0.168028818721313,308.76334806362,-1.0144413548681,10
2019-06-05T07:00:00Z,312.233865226541,15.0028036007005,397.885289906663,2.20526693670788,5,0.384573641356602,0.168043030075729,308.876548927102,-0.865225596850485,10
2019-06-05T08:00:00Z,311.680520272728,14.77540310459,492.895171615364,1.571323531672,5,0.469198307597251,0.168057242632098,309.093079538383,-0.673083890698525,10
2019-06-05T09:00:00Z,309.298007104742,14.2427182241572,568.113121369063,1.35087089745327,5,0.533302055120761,0.16807145639052,309.394220603348,-0.11002995836859,10
2019-06-05T10:00:00Z,311.864521731717,14.214009277874,620.518804157294,1.07629797135338,5,0.576366017931235,0.168085671351098,309.759451202078,-0.0663104466225232,10
2019-06-05T11:00:00Z,312.343497628814,14.3100038592018,648.007898883948,1.3591712314927,5,0.598477752082582,0.168099887513932,310.167731548659,-0.177967019982042,10
2019-06-05T12:00:00Z,312.562733756008,14.2724199108471,649.476596212547,2.28151368970373,5,0.59980177802223,0.168114104879126,310.598109413227,-0.144001360840244,10
2019-06-05T13:00:00Z,315.145029164276,14.6786468697042,624.865921417298,2.66262102956449,5,0.580301857250274,0.16812832344678,311.02979708637,-0.543939815725058,10
2019-06-05T14:00:00Z,318.373009036442,14.6858368900867,575.164102480467,2.96908926613934,5,0.539742921741651,0.168142543216996,311.441970620174,-0.57216728325009,10
2019-06-05T15:00:00Z,317.833314462908,14.921172042963,502.366888346428,4.31293443874436,5,0.477969991618148,0.168156764189876,311.813570998698,-0.793805013875803,10
2019-06-05T16:00:00Z,313.620061069109,14.3770219290569,409.39741073086,4.36676090987516,5,0.395431231077016,0.168170986365522,312.123384226127,-0.237894484385051,10
2019-06-05T17:00:00Z,311.866901714508,14.2096944959709,299.988807389666,4.67672734252868,5,0.293838301206407,0.168185209744035,312.350644470838,-0.0600912287644833,10
2019-06-05T18:00:00Z,308.9897391308,14.2084420705878,178.534320045064,4.71507428059986,5,0.176737402672634,0.168199434325518,312.4762975623,-0.0638209619059164,10
2019-06-05T19:00:00Z,308.482356278619,14.5846773151797,49.9108862034129,4.4233496665469,5,0.0496756201116674,0.168213660110071,312.484835530647,-0.434513852165654,10
2019-06-05T20:00:00Z,312.646113340568,14.7707645504914,0,4.68854337062195,5,0,0.168227887097796,312.366297490649,-0.636085560169303,10
2019-06-05T21:00:00Z,313.944741657374,15.2005639618102,0,4.36289325175337,5,0,0.168242115288796,312.198069603551,-1.03945625527263,10
2019-06-05T22:00:00Z,315.670464863531,15.4053820499394,0,4.53408022745542,5,0,0.168256344683172,312.029827488262,-1.24597728746666,10
2019-06-05T23:00:00Z,314.030699429999,14.9883804972853,0,4.07471460827899,5,0,0.168270575281026,311.861571143579,-0.83345822997055,10
2019-06-06T00:00:00Z,315.049593879296,14.8020372113252,0,3.67247088212404,5,0,0.16828480708246,311.693300568298,-0.653766594569876,10
2019-06-06T01:00:00Z,315.907609558621,14.830181392295,0,2.94735859894235,5,0,0.168299040087575,311.525015761216,-0.670315587887394,10
2019-06-06T02:00:00Z,313.358267853009,14.6449584851155,0,2.428772767521,5,0,0.168313274296473,311.356716721128,-0.498659344360917,10
2019-06-06T03:00:00Z,316.001288257957,14.7824155432461,0,2.22569826849231,5,0,0.168327509709256,311.188403446832,-0.637447673718791,10
2019-06-06T04:00:00Z,316.483752335851,14.8094488282783,32.7587288904715,1.04679889073373,5,0.0326129926515018,0.168341746326027,311.020075937122,-0.676734779747047,10
2019-06-06T05:00:00Z,317.944899766048,14.6819530879627,148.267707251759,0.5,5,0.147063218446588,0.168355984146886,310.884347183448,-0.52377045571007,10
2019-06-06T06:00:00Z,315.540207725446,14.9524170610724,257.838384074801,0.5,5,0.253764302018288,0.168370223171935,310.863054417748,-0.818043628241813,10
2019-06-06T07:00:00Z,316.250499482939,14.6953212706575,357.082320833194,0.5,5,0.347780813427535,0.168384463401277,310.948448496594,-0.536814608578878,10
2019-06-06T08:00:00Z,312.60430940036,14.3566407111856,442.024677467442,0.5,5,0.425631228330252,0.168398704835014,311.12784484662,-0.192227305293247,10
2019-06-06T09:00:00Z,309.495247962461,13.817251836981,509.263409551196,0.5,5,0.485252540770123,0.168412947473246,311.385077370115,0.351893930556648,10
2019-06-06T10:00:00Z,310.302526068857,13.7058212191866,556.105524297532,0.5,5,0.525659569478058,0.168427191316076,311.701916963413,0.466896977080191,10
2019-06-06T11:00:00Z,312.203207764691,13.5558041044306,580.674938186925,0.5,5,0.546503012058968,0.168441436363607,312.059149341574,0.614098507164749,10
2019-06-06T12:00:00Z,311.67270089906,14.1900143562447,581.987616388071,0.5,5,0.547696197310307,0.168455682615939,312.43721091727,-0.0336101348063565,10
2019-06-06T13:00:00Z,310.054958771831,14.0376599970389,559.990984546612,0.821243709404488,5,0.529208738765135,0.168469930073174,312.816451431964,0.137497492724784,10
2019-06-06T14:00:00Z,311.02836100257,13.9490701730695,515.566034451801,1.46916726421558,5,0.491065743881452,0.168484178735416,313.177190240656,0.219062574405344,10
2019-06-06T15:00:00Z,310.021045621849,13.8915261157137,450.492039246621,2.161221114794,5,0.433551391275848,0.168498428602764,313.499771805802,0.258577273730701,10
2019-06-06T16:00:00Z,312.533358603278,14.0184415263306,367.375291379976,1.78879950245206,5,0.357576553873462,0.168512679675323,313.764824768475,0.150427105160179,10
2019-06-06T17:00:00Z,310.442287773028,13.5995571446697,269.544717432437,2.56005071994017,5,0.265113082817569,0.168526931953192,313.953888642673,0.553858991571512,10
2019-06-06T18:00:00Z,307.873645842941,13.4340044044173,160.918550568381,3.39691703361801,5,0.159529935817995,0.168541185436475,314.050474793538,0.727960691175485,10
2019-06-06T19:00:00Z,313.033786865348,13.6437410363895,45.8474005445738,3.22380155415544,5,0.0456358554778802,0.168555440125273,314.041463543919,0.523815416837417,10
2019-06-06T20:00:00Z,315.741421990826,13.9966730111421,0,2.48065460515563,5,0,0.168569696019689,313.918543959272,0.172457603092745,10
2019-06-06T21:00:00Z,316.171881716642,14.5457432780873,0,1.7716164058771,5,0,0.168583953119823,313.749974263252,-0.360223520767815,10
2019-06-06T22:00:00Z,314.125650007926,14.6518451045995,0,0.876528648758013,5,0,0.168598211425779,313.581390310132,-0.474999163052838,10
2019-06-06T23:00:00Z,312.66910049803,14.5128679330223,0,0.870439567089824,5,0,0.168612470937658,313.412792098706,-0.34348905061009,10
2019-06-07T00:00:00Z,317.011312821738,14.3183524262509,0,0.928087242918915,5,0,0.168626731655561,313.244179627769,-0.144691020588505,10
2019-06-07T01:00:00Z,315.453343196248,14.3356476779137,0,1.28536451339386,5,0,0.168640993579592,313.075552896113,-0.160149920773811,10
2019-06-07T02:00:00Z,311.9351979557,14.0167308778653,0,1.1099242936621,5,0,0.168655256709853,312.906911902533,0.167651332552285,10
2019-06-07T03:00:00Z,309.369384964062,13.9900971545847,0,1.19198204783784,5,0,0.168669521046444,312.738256645823,0.199049405159961,10
2019-06-07T04:00:00Z,309.07212913148,14.464800506754,40.7874553774986,0.665023122446087,5,0.0406025610152277,0.168683786589468,312.569587124777,-0.284009347450615,10
2019-06-07T05:00:00Z,311.709156454814,15.1016978730709,179.845374980512,0.5,5,0.178128006708555,0.168698053339028,312.441505899203,-0.918842538670646,10
2019-06-07T06:00:00Z,314.370754617812,15.0911993740748,311.717667763594,0.5,5,0.305510739095454,0.168712321295225,312.450935852572,-0.898518570191118,10
2019-06-07T07:00:00Z,314.888039818071,14.9104658796442,431.135446028461,0.5,5,0.41663904899446,0.168726590458162,312.587734270372,-0.730409755854338,10
2019-06-07T08:00:00Z,313.942970983234,14.4058066372892,533.327435616021,0.5,5,0.507587847443847,0.168740860827939,312.835646728909,-0.217413346430706,10
2019-06-07T09:00:00Z,315.322950404831,14.2696811111319,614.210609641417,0.5,5,0.57643861356547,0.16875513240466,313.174493715525,-0.0798572789979938,10
2019-06-07T10:00:00Z,316.709549233333,14.2399333735382,670.55332367331,0.5,5,0.622650666363515,0.168769405188427,313.582177196686,-0.0550854832166613,10
2019-06-07T11:00:00Z,315.974649545134,14.0291887330638,700.104434377603,0.5,5,0.646337616419889,0.168783679179341,314.036058457861,0.157963261223066,10
2019-06-07T12:00:00Z,315.407391810644,14.2357843772009,701.683242758515,0.5,5,0.647697836290489,0.168797954377505,314.513612395102,-0.0438584316050086,10
2019-06-07T13:00:00Z,317.514800465315,14.4277773365639,675.226668362368,0.894441842060935,5,0.626711899497396,0.168812230783021,314.992512277015,-0.240346611065995,10
2019-06-07T14:00:00Z,317.150285564385,14.1773156839798,621.79176962375,1.20578743890338,5,0.583137891186161,0.168826508395991,315.450411945729,0.0192308644326691,10
2019-06-07T15:00:00Z,316.607030468303,14.0680648843165,543.513509654934,1.06293776291564,5,0.516803214023569,0.168840787216517,315.864723328519,0.117925421952744,10
2019-06-07T16:00:00Z,314.614455007743,14.2971292013662,443.519454924118,1.62915237469164,5,0.428160594007031,0.168855067244701,316.212685755326,-0.0933733515265047,10
2019-06-07T17:00:00Z,314.796712796527,13.9224079672905,325.804814991656,1.30362638219919,5,0.31899839845413,0.168869348480645,316.471991282089,0.274149728983515,10
2019-06-07T18:00:00Z,317.554429076689,13.5900406881798,195.07281602552,1.54091851662019,5,0.193066405856883,0.168883630924452,316.622120332062,0.620448643856346,10
2019-06-07T19:00:00Z,317.40619028584,13.3448885064822,56.5467858877499,1.77178322718581,5,0.056277209444803,0.168897914576223,316.646303106994,0.863124375510363,10
2019-06-07T20:00:00Z,319.373716360285,14.136186305198,0,3.03418809374885,5,0,0.168912199436062,316.533682401862,0.063692374670083,10
2019-06-07T21:00:00Z,322.36690907834,14.8382916306118,0,3.21453019212932,5,0,0.168926485504069,316.364770202426,-0.635516785981511,10
2019-06-07T22:00:00Z,322.371796087483,15.1920144737847,0,2.53178768572838,5,0,0.168940772780347,316.195843716922,-0.978420546320801,10
2019-06-07T23:00:00Z,322.685387357294,15.2911750516538,0,2.48686843483651,5,0,0.168955061264999,316.026902944142,-1.07507040847342,10
2019-06-08T00:00:00Z,319.731743474408,15.0437829453452,0,2.1676819599461,5,0,0.168969350958126,315.857947882877,-0.829015859738498,10
2019-06-08T01:00:00Z,315.436537937988,14.6596502437048,0,1.94273589762395,5,0,0.168983641859832,315.688978531919,-0.44511738603694,10
2019-06-08T02:00:00Z,316.324339236369,14.6810589312559,0,0.917836722965709,5,0,0.168997933970217,315.519994890059,-0.486371606008432,10
2019-06-08T03:00:00Z,315.968814499515,14.2340701893573,0,1.32897905321427,5,0,0.169012227289384,315.350996956088,-0.0191262251437986,10
2019-06-08T04:00:00Z,314.50309276829,14.4393309680975,22.1694073555417,1.26940244563742,5,0.0220732937157762,0.169026521817436,315.181984728799,-0.238513921817653,10
2019-06-08T05:00:00Z,318.547779848909,14.7167863801185,95.4795182860654,0.862917107973808,5,0.0949374000498041,0.169040817554474,315.035031500697,-0.49977603634195,10
2019-06-08T06:00:00Z,320.189124108806,14.6373202272797,164.983411713921,0.5,5,0.163585373806002,0.169055114500601,314.960928083192,-0.426428559701811,10
2019-06-08T07:00:00Z,318.410036560149,14.4205695874031,227.910368427099,0.5,5,0.225118302940718,0.16906941265592,314.955458342498,-0.202874647863686,10
2019-06-08T08:00:00Z,318.066139338028,14.0527306046606,281.751853733229,0.5,5,0.277134223731877,0.169083712020532,315.011507232783,0.155468536463489,10
2019-06-08T09:00:00Z,314.264080317184,13.3514659199249,324.361518264191,0.5,5,0.317799389050701,0.169098012594539,315.119557744494,0.868140488210457,10
2019-06-08T10:00:00Z,316.242726308978,13.3024297742552,354.040760541552,0.5,5,0.345832416581314,0.169112314378045,315.26825912095,0.935264633487939,10
2019-06-08T11:00:00Z,320.358220616873,13.7764298774955,369.606440417042,0.5,5,0.36043719225881,0.169126617371151,315.444979223154,0.465571773286259,10
2019-06-08T12:00:00Z,321.313593175947,13.990941758714,370.438044043851,0.561372774207729,5,0.361227593548267,0.16914092157396,315.636289798042,0.209171842784456,10
2019-06-08T13:00:00Z,321.513702717674,14.4486775735743,356.502420183511,0.5,5,0.348179565329357,0.169155226986574,315.828376470016,-0.238970796078156,10
2019-06-08T14:00:00Z,321.770078636225,14.757280383037,328.355101754494,0.5,5,0.321630098368948,0.169169533609095,316.007400808358,-0.543988935850762,10
2019-06-08T15:00:00Z,324.719089247114,14.9339045174185,287.118159940032,0.5,5,0.282323476548557,0.169183841441625,316.159861373118,-0.717917483081002,10
2019-06-08T16:00:00Z,323.133012137039,14.5988475629053,234.435473684094,0.5,5,0.231486019101492,0.169198150484268,316.273001008225,-0.348056554911542,10
2019-06-08T17:00:00Z,321.705257603299,14.3751613372294,172.407197722633,0.5,5,0.170894599917727,0.169212460737124,316.335288876842,-0.133755977022609,10
2019-06-08T18:00:00Z,317.664077518316,14.158067609354,103.506041531594,0.5,5,0.10289649055848,0.169226772200298,316.336971016023,0.0733362624842083,10
2019-06-08T19:00:00Z,319.800529823054,14.3809982877278,30.4786966669903,0.5,5,0.0303445891674157,0.16924108487389,316.270640734381,-0.137433098917544,10
2019-06-08T20:00:00Z,318.860938316942,14.8490999084601,0,0.766250027878118,5,0,0.169255398758004,316.131744238674,-0.591486436391985,10
2019-06-08T21:00:00Z,321.931639565191,14.8007698157239,0,1.32945295161799,5,0,0.169269713852741,315.962488839916,-0.558148916485899,10
2019-06-08T22:00:00Z,321.807105271172,14.9727167996842,0,1.07470123835353,5,0,0.169284030158205,315.793219126064,-0.717461434255687,10
2019-06-08T23:00:00Z,319.357379820163,14.5637127914603,0,0.5,5,0,0.169298347674497,315.623935095906,-0.336437806935046,10
2019-06-09T00:00:00Z,315.430595510396,14.5385014714667,0,0.5,5,0,0.16931266640172,315.454636748231,-0.309294697404289,10
2019-06-09T01:00:00Z,315.761503718666,14.3351473054004,0,0.5,5,0,0.169326986339977,315.285324081829,-0.0832178068124511,10
2019-06-09T02:00:00Z,314.527696527832,14.2104624605807,0,0.5,5,0,0.169341307489369,315.115997095489,0.0409550713329149,10
2019-06-09T03:00:00Z,316.501804956877,14.3292419702477,0,0.5,5,0,0.16935562985,314.946655788,-0.0767910051482944,10
2019-06-09T04:00:00Z,312.647213154445,14.1803319846056,40.4224521631655,0.5,5,0.0402403793544939,0.169369953421971,314.77730015815,0.0695256400430941,10
2019-06-09T05:00:00Z,314.646983701282,14.3771525863794,170.450744006776,0.5,5,0.168985045335239,0.169384278205386,314.648170584082,-0.135613523307854,10
2019-06-09T06:00:00Z,315.213774647408,14.3950485474507,293.698419659942,0.5,5,0.288706030984236,0.169398604200346,314.647771351212,-0.138052247512449,10
2019-06-09T07:00:00Z,312.563234604835,14.5016664718283,405.262624694904,0.5,5,0.393852124220932,0.169412931406954,314.767078777996,-0.234439195915371,10
2019-06-09T08:00:00Z,313.342737229127,14.4036624131708,500.705279012088,0.5,5,0.480600402393728,0.169427259825312,314.99151797081,-0.141258338882078,10
2019-06-09T09:00:00Z,309.220481538918,13.8899760117996,576.2296258951,0.5,5,0.546789404845799,0.169441589455524,315.302691113378,0.347465846016855,10
2019-06-09T10:00:00Z,307.198004491197,13.5393220724814,628.831268899491,0.5,5,0.591490354944224,0.169455920297691,315.680038928769,0.717924696291491,10
2019-06-09T11:00:00Z,308.127757111807,13.3985504021123,656.417688252008,0.5,5,0.614466306490291,0.169470252351916,316.102073363415,0.855323061467555,10
2019-06-09T12:00:00Z,312.302330752703,14.0441304425171,657.891482337964,0.5,5,0.615720303396524,0.169484585618302,316.547069417553,0.211740556855781,10
2019-06-09T13:00:00Z,312.178977584628,13.8506834310131,633.194022888535,1.5529030955858,5,0.595243694264972,0.16949892009695,316.993305135331,0.40374288704924,10
2019-06-09T14:00:00Z,310.621782052066,13.7948836704606,583.30778724274,2.20322043900491,5,0.553006606272052,0.169513255787965,317.419049909499,0.449959626881119,10
2019-06-09T15:00:00Z,309.425091232233,13.8380695994886,510.217274905533,1.63557153020514,5,0.489191367165911,0.169527592691447,317.802543259983,0.423993239640778,10
2019-06-09T16:00:00Z,309.692185822086,13.5643070171731,416.830063160951,2.36001225700836,5,0.404629919591781,0.1695419308075,318.122207034458,0.709210269136807,10
2019-06-09T17:00:00Z,307.604235192617,13.6788035412499,306.861142187686,2.41418624009354,5,0.301340520719141,0.169556270136227,318.357295023242,0.598812116112738,10
2019-06-09T18:00:00Z,310.793973638493,13.9015681206721,184.685130884247,2.70322579131764,5,0.182970991813327,0.169570610677729,318.489079273825,0.365731201616418,10
2019-06-09T19:00:00Z,313.619814294771,13.9952334399609,55.1622523324116,3.45248389300658,5,0.0549025028648836,0.169584952432109,318.502479654961,0.261153400926534,10
2019-06-09T20:00:00Z,317.256262281126,14.5048664646869,0,4.21772355657785,5,0,0.16959929539947,318.387797205393,-0.245696630881017,10
2019-06-09T21:00:00Z,315.93828983622,14.6465671390404,0,3.29439534206209,5,0,0.169613639579915,318.218197909994,-0.38643145885987,10
2019-06-09T22:00:00Z,311.755399478196,14.4066069776223,0,2.50148592076782,5,0,0.169627984973546,318.048584270414,-0.133073477186167,10
2019-06-09T23:00:00Z,315.500720963062,14.5336007098935,0,2.48380728038075,5,0,0.169642331580466,317.878956285441,-0.26720834328703,10
2019-06-10T00:00:00Z,315.378142654513,14.4799744265486,0,1.93385774819919,5,0,0.169656679400777,317.70931395386,-0.180932265632397,10
2019-06-10T01:00:00Z,313.362106615989,14.1626291374114,0,1.42298435840346,5,0,0.169671028434582,317.539657274459,0.105937949795461,10
2019-06-10T02:00:00Z,315.4224045072,14.2589816981282,0,1.62613187240858,5,0,0.169685378681984,317.369986246025,0.014999230355871,10
2019-06-10T03:00:00Z,316.165323983321,14.3619018463462,0,1.09965144984108,5,0,0.169699730143085,317.200300867343,-0.0902197961745178,10
2019-06-10T04:00:00Z,317.851942160656,14.2987894372898,43.0562798970122,0.5,5,0.0428611813130012,0.169714082817988,317.0306011372,-0.0302150386743614,10
2019-06-10T05:00:00Z,317.189998309326,14.2651571770767,178.151766561822,0.5,5,0.17656645626978,0.169728436706795,316.903748235695,0.0195685411621159,10
2019-06-10T06:00:00Z,319.394507180182,14.2496346566834,306.174040649528,0.5,5,0.30072156002118,0.16974279180961,316.910586255258,0.0225896220525581,10
2019-06-10T07:00:00Z,318.98169208708,14.6211638429094,422.040195733199,0.5,5,0.409539667081105,0.169757148126535,317.04156502347,-0.342390135338285,10
2019-06-10T08:00:00Z,321.63876225398,14.4108560593918,521.149963394424,0.603319919848125,5,0.499104293529589,0.169771505657672,317.281347542424,-0.133674861727271,10
2019-06-10T09:00:00Z,320.747948443725,13.9251695213226,599.568359048631,0.5,5,0.567277737720249,0.169785864403124,317.610680330296,0.327795732153539,10
2019-06-10T10:00:00Z,318.814466521205,13.7181206565828,654.181913808464,0.5,5,0.613218708698673,0.169800224362995,318.008172203614,0.570888646580524,10
2019-06-10T11:00:00Z,319.362013921974,13.9152433684242,682.822289465088,0.919751943638101,5,0.63678649150835,0.169814585537386,318.451590687949,0.370084223286913,10
2019-06-10T12:00:00Z,320.07150918146,14.8314825627464,684.352368665041,1.88735206838211,5,0.638048583421817,0.1698289479264,318.918562593921,-0.555016932973027,10
2019-06-10T13:00:00Z,322.339912986662,15.083762489749,658.711402218742,1.12476478750361,5,0.617007099122305,0.169843311530141,319.386782229416,-0.78388148888929,10
2019-06-10T14:00:00Z,322.485679186438,15.0348125560572,606.917421043634,1.25202936549808,5,0.57358546408078,0.169857676348711,319.833946017008,-0.75994151776896,10
2019-06-10T15:00:00Z,319.420217607567,14.941544508874,531.026816979866,2.05287421889024,5,0.507876811593996,0.169872042382212,320.23767380474,-0.670573974331179,10
2019-06-10T16:00:00Z,319.773131734204,14.6846486460431,434.052697253415,2.67835418194036,5,0.42061739423078,0.169886409630748,320.575678573952,-0.401517842493895,10
2019-06-10T17:00:00Z,318.328372359676,14.3301496308285,319.845254183673,3.15999394093499,5,0.313778859577086,0.169900778094421,320.826409558551,-0.0507429860513818,10
2019-06-10T18:00:00Z,321.412803000718,14.325778728438,192.938899852597,2.72148281212345,5,0.191073060228607,0.169915147773333,320.970287640034,-0.0253819554207289,10
2019-06-10T19:00:00Z,320.932737754931,14.0747493172041,58.3722349931021,2.75907351001358,5,0.0580945654299182,0.169929518667589,320.991445552489,0.219860320505423,10
2019-06-10T20:00:00Z,323.015205942135,14.1861294947211,0,1.91843996899037,5,0,0.16994389077729,320.879610599251,0.105169890853126,10
2019-06-10T21:00:00Z,322.580103482456,14.7112510883546,0,1.93568946462513,5,0,0.169958264102539,320.709666708474,-0.414907724684168,10
2019-06-10T22:00:00Z,320.340377954972,14.4260800277171,0,1.42416936910588,5,0,0.169972638643439,320.539708444371,-0.138090623633842,10
2019-06-10T23:00:00Z,317.54713746197,14.0080011625602,0,0.654116739394608,5,0,0.169987014400094,320.369735805728,0.292566014553735,10
2019-06-11T00:00:00Z,316.351103883573,13.528014999906,0,0.523421465909269,5,0,0.170001391372605,320.199748791327,0.773888398534297,10
2019-06-11T01:00:00Z,314.131682057688,13.6398994947055,0,1.0460285407134,5,0,0.170015769561075,320.029747399955,0.660633117600511,10
2019-06-11T02:00:00Z,316.928337953621,13.6284379475445,0,0.5,5,0,0.170030148965608,319.859731630394,0.674033535355039,10
2019-06-11T03:00:00Z,317.900449553506,13.5557498865301,0,0.5,5,0,0.170044529586307,319.689701481428,0.736917923850751,10
2019-06-11T04:00:00Z,320.123072833155,13.8547066350188,35.2329248657007,0.5,5,0.035076483637411,0.170058911423273,319.519656951842,0.459645282654893,10
2019-06-11T05:00:00Z,318.784293531618,14.0648222489915,143.340728608604,0.5,5,0.142300925565042,0.17007329447661,319.384674524056,0.22656935649114,10
2019-06-11T06:00:00Z,316.035317371882,13.7000720798929,245.767562827915,0.5,5,0.242571457881049,0.170087678746422,319.356902155144,0.629713339091381,10
2019-06-11T07:00:00Z,316.922854750475,13.8807955042068,338.453983084876,0.5,5,0.331450350583428,0.17010206423281,319.429385934279,0.444195848018589,10
2019-06-11T08:00:00Z,318.372432482744,14.1741876285875,417.726583126834,0.5,5,0.405595135888812,0.170116450935878,319.590734220629,0.14101001766502,10
2019-06-11T09:00:00Z,315.598335903401,13.8578705933383,480.443581624325,0.5,5,0.462793625622161,0.170130838855728,319.826212905583,0.43985912029413,10
2019-06-11T10:00:00Z,319.894488196123,13.9882468820953,524.119339216269,0.5,5,0.501773520378916,0.170145227992464,320.118875692349,0.328514356180994,10
2019-06-11T11:00:00Z,318.462114898048,14.056243102563,547.022870925765,0.5,5,0.521913208729805,0.170159618346188,320.450503984735,0.240875021584946,10
2019-06-11T12:00:00Z,320.339650454032,14.6458771587253,548.246449640727,0.5,5,0.522976366208316,0.170174009917003,320.802257575119,-0.333576594943633,10
2019-06-11T13:00:00Z,320.126289608155,14.4996793727953,527.741581723255,0.5,5,0.504954290958736,0.170188402705013,321.15505993141,-0.175521463197544,10
2019-06-11T14:00:00Z,323.117263801056,14.7335705680333,486.320928939863,1.11849815095936,5,0.468056309859388,0.17020279671032,321.489825819664,-0.407664481645587,10
2019-06-11T15:00:00Z,324.800927393391,14.7467436096855,425.626100541415,1.67486466504366,5,0.412850584139092,0.170217191933027,321.787679332813,-0.427663914837031,10
2019-06-11T16:00:00Z,325.364828653768,14.461587480639,348.062591977241,2.0383646875088,5,0.340520105329238,0.170231588373237,322.030312725019,-0.143969118177452,10
2019-06-11T17:00:00Z,324.316384565359,13.9096576929658,256.704448793033,2.02816776966937,5,0.25315543976016,0.170245986031053,322.200601241975,0.414227829895674,10
2019-06-11T18:00:00Z,323.501823709774,13.7012336257468,155.172434132661,1.96639141616414,5,0.153964921854258,0.170260384906579,322.283510695704,0.60534852251252,10
2019-06-11T19:00:00Z,322.46658281312,14.1915139282355,47.4905283857429,1.76696765958157,5,0.0472725430442536,0.170274784999916,322.267215232652,0.128473721076061,10
2019-06-11T20:00:00Z,325.226444558048,14.4695704055019,0,1.2930909367839,5,0,0.170289186311169,322.144212990696,-0.126445134002779,10
2019-06-11T21:00:00Z,327.473681070119,14.5110111697778,0,1.55362178125536,5,0,0.170303588840439,321.973923804385,-0.202142166604005,10
2019-06-11T22:00:00Z,325.498042299918,14.6096534734882,0,0.90190110034963,5,0,0.170317992587831,321.803620215545,-0.265862361980722,10
2019-06-11T23:00:00Z,326.052662817078,14.2223489329675,0,0.94112659361879,5,0,0.170332397553447,321.633302222957,0.111682121447401,10
2019-06-12T00:00:00Z,320.103927200531,13.8665927124815,0,0.5,5,0,0.17034680373739,321.462969825403,0.459802845652525,10
2019-06-12T01:00:00Z,318.674770211778,13.5376057488954,0,0.5,5,0,0.170361211139763,321.292623021666,0.81602042001072,10
2019-06-12T02:00:00Z,318.59879137847,13.2574267730834,0,0.648656982057425,5,0,0.170375619760669,321.122261810526,1.07467123074186,10
2019-06-12T03:00:00Z,318.685377281898,13.2231654409194,0,0.5,5,0,0.170390029600212,320.951886190766,1.12952581239625,10
2019-06-12T04:00:00Z,322.904341298676,13.9253711523806,45.3252223133158,0.5,5,0.0451184312343764,0.170404440658494,320.781496161165,0.409876894118728,10
2019-06-12T05:00:00Z,321.685733709736,14.3615082579014,181.660613879007,0.5,5,0.180004752891167,0.170418852935619,320.656210151741,-0.0197240038703545,10
2019-06-12T06:00:00Z,320.742102083872,14.5975015984082,310.807967789414,0.5,5,0.305111464958523,0.170433266431689,320.665796051697,-0.265745107862576,10
2019-06-12T07:00:00Z,319.787815391768,14.7177874488861,427.657117216596,0.5,5,0.414604823766627,0.170447681146808,320.800474250224,-0.388320818950543,10
2019-06-12T08:00:00Z,319.159339845684,14.6771729645386,527.584516813348,0.5,5,0.504575519213026,0.170462097081078,321.044631392844,-0.357177218951536,10
2019-06-12T09:00:00Z,322.725318730829,14.5444647281717,606.636189458497,0.5,5,0.572936666733511,0.170476514234603,321.378744814975,-0.20943541513467,10
2019-06-12T10:00:00Z,321.292490058471,14.3125790287111,661.684179193109,0.5,5,0.618919460356186,0.170490932607486,321.781204967474,0.0371924269537334,10
2019-06-12T11:00:00Z,322.428960498476,14.5738024861167,690.55031973991,0.5,5,0.642454298101159,0.170505352199831,322.229633495223,-0.241074319149103,10
2019-06-12T12:00:00Z,326.176052111862,15.1163780964782,692.092421271492,0.5,5,0.643660171858714,0.170519773011739,322.701582441124,-0.782972724186767,10
2019-06-12T13:00:00Z,329.245990971214,15.405007216311,666.249465146334,0.772596114866473,5,0.622558775391079,0.170534195043315,323.174722839971,-1.06314627270851,10
2019-06-12T14:00:00Z,332.545645225753,15.7975618672588,614.044018324794,1.51528575097604,5,0.579054576056399,0.170548618294662,323.626747420319,-1.44847052519116,10
2019-06-12T15:00:00Z,328.695018393697,15.3108142305438,537.541771930289,1.84885783259715,5,0.513183656602662,0.170563042765882,324.035253378081,-0.96701023739913,10
2019-06-12T16:00:00Z,324.502889693896,15.0131589899497,439.769804953996,2.19955160958119,5,0.425598513311905,0.170577468457079,324.377873991918,-0.65103531149386,10
2019-06-12T17:00:00Z,323.874296187564,14.51399934177,324.596807285538,2.25900696679447,5,0.318186291219023,0.170591895368356,324.632895036773,-0.159823017510888,10
2019-06-12T18:00:00Z,321.751067384283,14.253557470692,196.580001464439,2.40631994396272,5,0.194611299499981,0.170606323499816,324.780489432624,0.0985821046976361,10
2019-06-12T19:00:00Z,323.611178129487,14.2784844638425,60.7848202287154,2.35180171139634,5,0.0604922548033808,0.170620752851563,324.804494408624,0.0642393751318127,10
2019-06-12T20:00:00Z,321.655219859034,14.0890601962454,0,3.51949764107086,5,0,0.170635183423699,324.694365910576,0.256583400885089,10
2019-06-12T21:00:00Z,324.48976607166,14.5721621666162,0,3.71844655201435,5,0,0.170649615216329,324.523730727152,-0.21130379334801,10
2019-06-12T22:00:00Z,323.642588875487,14.3727809809738,0,4.03347393489238,5,0,0.170664048229554,324.353081111936,-0.0186046155998634,10
2019-06-12T23:00:00Z,323.249300752517,14.2298464758146,0,3.56814985997189,5,0,0.170678482463479,324.182417063706,0.139965156873601,10
2019-06-13T00:00:00Z,322.586662034969,14.0862592485124,0,3.15874690278164,5,0,0.170692917918206,324.011738581243,0.257403815439134,10
2019-06-13T01:00:00Z,323.241202607656,13.821693674093,0,3.96437895834156,5,0,0.170707354593839,323.841045663324,0.542908253912945,10
2019-06-13T02:00:00Z,320.906449912615,13.5457878210341,0,3.19020008568858,5,0,0.170721792490482,323.670338308731,0.81146560451603,10
2019-06-13T03:00:00Z,322.169924874653,13.8628383129596,0,2.52305840217147,5,0,0.170736231608236,323.49961651624,0.515545397793385,10
2019-06-13T04:00:00Z,325.870918461217,14.4090707622679,53.987243555804,2.1179129483151,5,0.0537334236050134,0.170750671947206,323.328880284632,-0.0397989818480435,10
2019-06-13T05:00:00Z,325.444808964014,14.7180469244957,213.548220693214,2.30485700556809,5,0.211168435273217,0.170765113507495,323.21186303629,-0.36204822269742,10
2019-06-13T06:00:00Z,322.536867326042,14.6661273817469,364.671710786249,0.811598664101112,5,0.355900290503921,0.170779556289207,323.252266358056,-0.311707964960147,10
2019-06-13T07:00:00Z,323.101596453256,14.651960940288,501.386685438507,1.60884403810487,5,0.480853050588607,0.170794000292444,323.43738709227,-0.280914921421755,10
2019-06-13T08:00:00Z,325.984916021258,14.7487291514875,618.291409980151,1.13537926214435,5,0.58188208829623,0.170808445517309,323.747446142567,-0.38179936426564,10
2019-06-13T09:00:00Z,327.530285700093,14.8012085030399,710.766870983935,0.726222445892775,5,0.657415957649682,0.170822891963907,324.158519785345,-0.430796834035271,10
2019-06-13T10:00:00Z,328.207015921695,14.8550300766313,775.159277743438,0.80774424539023,5,0.707520875587948,0.17083733963234,324.645112851031,-0.484187395037437,10
2019-06-13T11:00:00Z,330.684684333789,15.0619487590172,808.924426911866,1.4002175267003,5,0.732898725780934,0.170851788522712,325.181796386987,-0.681648633430609,10
2019-06-13T12:00:00Z,331.694464391588,15.2549645475382,810.728226321487,1.40260467007693,5,0.734132658428816,0.170866238635127,325.743843324245,-0.890712894819992,10
2019-06-13T13:00:00Z,331.521532350591,15.3269303594729,780.499406194917,1.02456055750673,5,0.711288736079304,0.170880689969686,326.307109744039,-0.915971263438213,10
2019-06-13T14:00:00Z,333.685813125426,15.4222705367256,719.432335079724,1.28006576679357,5,0.663884839421336,0.170895142526495,326.847517790148,-1.04182972780172,10
2019-06-13T15:00:00Z,335.382285761425,15.4677283099605,629.93982924616,1.87626108074845,5,0.591227814236927,0.170909596305656,327.340507487043,-1.09434204842394,10
2019-06-13T16:00:00Z,335.630982349319,14.9515713022824,515.55782009224,2.65362224660932,5,0.493116921346034,0.170924051307273,327.760825704974,-0.573019037236897,10
2019-06-13T17:00:00Z,333.784699090784,14.539367797194,380.805646234848,3.46863190600469,5,0.370831474771739,0.170938507531448,328.083018575013,-0.152696491915612,10
2019-06-13T18:00:00Z,328.274275678404,14.078943586082,231.007490275143,3.51420028250985,5,0.228123949389799,0.170952964978287,328.282911542253,0.309898165849942,10
2019-06-13T19:00:00Z,329.256804542603,14.4991365187027,72.0820154362501,4.27681988776937,5,0.0717166962975479,0.17096742364789,328.340082526665,-0.133135079391765,10
2019-06-13T20:00:00Z,330.950717831278,14.6437694079082,0,4.79906693912045,5,0,0.170981883540364,328.240831799315,-0.279430766755015,10
2019-06-13T21:00:00Z,329.889502052633,14.5264414298392,0,4.49457952196738,5,0,0.17099634465581,328.069849915774,-0.141090498933875,10
2019-06-13T22:00:00Z,330.50446043828,14.4474139695029,0,4.68686258495395,5,0,0.171010806994332,327.898853571118,-0.0515459477223359,10
2019-06-13T23:00:00Z,329.66032140024,14.554636494724,0,4.84246789618841,5,0,0.171025270556033,327.727842764124,-0.164224086393088,10
2019-06-14T00:00:00Z,329.178176387959,14.1763595125899,0,3.88305824851492,5,0,0.171039735341018,327.556817493568,0.223895743144603,10
2019-06-14T01:00:00Z,330.32671672301,14.1926965002893,0,4.14029311007937,5,0,0.171054201349389,327.385777758227,0.20258538429203,10
2019-06-14T02:00:00Z,331.45829635594,14.2451539137789,0,3.6780082145422,5,0,0.17106866858125,327.214723556877,0.151462007419754,10
2019-06-14T03:00:00Z,332.203165061558,14.1073871362031,0,3.47662600179216,5,0,0.171083137036704,327.043654888296,0.303164732077081,10
2019-06-14T04:00:00Z,333.186478211528,14.4287018455518,29.521014161043,3.05563800728768,5,0.0293912092581609,0.171097606715856,326.872571751259,-0.0443229212841906,10
2019-06-14T05:00:00Z,333.437997907632,14.5046585214373,115.441767220487,2.4428348923256,5,0.11470586830701,0.171112077618808,326.730865353802,-0.116320877934075,10
2019-06-14T06:00:00Z,331.464452623532,14.7319755582518,196.807199074144,2.86424570066595,5,0.194761921355098,0.171126549745663,326.67445914449,-0.330590435510149,10
2019-06-14T07:00:00Z,333.606575232003,15.0524773817917,270.406637483835,3.26405374710301,5,0.266137553820795,0.171141023096527,326.698094516099,-0.651187396797232,10
2019-06-14T08:00:00Z,330.580900877991,15.0118677753887,333.335855577484,2.73323626319597,5,0.326105370724446,0.171155497671501,326.793091046824,-0.633739458314594,10
2019-06-14T09:00:00Z,330.786873011322,15.0529537759384,383.111672366549,2.77236682257094,5,0.372697414354058,0.171169973470689,326.948040919877,-0.646325771605568,10
2019-06-14T10:00:00Z,333.99228730901,15.0002146653055,417.76993883275,3.14414543106215,5,0.404635982204602,0.171184450494196,327.149568360761,-0.610613529422559,10
2019-06-14T11:00:00Z,333.158566382488,15.0889655909904,435.943043062386,2.60497384963648,5,0.421192661997016,0.171198928742124,327.383019892471,-0.697471030691958,10
2019-06-14T12:00:00Z,334.484019363095,15.2737684564132,436.913876082983,2.72842099761421,5,0.422045228395954,0.171213408214578,327.633013625726,-0.851497320885467,10
2019-06-14T13:00:00Z,336.059494251786,15.4370563551842,420.644128915454,3.2949133246851,5,0.407186835082278,0.17122788891166,327.883845445907,-1.01920277715131,10
2019-06-14T14:00:00Z,332.570621164841,14.9551189322981,387.775804242794,3.51859868681838,5,0.376917159402022,0.171242370833474,328.119804392078,-0.555100548135594,10
2019-06-14T15:00:00Z,333.59388797787,15.1491630118341,339.605883044981,3.01713849071398,5,0.331918464352145,0.171256853980125,328.325479180646,-0.723746288584753,10
2019-06-14T16:00:00Z,332.98420818471,14.9201839965092,278.035145852292,2.75171011733126,5,0.273392586712263,0.171271338351714,328.486140791018,-0.515480970754883,10
2019-06-14T17:00:00Z,334.121614536798,14.5485284606713,205.493168125524,2.68784159686424,5,0.203208651551431,0.171285823948347,328.588262039379,-0.126991977164915,10
2019-06-14T18:00:00Z,331.020450844569,14.007661016951,124.842449438312,3.02324013002245,5,0.123992295172589,0.171300310770126,328.620184866982,0.418606162959653,10
2019-06-14T19:00:00Z,329.221875364485,14.0494778768021,39.2654595149494,2.41456947426666,5,0.0390882796842732,0.171314798817156,328.572876851385,0.377582152780542,10
2019-06-14T20:00:00Z,328.575588320469,13.9662044587755,0,2.71686068492631,5,0,0.17132928808954,328.440650332252,0.461342100718902,10
2019-06-14T21:00:00Z,327.056821668888,14.5882223864629,0,3.14452563223623,5,0,0.171343778587381,328.269321044162,-0.174845732000976,10
2019-06-14T22:00:00Z,324.036530278539,14.3517292644542,0,2.76499554081002,5,0,0.171358270310783,328.097977265575,0.0603033803641682,10
2019-06-14T23:00:00Z,328.810091216974,14.4944537361334,0,2.95132774380212,5,0,0.171372763259851,327.926618995264,-0.0631644614227388,10
2019-06-15T00:00:00Z,324.544754925007,14.3693532212434,0,3.06781395386792,5,0,0.171387257434686,327.755246232005,0.0499295495669846,10
2019-06-15T01:00:00Z,325.365790866092,14.4441195183315,0,2.70530896397354,5,0,0.171401752835394,327.58385897457,-0.0296938845441373,10
2019-06-15T02:00:00Z,329.28749959984,14.3436432192382,0,2.1820162925565,5,0,0.171416249462078,327.412457221735,0.0686068161789945,10
2019-06-15T03:00:00Z,325.145848057505,14.079067234447,0,1.74795204858482,5,0,0.171430747314842,327.241040972273,0.357698543700127,10
2019-06-15T04:00:00Z,321.840115057526,13.8091793176753,37.682101115152,0.63814613984893,5,0.0375126027329414,0.171445246393788,327.069610224958,0.623401290578762,10
2019-06-15T05:00:00Z,325.514869790086,14.4157651287359,145.915703311843,0.654737658821865,5,0.144770946617711,0.171459746699022,326.935677581297,0.0252810146179052,10
2019-06-15T06:00:00Z,326.88269523954,14.45056413834,248.397971527045,0.643947271561561,5,0.244771935868047,0.171474248230646,326.908988781216,-0.029259762404178,10
2019-06-15T07:00:00Z,324.845379003212,14.0886011583195,341.089520428622,0.512106365029909,5,0.333041163044553,0.171488750988765,326.982286468853,0.342745713953089,10
2019-06-15T08:00:00Z,321.784136475706,13.9301757314844,420.336870350613,0.5,5,0.40631539133324,0.171503254973482,327.143838880909,0.488959059265801,10
2019-06-15T09:00:00Z,322.270418240746,13.7686051517923,483.016450860195,0.5,5,0.462553583757914,0.1715177601849,327.378651017269,0.663507083839633,10
2019-06-15T10:00:00Z,320.752548961903,13.7278884178802,526.6577177106,0.5,5,0.500693153409237,0.171532266623125,327.669686840842,0.696149557629268,10
2019-06-15T11:00:00Z,321.941100982413,13.691400672655,549.540530469133,0.5,5,0.520302460530303,0.171546774288258,327.998847727628,0.746238385988748,10
2019-06-15T12:00:00Z,321.579971751514,13.6109743094537,550.762952636683,1.0170101951637,5,0.521268697527834,0.171561283180405,328.34760341387,0.823649332392843,10
2019-06-15T13:00:00Z,323.678200312091,13.7426609263173,530.276801886111,1.69514940462565,5,0.503611347704565,0.171575793299669,328.697310828218,0.708045090171984,10
2019-06-15T14:00:00Z,321.742457622675,13.7877381935727,488.889549190637,1.62717370804218,5,0.467463032357335,0.171590304646153,329.029346382623,0.652934051248309,10
2019-06-15T15:00:00Z,325.003865205376,13.7583573055797,428.232491987245,1.66339600263208,5,0.41322247587225,0.171604817219962,329.325219110334,0.676352889512102,10
2019-06-15T16:00:00Z,321.245963656405,13.3627177432085,350.696455844347,1.98886064087029,5,0.341848330450585,0.1716193310212,329.566836768986,1.05987988348676,10
2019-06-15T17:00:00Z,319.97989925948,13.2512402466372,259.337558981827,1.92747425165579,5,0.255215012666897,0.171633846049969,329.737065768416,1.18548154057358,10
2019-06-15T18:00:00Z,318.856859072591,13.229631313241,157.756753977859,1.77631818818158,5,0.156397294666652,0.171648362306375,329.820646935032,1.20700781169339,10
2019-06-15T19:00:00Z,317.040070735297,13.1586657055956,49.9578945810531,2.5660355683079,5,0.0497231293206859,0.17166287979052,329.805395867393,1.29656348484752,10
2019-06-15T20:00:00Z,321.588328222918,13.4357298759286,0,2.15977410807516,5,0,0.171677398502509,329.683456116923,1.01384375666789,10
2019-06-15T21:00:00Z,323.025865107564,13.7864570496346,0,2.26971048635533,5,0,0.171691918442445,329.511778718421,0.653914886744817,10
2019-06-15T22:00:00Z,325.161279486224,14.1127842170344,0,1.50469047734554,5,0,0.171706439610432,329.340086799978,0.336994932372553,10
2019-06-15T23:00:00Z,323.834578234824,13.8941254794282,0,1.33899428330133,5,0,0.171720962006575,329.168380360368,0.555965997990219,10
2019-06-16T00:00:00Z,321.99287527045,13.4119171605912,0,1.34934167405137,5,0,0.171735485630977,328.996659398361,1.04137611712995,10
2019-06-16T01:00:00Z,324.550966189627,13.4508637983399,0,1.53549465474654,5,0,0.171750010483742,328.82492391273,0.997411079523662,10
2019-06-16T02:00:00Z,323.359740215795,13.4461968874349,0,0.737838683746608,5,0,0.171764536564973,328.653173902246,1.01815299229579,10
2019-06-16T03:00:00Z,322.441704662239,13.6813702283848,0,0.5,5,0,0.171779063874776,328.481409365681,0.785475125481425,10
2019-06-16T04:00:00Z,326.287431284915,14.2127864966938,56.2605207296394,0.5,5,0.0559885151626808,0.171793592413253,328.309630301807,0.230508950655075,10
2019-06-16T05:00:00Z,329.063462020773,14.8585993849489,216.065507656598,0.5,5,0.213320381054992,0.171808122180508,328.193825224556,-0.392388196285876,10
2019-06-16T06:00:00Z,329.763721833596,14.9940555130219,367.362357741223,0.5,5,0.356966722016438,0.171822653176646,328.23533748343,-0.544025483188759,10
2019-06-16T07:00:00Z,329.384976961957,14.6983714558739,504.193367145011,0.5,5,0.479708419972515,0.171837185401771,328.42048155227,-0.237402779309237,10
2019-06-16T08:00:00Z,325.958215105071,13.9957862497755,621.170461830101,0.5,5,0.577739412983418,0.171851718855986,328.728352786841,0.474223202536363,10
2019-06-16T09:00:00Z,326.715047746595,14.0810811912327,713.687366876474,0.5,5,0.650115347314099,0.171866253539395,329.134240480968,0.385110241352926,10
2019-06-16T10:00:00Z,326.133527616853,14.0306178175863,778.100990441751,0.725022085933907,5,0.697570285023567,0.171880789452102,329.612489574743,0.431797738238327,10
2019-06-16T11:00:00Z,326.70102445398,14.1626662705462,811.874879902151,1.00187341762084,5,0.721338884249091,0.171895326594212,330.138179070315,0.302045099309164,10
2019-06-16T12:00:00Z,330.625865521495,14.8360819592902,813.679101218949,1.02308757917141,5,0.722317896293828,0.171909864965827,330.68762262797,-0.34857490689835,10
2019-06-16T13:00:00Z,333.478828053488,15.2468241863967,783.44260852266,1.57396864028608,5,0.70063690586049,0.171924404567054,331.238030659297,-0.766207839483143,10
2019-06-16T14:00:00Z,336.926611773036,15.4582829153928,722.356041727458,1.89228666807823,5,0.65561300696672,0.171938945397994,331.766743160591,-0.990678837897367,10
2019-06-16T15:00:00Z,335.656953764694,15.3858132632691,632.824842012544,1.5390403427859,5,0.586087907983457,0.171953487458752,332.25041722216,-0.920271182184285,10
2019-06-16T16:00:00Z,339.081729621008,15.4898454379371,518.374531369346,1.55794995129409,5,0.491183383079435,0.171968030749433,332.664551642685,-1.00142868926448,10
2019-06-16T17:00:00Z,336.745197165712,14.9778256892752,383.511886076787,1.21867559100395,5,0.371449499644979,0.17198257527014,332.983766995014,-0.505676442022909,10
2019-06-16T18:00:00Z,334.846636212851,14.9279064072332,233.547470757201,1.93596208406408,5,0.230138759754527,0.171997121020977,333.183233919389,-0.451378479052027,10
2019-06-16T19:00:00Z,332.770424256299,14.6871073035254,74.3865211923571,2.78461133701363,5,0.0739905387211261,0.172011668002049,333.241375558123,-0.200263366478848,10
2019-06-16T20:00:00Z,336.126556434224,14.8474322559071,0,3.85827188078759,5,0,0.172026216213459,333.143354428842,-0.37856479813436,10
2019-06-16T21:00:00Z,342.412531408106,15.5863372948337,0,4.69449408869182,5,0,0.172040765655311,332.971328212629,-1.11444209568286,10
2019-06-16T22:00:00Z,342.111692090047,15.7305265233289,0,4.17223617480204,5,0,0.17205531632771,332.799287446974,-1.25684758417163,10
2019-06-16T23:00:00Z,340.904320855635,15.7539560720246,0,3.36927656079086,5,0,0.17206986823076,332.627232130646,-1.27349279026351,10
2019-06-17T00:00:00Z,335.579021155925,15.1765098114101,0,2.79095125053078,5,0,0.172084421364564,332.455162262415,-0.720675436044554,10
2019-06-17T01:00:00Z,329.594819882805,14.8495341540475,0,2.98656751551221,5,0,0.172098975729227,332.283077841051,-0.372465868413396,10
2019-06-17T02:00:00Z,330.973612151344,14.8471072674865,0,2.18293485760161,5,0,0.172113531324852,332.110978865322,-0.357535311837507,10
2019-06-17T03:00:00Z,333.084735796336,14.8516423136762,0,1.5290175340532,5,0,0.172128088151545,331.938865333997,-0.364774238323037,10
2019-06-17T04:00:00Z,335.018083468778,15.1145338661953,58.21527843625,0.907759479886098,5,0.057927962045102,0.172142646209409,331.766737245845,-0.626027464627496,10
2019-06-17T05:00:00Z,339.37651275229,15.4108520691616,222.069741284352,0.558057668096337,5,0.218951935122275,0.172157205498548,331.652522561681,-0.940470723287834,10
2019-06-17T06:00:00Z,338.318574214995,15.0085085235303,377.186585181113,0.688853381741417,5,0.365125322643229,0.172171766019066,331.699317291305,-0.518843306989485,10
2019-06-17T07:00:00Z,337.347786325051,14.9307051685555,517.46253884308,0.5,5,0.488929798900539,0.172186327771068,331.892270847929,-0.443102666984321,10
2019-06-17T08:00:00Z,338.087766495113,14.6325961492322,637.378264858297,0.5,5,0.586783628786231,0.172200890754658,332.209014319058,-0.142392767999903,10
2019-06-17T09:00:00Z,336.147660234373,14.589854808699,732.215525099702,0.5,5,0.65827267690491,0.172215454969939,332.62359705709,-0.0896769060796196,10
2019-06-17T10:00:00Z,335.192969090318,14.3632366303723,798.242825859121,0.5,5,0.704706851392892,0.172230020417016,333.109654279024,0.14374421110317,10
2019-06-17T11:00:00Z,336.976325521062,14.1776006002207,832.862238255813,0.862610035779076,5,0.727771311197341,0.172244587095994,333.64213111,0.313629091058748,10
2019-06-17T12:00:00Z,340.358075756712,14.9207533929012,834.711617082185,1.36070433111078,5,0.728616340601034,0.172259155006976,334.197657834102,-0.431728105692847,10
2019-06-17T13:00:00Z,342.976385377733,15.2172324063218,803.718196155019,1.68194494121639,5,0.707409220025719,0.172273724150066,334.754015019696,-0.723459814719255,10
2019-06-17T14:00:00Z,343.684492949207,15.5707344770333,741.10145139433,2.55287034629867,5,0.663283355131405,0.172288294525369,335.289150515572,-1.06549081763181,10
2019-06-17T15:00:00Z,340.962385705045,15.0341851130682,649.325118978347,3.21975380320134,5,0.594678837119403,0.172302866132989,335.780145576178,-0.53662098512993,10
2019-06-17T16:00:00Z,337.144150969479,14.4014685060994,532.000256481887,3.07864267053745,5,0.500145731976645,0.172317438973031,336.202521547164,0.0943556811896219,10
2019-06-17T17:00:00Z,335.645118856197,14.069001427418,393.743161182029,4.46140529393384,5,0.37964173348911,0.172332013045598,336.530349840168,0.43172430904941,10
2019-06-17T18:00:00Z,331.929296827231,13.6896091713243,239.993735917686,4.38199587132877,5,0.236076340934787,0.172346588350794,336.737659560611,0.826430330704077,10
2019-06-17T19:00:00Z,334.191716131737,14.0916070597003,76.8014491314188,4.05455800345402,5,0.0763777950443249,0.172361164888724,336.801389313195,0.402936426026679,10
2019-06-17T20:00:00Z,334.710679990411,14.2424613533728,0,4.26262796215477,5,0,0.172375742659493,336.705405943351,0.259430932887185,10
2019-06-17T21:00:00Z,336.12406134861,14.7451929403794,0,4.28948291215843,5,0,0.172390321663204,336.533030200691,-0.249500970061175,10
2019-06-17T22:00:00Z,335.208335424744,14.8810886746799,0,4.16722801089387,5,0,0.172404901899962,336.360639879028,-0.351201232121893,10
2019-06-17T23:00:00Z,334.089741574957,14.863017438391,0,3.28974992726341,5,0,0.172419483369871,336.188234977128,-0.358998059791361,10
2019-06-18T00:00:00Z,334.170948611654,14.7020561437735,0,3.01881361571522,5,0,0.172434066073035,336.015815493759,-0.182995602918737,10
2019-06-18T01:00:00Z,334.562316444684,14.308542553137,0,2.82988228022095,5,0,0.172448650009559,335.843381427686,0.203086616178919,10
2019-06-18T02:00:00Z,336.871352973222,14.509977845492,0,3.40583979687544,5,0,0.172463235179547,335.670932777676,0.000768531677765999,10
2019-06-18T03:00:00Z,337.396172270203,14.6393237875288,0,2.67104062263021,5,0,0.172477821583103,335.498469542496,-0.12918987778155,10
2019-06-18T04:00:00Z,338.954101107882,14.7953070199826,25.348432524714,2.63377466400326,5,0.0252368540747867,0.172492409220332,335.325991720913,-0.288343235403449,10
2019-06-18T05:00:00Z,340.883579596088,15.0991266289743,96.1858717918179,1.96715691540872,5,0.0955774813735086,0.172506998091338,335.178736165768,-0.569460865463556,10
2019-06-18T06:00:00Z,340.365832609795,15.0904920651733,163.241131562918,1.88865385692381,5,0.161574116462222,0.172521588196225,335.10180664905,-0.566732758629518,10
2019-06-18T07:00:00Z,337.64417891581,14.9804514032311,223.877493743341,1.3632748774666,5,0.220420801294625,0.172536179535097,335.090859177316,-0.461390096151168,10
2019-06-18T08:00:00Z,335.742628432695,14.2709110667405,275.710641369703,0.516482997133783,5,0.269870593327838,0.17255077210806,335.138743799075,0.238139799764848,10
2019-06-18T09:00:00Z,334.408327366331,13.838129532733,316.702413696421,0.5,5,0.308293515046656,0.172565365915217,335.236063620295,0.6782563266114,10
2019-06-18T10:00:00Z,329.401172856738,13.0519123844526,345.240949876254,0.5,5,0.334626527119939,0.172579960956673,335.371791769426,1.48011855238001,10
2019-06-18T11:00:00Z,331.46478739864,13.3779173671877,360.204069859529,0.677500871784744,5,0.348263483837299,0.172594557232532,335.533838335589,1.13588749933142,10
2019-06-18T12:00:00Z,331.983787580764,13.474996400094,361.003400275574,1.23391141364086,5,0.348940302708195,0.172609154742898,335.709507262194,1.04428489668078,10
2019-06-18T13:00:00Z,329.711462236927,13.3006387677109,347.607510197438,0.784603337571856,5,0.336659683241915,0.172623753487877,335.885838410159,1.23344296410481,10
2019-06-18T14:00:00Z,327.240007398238,13.443813910042,320.543147055283,1.19602067042637,5,0.311680453807217,0.172638353467572,336.049874339913,1.0874997541689,10
2019-06-18T15:00:00Z,330.516077093269,13.7311144171592,280.874524100409,1.6979802974036,5,0.274575267017941,0.172652954682087,336.188916440253,0.791635001101208,10
2019-06-18T16:00:00Z,331.555594185504,13.8867577810928,230.161473869338,2.81600076296173,5,0.226338533211333,0.172667557131528,336.290838752589,0.659768370108121,10
2019-06-18T17:00:00Z,333.726664243055,13.7476677798295,170.398113119455,2.84512163341472,5,0.168505087891609,0.172682160815999,336.344509728668,0.77167455081906,10
2019-06-18T18:00:00Z,331.551620420599,13.4737306470238,103.934431027233,3.43966315594694,5,0.103224137728467,0.172696765735604,336.340332655744,1.07292612749522,10
2019-06-18T19:00:00Z,333.857253317515,13.4965798640473,33.3838839242039,3.57266729165063,5,0.0332327723540567,0.172711371890448,336.270860027736,1.04531186412463,10
2019-06-18T20:00:00Z,339.852015300958,14.3020689829299,0,4.01003444979069,5,0,0.172725979280634,336.1313814282,0.21195530658654,10
2019-06-18T21:00:00Z,341.888259800484,14.7650512103292,0,4.00402108649261,5,0,0.172740587906269,335.958655448919,-0.22559955950432,10
2019-06-18T22:00:00Z,342.202012926329,14.892776259289,0,3.89526081305888,5,0,0.172755197767455,335.785914861013,-0.347266008084793,10
2019-06-18T23:00:00Z,338.626449377226,15.1495647716054,0,3.56501203636133,5,0,0.172769808864298,335.613159663246,-0.618731578145843,10
2019-06-19T00:00:00Z,338.101333161534,14.7575839554772,0,3.28103149086873,5,0,0.172784421196902,335.440389854381,-0.217690618109504,10
2019-06-19T01:00:00Z,339.11523545304,15.0842706541682,0,2.95351979370899,5,0,0.172799034765371,335.267605433185,-0.559255833567654,10
2019-06-19T02:00:00Z,335.538583940917,14.8876084815087,0,2.49999104733935,5,0,0.172813649569811,335.094806398419,-0.354184152027623,10
2019-06-19T03:00:00Z,334.952418214902,14.9928267795902,0,2.07123420960693,5,0,0.172828265610326,334.921992748849,-0.447709112365985,10
2019-06-19T04:00:00Z,338.615239450947,15.2279413994003,39.357877227806,2.10514968101997,5,0.0391748895151722,0.172842882887019,334.749164483239,-0.680229519835001,10
2019-06-19T05:00:00Z,336.895263264922,15.4033778511499,148.772321302605,1.74530231352943,5,0.147308885247954,0.172857501399997,334.615496489867,-0.857864463301903,10
2019-06-19T06:00:00Z,334.559640792274,15.310771589545,252.339500765839,1.19340377839282,5,0.247244077994038,0.172872121149362,334.589947873715,-0.771015892829319,10
2019-06-19T07:00:00Z,336.346901400225,15.0563346530916,345.988868770535,1.06395096773812,5,0.334268370854865,0.172886742135221,334.66431983056,-0.501646491736367,10
2019-06-19T08:00:00Z,334.922162111895,14.8319807246959,426.039682617818,0.538776983670691,5,0.405339410429403,0.172901364357677,334.82570145928,-0.268705679100123,10
2019-06-19T09:00:00Z,338.032019372171,14.9872432871633,489.345669621763,1.4032002524937,5,0.458975867963239,0.172915987816835,335.058139505351,-0.442001645481474,10
2019-06-19T10:00:00Z,341.041425167155,15.1616528156842,533.418686461975,2.66129534810687,5,0.494795147878251,0.1729306125128,335.344199385498,-0.608587747101737,10
2019-06-19T11:00:00Z,345.891205217648,15.5095025367449,556.526511785463,2.88811890029421,5,0.512957967557104,0.172945238445676,335.666063920863,-0.961063299640684,10
2019-06-19T12:00:00Z,346.450453138963,15.4735189614873,557.760928471721,3.19390409670269,5,0.513713589981263,0.172959865615568,336.006076649975,-0.919327949331086,10
2019-06-19T13:00:00Z,343.923556291368,15.7139778748162,537.073419693546,3.12205649808386,5,0.497139833407132,0.17297449402258,336.346830374341,-1.15612031894945,10
2019-06-19T14:00:00Z,340.16761157161,15.7109598447391,495.277075795436,3.6300449993623,5,0.463107888910365,0.172989123666818,336.670995713725,-1.15448125038569,10
2019-06-19T15:00:00Z,338.980231584592,15.963710215515,434.014637042708,4.40660295008063,5,0.411477318696573,0.173003754548385,336.961114478968,-1.40850771521283,10
2019-06-19T16:00:00Z,337.576537318705,15.8141166710342,355.69392827133,5.04487990528971,5,0.342507563257457,0.173018386667387,337.199588043117,-1.25882894450515,10
2019-06-19T17:00:00Z,333.14115867725,15.4028272998766,263.393223079118,5.27564697327838,5,0.257418603349347,0.173033020023927,337.369077219707,-0.841236858102976,10
2019-06-19T18:00:00Z,334.036484098484,15.309257122776,160.740257071508,5.9653473166491,5,0.158930680203157,0.173047654618112,337.453462803032,-0.748764334849555,10
2019-06-19T19:00:00Z,333.666612305964,15.3978868324604,51.7696453580386,6.75681490917647,5,0.0515110832178228,0.173062290450045,337.439345828618,-0.839581318748096,10
2019-06-19T20:00:00Z,331.620181324891,15.6317391586432,0,6.5376647774585,5,0,0.173076927519831,337.317794621386,-1.06296553594672,10
2019-06-19T21:00:00Z,331.547728755454,15.5508190614706,0,6.53940079717545,5,0,0.173091565827575,337.144717693866,-0.980531779864757,10
2019-06-19T22:00:00Z,332.360758846349,15.7610446085156,0,6.75076140158772,5,0,0.173106205373381,336.971626128038,-1.19184223914019,10
2019-06-19T23:00:00Z,332.803176088405,15.4138017985931,0,6.25220005938848,5,0,0.173120846157355,336.798519922665,-0.856062597805321,10
2019-06-20T00:00:00Z,329.05670756065,14.8804362646747,0,5.87755298607764,5,0,0.1731354881796,336.625399076507,-0.306411567681764,10
2019-06-20T01:00:00Z,331.693978008734,14.8208437150258,0,4.93845648536169,5,0,0.173150131440222,336.452263588328,-0.245335553253731,10
2019-06-20T02:00:00Z,330.150392292947,14.5699489841918,0,4.10333626695404,5,0,0.173164775939326,336.279113456887,-0.000280271380430353,10
2019-06-20T03:00:00Z,334.024827757295,14.5968754280058,0,2.65839788781347,5,0,0.173179421677015,336.105948680948,-0.0175891072846772,10
2019-06-20T04:00:00Z,334.295515212334,14.5523896902653,42.8057029699304,2.01511147197006,5,0.0426006775274008,0.173194068653396,335.932769259271,0.0352538720594726,10
2019-06-20T05:00:00Z,335.609368729261,14.5544318944332,161.41150298424,1.51394964209727,5,0.159508208772182,0.173208716868572,335.802175868145,0.0250961301987318,10
2019-06-20T06:00:00Z,335.833127231535,14.6503690998433,273.675137060283,1.77811392510476,5,0.266647363273286,0.173223366322649,335.788475360049,-0.065218036110164,10
2019-06-20T07:00:00Z,336.211246447918,14.485048943225,375.185552807246,1.20064000498521,5,0.358731713678055,0.173238017015731,335.881899357,0.106526791363064,10
2019-06-20T08:00:00Z,334.409809931054,14.359547732542,461.954212300465,1.17168592325787,5,0.43276586445517,0.173252668947923,336.067393053662,0.23704113679629,10
2019-06-20T09:00:00Z,333.668618889925,14.0846081054112,530.571809346931,1.10485244073567,5,0.487754633650666,0.17326732211933,336.326906249169,0.491834596457462,10
2019-06-20T10:00:00Z,332.390539690605,14.2188568132537,578.342227630844,1.15344214643237,5,0.523956110564279,0.173281976530056,336.641393560701,0.359564841600406,10
2019-06-20T11:00:00Z,336.655048675534,14.5962258163098,603.38847626806,1.51122827600248,5,0.542087929846845,0.173296632180207,336.992067694735,-0.0157650042271049,10
2019-06-20T12:00:00Z,339.449297151263,15.2356261255466,604.726440359384,2.5075061033309,5,0.542731675806829,0.173311289069887,337.360858992401,-0.639615359668128,10
2019-06-20T13:00:00Z,338.038097684886,15.3700219136481,582.303548742728,2.38978055646767,5,0.526011972535288,0.173325947199201,337.730279379138,-0.77795473404031,10
2019-06-20T14:00:00Z,337.602118867405,15.2894584440302,537.000839614372,3.08431271216098,5,0.491551582797572,0.173340606568254,338.082965404474,-0.692380652002657,10
2019-06-20T15:00:00Z,339.150625247557,15.3108052805917,470.598342857153,3.17343150714762,5,0.438704431878188,0.173355267177151,338.401176380704,-0.71904106254828,10
2019-06-20T16:00:00Z,339.726603846531,15.2896823310704,385.705139269918,3.05183303234915,5,0.367080656668421,0.173369929025997,338.666525545405,-0.702566941706132,10
2019-06-20T17:00:00Z,339.117981308217,14.9786674330359,285.656844804611,3.7265760416165,5,0.277328822242029,0.173384592114896,338.860236273047,-0.401978948914865,10
2019-06-20T18:00:00Z,335.249490110019,14.3040086877166,174.384547850897,3.40093839556564,5,0.171982516738315,0.173399256443953,338.964180503174,0.271444796876828,10
2019-06-20T19:00:00Z,333.317707725465,14.0188242080856,56.2603492725,3.14421520313012,5,0.0559640936011176,0.173413922013274,338.962763763468,0.595038003827312,10
2019-06-20T20:00:00Z,335.805473946252,14.7775490834628,0,3.63366931553597,5,0,0.173428588822963,338.845313935056,-0.182509470138243,10
2019-06-20T21:00:00Z,335.711633990415,15.1871948411265,0,3.52743948058096,5,0,0.173443256873125,338.671885346233,-0.585362622060853,10
2019-06-20T22:00:00Z,334.44585566752,14.9216149821009,0,4.04244929625379,5,0,0.173457926163865,338.49844208936,-0.31717004524489,10
2019-06-20T23:00:00Z,333.799330218266,14.7572040386031,0,4.92516106956971,5,0,0.173472596695289,338.324984163197,-0.143990826235236,10
2019-06-21T00:00:00Z,329.69854027437,13.9726912512608,0,4.63267825959897,5,0,0.1734872684675,338.151511566501,0.633643436172805,10
2019-06-21T01:00:00Z,329.213700705402,13.6652202676279,0,4.53618402053693,5,0,0.173501941480603,337.978024298034,0.936293435741756,10
2019-06-21T02:00:00Z,326.795613186783,13.3465171691035,0,4.13890488970021,5,0,0.173516615734705,337.804522356553,1.26341158605803,10
2019-06-21T03:00:00Z,329.343781447896,13.4153650006038,0,3.46690492576699,5,0,0.173531291229909,337.631005740819,1.19185803331748,10
2019-06-21T04:00:00Z,326.191432826138,12.9955154767575,56.2704524914745,2.77877590706991,5,0.0559706938956544,0.173545967966321,337.457474449589,1.60319797398338,10
2019-06-21T05:00:00Z,327.291980231929,13.2220262221321,211.963533269163,2.92686501274813,5,0.207880284839346,0.173560645944046,337.339899175519,1.39380869713092,10
2019-06-21T06:00:00Z,330.395324259553,13.7500216624941,359.32921039498,2.99037835712081,5,0.342716013015215,0.173575325163188,337.374218814414,0.859122751007342,10
2019-06-21T07:00:00Z,335.297709523163,13.8416457179593,492.577933850906,3.02788302413098,5,0.45305134867104,0.173590005623853,337.543359502266,0.766757223031092,10
2019-06-21T08:00:00Z,332.045407137678,13.495871426832,606.474765866277,3.33748703264531,5,0.536786993695854,0.173604687326146,337.822820845313,1.10492113501428,10
2019-06-21T09:00:00Z,335.429108790543,13.7366310585987,696.545045728314,2.87790603238412,5,0.595501349441343,0.173619370270171,338.186003151683,0.886099492897668,10
2019-06-21T10:00:00Z,338.798732859117,14.1008121829511,759.250185615422,2.55124769846263,5,0.632236034404584,0.173634054456034,338.607885130854,0.507789015948557,10
2019-06-21T11:00:00Z,340.887749848484,14.5879800789136,792.126690968735,2.8590030530112,5,0.649834087520374,0.17364873988384,339.066487110803,0.0247772884536273,10
2019-06-21T12:00:00Z,343.577870624839,15.077409385165,793.882943713589,3.39233291656367,5,0.650037865285561,0.173663426553694,339.542672458439,-0.462689045788649,10
2019-06-21T13:00:00Z,343.351924541081,15.1816718322817,764.449946012027,4.2168887454234,5,0.633121575871538,0.1736781144657,340.019046897172,-0.565991721130369,10
2019-06-21T14:00:00Z,346.069288505009,15.4571380184802,704.984030978361,5.17636939698516,5,0.59783938832282,0.173692803619964,340.478490358577,-0.834081428312715,10
2019-06-21T15:00:00Z,347.316310107868,15.3195213081325,617.821433862002,5.55160555080559,5,0.541661046538438,0.173707494016592,340.90263694328,-0.691752069742532,10
2019-06-21T16:00:00Z,345.763781708468,15.0128043233947,506.386508457865,5.34499866123675,5,0.461486892343937,0.173722185655687,341.270590495802,-0.387438092512311,10
2019-06-21T17:00:00Z,343.568907752554,14.8212080325356,375.057194642887,5.05671771633253,5,0.355141178532194,0.173736878537355,341.558355202491,-0.214669893918211,10
2019-06-21T18:00:00Z,340.147136804574,14.3207392696112,228.993022410714,4.81151007021062,5,0.223659516687289,0.173751572661701,341.739759502486,0.277667136306155,10
2019-06-21T19:00:00Z,341.874629482488,14.7127750647477,73.9324096037622,5.49213829735791,5,0.0734667714168923,0.173766268028831,341.789667446511,-0.0926752385254761,10
2019-06-21T20:00:00Z,344.68827482832,15.0342681519652,0,5.62824976423944,5,0,0.173780964638849,341.689367949899,-0.411080836811513,10
2019-06-21T21:00:00Z,344.055598121306,15.3593268524324,0,6.11811204227643,5,0,0.173795662491861,341.515586985261,-0.734567481859012,10
2019-06-21T22:00:00Z,344.878045044081,15.2547505716407,0,5.5682340246903,5,0,0.173810361587972,341.341791322769,-0.641177718579247,10
2019-06-21T23:00:00Z,342.780004978687,14.6577945596117,0,5.21755648081602,5,0,0.173825061927286,341.167980961181,-0.0358381520554397,10
2019-06-22T00:00:00Z,342.456853747129,14.1515932255585,0,5.09892674666842,5,0,0.173839763509909,340.994155899253,0.46021559475535,10
2019-06-22T01:00:00Z,336.394277764343,13.5230666577037,0,4.81218257245366,5,0,0.173854466335946,340.820316135744,1.13457316448113,10
2019-06-22T02:00:00Z,336.001472172118,13.2034790653526,0,3.85693591749817,5,0,0.173869170405502,340.646461669408,1.43448701742957,10
2019-06-22T03:00:00Z,333.84032260714,13.5123674387688,0,2.80487947416304,5,0,0.173883875718683,340.472592499003,1.12132102184192,10
2019-06-22T04:00:00Z,335.47369158681,13.8205429941552,26.4041247146372,1.41110134412778,5,0.0262843480796359,0.173898582275594,340.298708623284,0.795555611166211,10
2019-06-22T05:00:00Z,337.011581007571,13.8704020457566,99.4954321227622,1.43425759335854,5,0.0986784234633781,0.173913290076339,340.151094389088,0.763180120531785,10
2019-06-22T06:00:00Z,340.693672406911,14.4661574761134,168.677702113078,1.50281232827192,5,0.16604658387081,0.173927999121024,340.075859522475,0.179546833988562,10
2019-06-22T07:00:00Z,338.349246921184,14.344167383171,231.232859330049,1.3983156623854,5,0.225345030445974,0.173942709409755,340.067978107225,0.302364552229463,10
2019-06-22T08:00:00Z,338.860761249929,14.1830993418762,284.703198479866,2.26045916761258,5,0.27439591169436,0.173957420942636,340.11938042826,0.461441578359037,10
2019-06-22T09:00:00Z,336.465384125507,13.8005236822231,326.987944159877,2.44281652521252,5,0.311890820624357,0.173972133719772,340.219818919012,0.854826839507415,10
2019-06-22T10:00:00Z,335.955035050736,13.5926874931217,356.425787408062,2.38888450514188,5,0.337206658273012,0.17398684774127,340.357737605917,1.03170186582738,10
2019-06-22T11:00:00Z,338.359245115655,13.7666110279763,371.860156226071,3.13385930759942,5,0.35014569079198,0.174001563007233,340.520957416449,0.866114454612829,10
2019-06-22T12:00:00Z,338.789533845289,13.8109462809385,372.6846556876,3.85253956120571,5,0.350701624271239,0.174016279517768,340.697101544233,0.833862040348325,10
2019-06-22T13:00:00Z,345.228949660637,14.5576371927499,358.866892353297,3.87048490169596,5,0.338916288758772,0.17403099727298,340.873786888986,0.0901058444468897,10
2019-06-22T14:00:00Z,342.534699662543,14.5099691964487,330.949746964036,4.24669853781125,5,0.314856760021249,0.174045716272974,341.038672180472,0.13220648484866,10
2019-06-22T15:00:00Z,346.95300997796,14.8502302619659,290.030045410178,4.95899928252596,5,0.27871856016496,0.174060436517854,341.179483224221,-0.189501800703859,10
2019-06-22T16:00:00Z,345.630028077665,14.4333031678275,237.715465964856,5.64699419715293,5,0.231037969348358,0.174075158007728,341.284141347868,0.196270874483556,10
2019-06-22T17:00:00Z,341.805244771328,14.1766838115093,176.061375836248,5.8000348338585,5,0.172963030492556,0.174089880742699,341.341104159209,0.46442307984256,10
2019-06-22T18:00:00Z,337.995295963668,13.8674714019047,107.490078643041,5.38924212040767,5,0.106488493125596,0.174104604722873,341.339977308959,0.801067780309166,10
2019-06-22T19:00:00Z,336.717287279522,13.9446176025343,34.695645467667,6.15940140264357,5,0.0345293659506604,0.174119329948355,341.272361197362,0.718055897807264,10
2019-06-22T20:00:00Z,342.232333837046,14.5223594902159,0,6.15470203341739,5,0,0.174134056419251,341.132771233364,0.117463454167707,10
2019-06-22T21:00:00Z,347.117964839069,15.2104149560058,0,5.79400938877759,5,0,0.174148784135667,340.958637176944,-0.545929673244259,10
2019-06-22T22:00:00Z,341.385684257233,15.0930050685476,0,5.4161125155698,5,0,0.174163513097707,340.784488392809,-0.431849446067473,10
2019-06-22T23:00:00Z,343.454628699132,14.9339521220303,0,4.90896949563221,5,0,0.174178243305476,340.610324879712,-0.288511338713382,10
2019-06-23T00:00:00Z,343.382975699819,14.8054554671233,0,3.80846030112545,5,0,0.174192974759081,340.436146636406,-0.141859705578616,10
2019-06-23T01:00:00Z,341.982238679452,14.6138014814301,0,3.35035837064879,5,0,0.174207707458626,340.261953661647,0.0563784646697415,10
2019-06-23T02:00:00Z,339.521940706767,14.6296430277221,0,3.37280525281154,5,0,0.174222441404217,340.087745954189,0.0229059823188643,10
2019-06-23T03:00:00Z,339.945910189169,14.7486940530421,0,3.94025679713427,5,0,0.174237176595959,339.913523512784,-0.0797473338162888,10
2019-06-23T04:00:00Z,340.359559863208,15.1580619553865,59.421353646278,3.31001896799908,5,0.0590690157687313,0.174251913033958,339.739286336188,-0.505419289869359,10
2019-06-23T05:00:00Z,344.85660511848,15.843841632953,224.299440768922,2.89969844612644,5,0.218105389743273,0.174266650718319,339.624103438923,-1.17229436420978,10
2019-06-23T06:00:00Z,344.415272554731,15.9285413517221,380.363265917985,2.93380829669665,5,0.354308817138396,0.174281389649147,339.667942177948,-1.27087176893169,10
2019-06-23T07:00:00Z,341.748978936087,15.5662739674121,521.480012022022,2.70253440295149,5,0.459915333392625,0.174296129826548,339.847969605437,-0.901281422254675,10
2019-06-23T08:00:00Z,339.860284709387,14.8993099215824,642.10423516572,2.42069732995798,5,0.535254288835203,0.174310871250628,340.133588809003,-0.239727275427428,10
2019-06-23T09:00:00Z,339.070598701498,14.7363402291957,737.495783079846,2.33790140989199,5,0.58496676955017,0.174325613921491,340.494532226588,-0.0581135556214255,10
2019-06-23T10:00:00Z,338.478120446123,14.6879603321297,803.906068204404,2.59336929397026,5,0.614427012748172,0.174340357839244,340.905173382217,-0.0169048201638863,10
2019-06-23T11:00:00Z,337.338780911822,14.5750914961439,838.725375379957,1.88284646823724,5,0.627816023772035,0.174355103003991,341.345260037126,0.103643937827475,10
2019-06-23T12:00:00Z,340.414571385974,14.8017995869705,840.585415438542,1.95403623882583,5,0.627460400108297,0.174369849415838,341.798720957893,-0.120626219871703,10
2019-06-23T13:00:00Z,342.891673016011,15.1228603563002,809.413094660881,2.40410894731688,5,0.613707291132663,0.174384597074891,342.251811508586,-0.446655767714939,10
2019-06-23T14:00:00Z,344.365409395502,15.608720464883,746.433387129466,3.02344813778365,5,0.584903796923468,0.174399345981255,342.691134202644,-0.932133028483856,10
2019-06-23T15:00:00Z,346.879034358568,15.7669185647903,654.121197103076,2.99331674117087,5,0.537422737231165,0.174414096135036,343.101638653586,-1.08416897104218,10
2019-06-23T16:00:00Z,348.07607466576,15.3705861269534,536.104103069909,3.10431703804308,5,0.466064685074175,0.174428847536339,343.464647294682,-0.684697110387902,10
2019-06-23T17:00:00Z,347.671613280132,15.4054593546924,397.01980533186,2.70199869761268,5,0.36558152648934,0.174443600185269,343.75628313222,-0.724378135086236,10
2019-06-23T18:00:00Z,344.589823160384,14.9549006452114,242.33387898119,3.15928788112323,5,0.234079306254905,0.174458354081932,343.947421058524,-0.268213603390517,10
2019-06-23T19:00:00Z,344.984499420605,15.2683391876523,78.1249940039081,3.58435396487039,5,0.077540362503025,0.174473109226435,344.007042010697,-0.576581908007029,10
2019-06-23T20:00:00Z,344.994520748996,15.4150622290206,0,3.59537751441139,5,0,0.174487865618881,343.910109263974,-0.723263297982346,10
2019-06-23T21:00:00Z,346.610675232115,15.5350374592575,0,3.54795027750821,5,0,0.174502623259377,343.735621398355,-0.835690820032083,10
2019-06-23T22:00:00Z,345.102641688744,15.5066162401974,0,2.32618715928537,5,0,0.174517382148028,343.561118775095,-0.838028384986131,10
2019-06-23T23:00:00Z,343.654213123054,15.3253502058446,0,2.72951782647691,5,0,0.17453214228494,343.386601392947,-0.633151132497917,10
2019-06-24T00:00:00Z,342.04583059522,14.9006908195102,0,2.31371048671876,5,0,0.174546903670219,343.212069250662,-0.20914319294375,10
2019-06-24T01:00:00Z,340.479179864281,14.6644095696569,0,1.73506620533573,5,0,0.17456166630397,343.037522346992,0.0191760130238249,10
2019-06-24T02:00:00Z,340.82757509872,14.6133871116905,0,1.41237116004964,5,0,0.174576430186298,342.862960680689,0.0715837378762714,10
2019-06-24T03:00:00Z,338.660000086005,14.6849312269962,0,1.34598675947279,5,0,0.174591195317309,342.688384250502,0.0140614797603495,10
2019-06-24T04:00:00Z,341.187708947908,15.0354291242716,57.5461771883338,1.71641507958093,5,0.0571931807270024,0.17460596169711,342.513793055185,-0.343983377250627,10
2019-06-24T05:00:00Z,345.138015642965,14.9412703230483,217.903764628584,1.6161371172203,5,0.211245669859255,0.174620729325804,342.396380274215,-0.247622988019544,10
2019-06-24T06:00:00Z,346.842254796783,15.6231191492418,369.695188246845,0.94673873611768,5,0.341524372147259,0.174635498203499,342.433005214748,-0.920547068141507,10
2019-06-24T07:00:00Z,346.142831830079,15.3057993948592,506.953271644381,0.833815132075096,5,0.440653646356361,0.1746502683303,342.599894088692,-0.595617342753723,10
2019-06-24T08:00:00Z,344.088464755915,15.1562094644474,624.282168492977,0.9015229872584,5,0.509886034506068,0.174665039706311,342.865897466718,-0.435541289264416,10
2019-06-24T09:00:00Z,343.426424822661,14.8060677414149,717.069482337841,1.09181614071463,5,0.554639554720198,0.17467981233164,343.201118461518,-0.0971190779840326,10
2019-06-24T10:00:00Z,340.396224440295,14.4902193264479,781.667587667078,1.72114179818803,5,0.580679312120299,0.174694586206392,343.581078203906,0.232300653007153,10
2019-06-24T11:00:00Z,342.004194837128,14.4108662692788,815.537024211225,1.96001168240253,5,0.592295642786804,0.174709361330671,343.98706292982,0.305599939808429,10
2019-06-24T12:00:00Z,344.958028504692,14.8398508217236,817.346327401553,1.96909941595087,5,0.591813952453739,0.174724137704585,344.404649211276,-0.131515619265087,10
2019-06-24T13:00:00Z,344.538199350827,14.730075528434,787.024370483744,2.95429896508339,5,0.579575005896805,0.174738915328239,344.821739026025,-0.0212848016730593,10
2019-06-24T14:00:00Z,350.975271485024,15.2439355495644,725.763160630339,4.5032185124776,5,0.553928528820445,0.174753694201738,345.226575116594,-0.517126406843143,10
2019-06-24T15:00:00Z,348.175981963542,14.8486620789506,635.970979132082,4.70125323349171,5,0.511178934653655,0.174768474325188,345.605749951213,-0.150041377624687,10
2019-06-24T16:00:00Z,346.826818133209,14.6516410604494,521.177707806109,5.39509716188834,5,0.445820260096206,0.174783255698695,345.942160411541,0.0590033839545043,10
2019-06-24T17:00:00Z,348.318767887945,14.7515492282305,385.896063399267,6.07392052362765,5,0.35189866299829,0.174798038322364,346.213197415939,-0.0383754893169405,10
2019-06-24T18:00:00Z,348.849446484583,14.9417616441198,235.444195095772,6.58748150313908,5,0.226539687434812,0.174812822196302,346.390298040615,-0.252661888745826,10
2019-06-24T19:00:00Z,349.677417723322,14.8993876426444,75.7366191198353,6.43186841690806,5,0.0751391240650899,0.174827607320613,346.442024905853,-0.189155301654691,10
2019-06-24T20:00:00Z,348.958845814563,14.5815757582607,0,6.63996727700203,5,0,0.174842393695405,346.342336422597,0.136890151126104,10
2019-06-24T21:00:00Z,352.723577682483,14.7539056112792,0,6.97687802121297,5,0,0.174857181320782,346.167494028902,-0.0659450218662339,10
2019-06-24T22:00:00Z,350.709504134664,14.6393902545738,0,7.94840804739689,5,0,0.174871970196851,345.992636847581,0.0817884724620845,10
2019-06-24T23:00:00Z,348.540304492436,14.3401934753348,0,7.69228698581165,5,0,0.174886760323716,345.817764877384,0.375701684004015,10
2019-06-25T00:00:00Z,346.833749627571,14.2517622845862,0,7.23290181511267,5,0,0.174901551701485,345.64287811706,0.472665048018358,10
2019-06-25T01:00:00Z,347.674344919353,13.777838544362,0,6.30531996074994,5,0,0.174916344330262,345.467976565359,0.950588166938484,10
2019-06-25T02:00:00Z,344.385629946831,13.6653480582811,0,5.79345412172256,5,0,0.174931138210153,345.293060221028,1.07139089258212,10
2019-06-25T03:00:00Z,345.02141794004,13.8330600373858,0,5.59212422989841,5,0,0.174945933341265,345.118129082819,0.873836051052807,10
2019-06-25T04:00:00Z,344.826815639507,14.0646445056261,23.9184078177671,5.40414449656092,5,0.0238072462759111,0.174960729723703,344.943183149478,0.660772787536209,10
2019-06-25T05:00:00Z,343.801659132632,14.3515529562292,90.9829330295743,4.60420866353565,5,0.0900829199777228,0.174975527357573,344.792029666029,0.368367605467337,10
2019-06-25T06:00:00Z,345.353859049886,14.7840917596131,154.468817122308,4.2920090842473,5,0.15131617724084,0.174990326242981,344.70713705865,-0.056290767148746,10
2019-06-25T07:00:00Z,343.815367856474,14.6574782502396,211.878963247911,3.61686976699766,5,0.204601206129312,0.175005126380032,344.683462909648,0.069980313999715,10
2019-06-25T08:00:00Z,342.843083559301,14.6065271508768,260.955252188462,3.69776688425989,5,0.248069506680087,0.175019927768833,344.713058989397,0.111713856265854,10
2019-06-25T09:00:00Z,340.433195456634,14.1538340837928,299.76736119302,3.74280393281859,5,0.28082560763702,0.17503473040949,344.786108568308,0.559347722405213,10
2019-06-25T10:00:00Z,343.540156596919,14.1810814729683,326.788689562128,4.36180451689774,5,0.302659062044826,0.175049534302107,344.891899445535,0.572621664276682,10
2019-06-25T11:00:00Z,345.142991503249,14.1788570506693,340.956404591081,4.59381345957529,5,0.313696155366635,0.175064339446792,345.019508973278,0.541648892497133,10
2019-06-25T12:00:00Z,347.663514646031,14.4385194605533,341.713246078679,5.25400281237001,5,0.314113430434576,0.17507914584365,345.158140789198,0.299230755379402,10
2019-06-25T13:00:00Z,348.002138976694,14.8089848302379,329.029445100378,5.76489205043829,5,0.303972113090587,0.175093953492787,345.297175073789,-0.0838234620705926,10
2019-06-25T14:00:00Z,349.48941092892,14.8237637477782,303.40389491248,5.67457217463049,5,0.283192138006991,0.175108762394308,345.426053233387,-0.0711863427288229,10
2019-06-25T15:00:00Z,350.285310527003,14.4648404856837,265.844527932064,5.31967154422738,5,0.251669770855053,0.175123572548321,345.534136609,0.256236526519684,10
2019-06-25T16:00:00Z,345.716335702635,14.1400089504961,217.828670626926,5.57229307255023,5,0.209532398273092,0.17513838395493,345.610682807306,0.591105126765376,10
2019-06-25T17:00:00Z,338.420512695748,13.4743250546639,161.244935680766,6.71591820541604,5,0.157491565811301,0.175153196614242,345.645076821625,1.25473443146992,10
2019-06-25T18:00:00Z,335.684878672974,13.0146895604716,98.3189369950761,7.13674821599111,5,0.0971897476673221,0.175168010526362,345.627415190822,1.7283132531912,10
2019-06-25T19:00:00Z,339.321643234462,13.3554046007221,31.5257493872629,7.35303064817713,5,0.0313677135129165,0.175182825691397,345.549436927963,1.38343726976255,10
2019-06-25T20:00:00Z,341.894342832263,13.9691323558043,0,7.51303891036734,5,0,0.175197642109453,345.405621815784,0.799718243780371,10
2019-06-25T21:00:00Z,344.290171600855,14.2308826494998,0,7.84085307096994,5,0,0.175212459780635,345.230424173675,0.515323469230447,10
2019-06-25T22:00:00Z,343.914652733278,14.6874599899454,0,8.22548333423534,5,0,0.17522727870505,345.055211713894,0.0733569136092191,10
2019-06-25T23:00:00Z,342.556987089977,14.7243299783294,0,8.19753402346463,5,0,0.175242098882803,344.879984435189,0.0326281083618543,10
2019-06-26T00:00:00Z,342.590760294791,14.2716610326238,0,8.23511549710356,5,0,0.175256920314,344.704742336306,0.485195757681477,10
2019-06-26T01:00:00Z,341.848830444857,14.1683532674316,0,8.10800022119434,5,0,0.175271742998748,344.529485415992,0.588055542047165,10
2019-06-26T02:00:00Z,343.360268710273,14.5785149829141,0,8.11242776342056,5,0,0.175286566937153,344.354213672993,0.176723035557788,10
2019-06-26T03:00:00Z,344.5061823082,14.6168282808303,0,8.007831304125,5,0,0.17530139212932,344.178927106056,0.129788360077361,10
2019-06-26T04:00:00Z,349.462146516842,15.4038624392758,40.2402984751204,6.76056227504059,5,0.040016217698574,0.175316218575356,344.003625713927,-0.652292880726726,10
2019-06-26T05:00:00Z,348.577167087799,16.0866570043858,153.991779691156,5.97082463124661,5,0.150424179843155,0.175331046275366,343.86832571305,-1.32571720906002,10
2019-06-26T06:00:00Z,350.738599556808,16.8774804091533,261.681973677144,5.49939590769219,5,0.246777051232208,0.175345875229457,343.843418846618,-2.14473873431361,10
2019-06-26T07:00:00Z,349.747112120379,16.4449861798386,359.072074966213,5.22562089014823,5,0.323591113212929,0.175360705437735,343.914850022621,-1.70479059272335,10
2019-06-26T08:00:00Z,350.852009510325,15.9664888398055,442.328701163143,5.90124049572788,5,0.380147563529906,0.175375536900306,344.063080430396,-1.21069391898439,10
2019-06-26T09:00:00Z,347.537003812331,15.4056075657296,508.174779126781,5.98318019990105,5,0.418638471008049,0.175390369617276,344.267852457025,-0.663017941401755,10
2019-06-26T10:00:00Z,345.985264315087,14.9823632747588,554.018534203247,6.44772541918859,5,0.442095527707794,0.175405203588751,344.511100558416,-0.218728227751411,10
2019-06-26T11:00:00Z,346.088640294149,15.0280028143688,578.05550535066,6.41567982122603,5,0.453068120526239,0.175420038814836,344.777790882536,-0.259552627597536,10
2019-06-26T12:00:00Z,347.392162243097,15.502611244712,579.339570726952,6.65398711696963,5,0.453034804031212,0.17543487529564,345.055438964247,-0.728765303110639,10
2019-06-26T13:00:00Z,347.012261570225,15.5565751210526,557.820188094847,6.78138986397533,5,0.442215139533402,0.175449713031266,345.333038892982,-0.779189021123267,10
2019-06-26T14:00:00Z,344.225659526468,15.2592135130651,514.34438422037,6.94331104501428,5,0.419542784295252,0.175464552021822,345.599804319484,-0.486045008771865,10
2019-06-26T15:00:00Z,345.869767499044,15.4068616278028,450.623414959964,7.92814860781409,5,0.382768856429153,0.175479392267414,345.843882551758,-0.632651399376665,10
2019-06-26T16:00:00Z,346.63093265224,15.1552872358676,369.165408332142,8.22242450648322,5,0.328890749681561,0.175494233768147,346.05117201592,-0.382888809815354,10
2019-06-26T17:00:00Z,342.977643886659,14.8489644478501,273.176641817096,8.48165866943223,5,0.255279091441082,0.175509076524128,346.204568531833,-0.0773730944119062,10
2019-06-26T18:00:00Z,343.818971777667,14.9703504286157,166.435339719217,8.48892233366278,5,0.161732189945427,0.175523920535464,346.284338546749,-0.205931340808736,10
2019-06-26T19:00:00Z,344.566519429899,14.9087212460723,53.1429580683131,8.17394887677781,5,0.0527822556389515,0.175538765802259,346.27054681616,-0.112694922840033,10
2019-06-26T20:00:00Z,344.920652885398,15.2926071540629,0,7.94321016413947,5,0,0.175553612324621,346.147790305996,-0.525532395350057,10
2019-06-26T21:00:00Z,344.486696971659,15.2954100577088,0,7.19140992847942,5,0,0.175568460102656,345.972236693672,-0.502187252385261,10
2019-06-26T22:00:00Z,345.214091937532,15.4166716629079,0,6.87817087093919,5,0,0.17558330913647,345.796668233569,-0.629782414834989,10
2019-06-26T23:00:00Z,345.696709915771,15.1765737127194,0,6.17638810221653,5,0,0.175598159426168,345.621084924433,-0.37747076313648,10
2019-06-27T00:00:00Z,340.315077973059,14.5781262289918,0,6.25286863153226,5,0,0.175613010971858,345.445486765007,0.209190034873527,10
2019-06-27T01:00:00Z,336.942283597292,14.3194961309171,0,6.40819236193288,5,0,0.175627863773646,345.269873754035,0.457555395676946,10
2019-06-27T02:00:00Z,337.297818386115,14.0386599998045,0,5.39002717773464,5,0,0.175642717831637,345.094245890261,0.740742565127021,10
2019-06-27T03:00:00Z,337.11595112887,14.1724573253134,0,4.35689336101525,5,0,0.175657573145938,344.918603172429,0.597685909941979,10
2019-06-27T04:00:00Z,344.701880679092,14.8764158383033,35.1611317376767,3.73125853438019,5,0.0349700667727112,0.175672429716655,344.742945599284,-0.08103869519942,10
2019-06-27T05:00:00Z,344.543424554586,15.1292748892558,135.566942603961,3.35862884584486,5,0.132652222450044,0.175687287543895,344.60224323634,-0.342562710982936,10
2019-06-27T06:00:00Z,346.92347527297,15.057673274117,230.631999410653,3.14956353104458,5,0.21851114178993,0.175702146627764,344.559208171246,-0.27075100766973,10
2019-06-27T07:00:00Z,346.568868160927,14.8342838089766,316.611148078793,3.31881110267281,5,0.287701014257936,0.175717006968368,344.602017166408,-0.0447664182695945,10
2019-06-27T08:00:00Z,344.533127201047,14.614695077874,390.117180204402,2.8085265255166,5,0.33928914521492,0.175731868565813,344.714001173698,0.168968510484956,10
2019-06-27T09:00:00Z,346.657268577117,14.6410823243049,448.25427449109,2.95586226198334,5,0.374849935424164,0.175746731420205,344.877558450347,0.145933541073834,10
2019-06-27T10:00:00Z,345.757820049123,14.3523718122132,488.732079645535,2.82058746857825,5,0.396786282381262,0.175761595531652,345.076661654351,0.447895097857253,10
2019-06-27T11:00:00Z,347.353996512268,14.6297114225638,509.955944360792,2.79614461405929,5,0.407189631131798,0.175776460900259,345.297686341201,0.177147649800824,10
2019-06-27T12:00:00Z,351.607804093116,15.0849008617805,511.08973971442,3.3356020270838,5,0.407289745698494,0.175791327526133,345.529099511433,-0.289317848717788,10
2019-06-27T13:00:00Z,352.802178234251,15.0996709374928,492.088799049331,3.72699683173035,5,0.397259083384242,0.175806195409379,345.760597929605,-0.300966953920189,10
2019-06-27T14:00:00Z,355.263976458365,15.4308392083912,453.701677647838,4.38094151626249,5,0.376187224464543,0.175821064550105,345.98205081758,-0.631015961207478,10
2019-06-27T15:00:00Z,353.942811977555,15.220762765147,397.440662875305,4.36199998578423,5,0.342203156150356,0.175835934948416,346.182416977495,-0.420125006149731,10
2019-06-27T16:00:00Z,351.366364576402,14.9592103760485,325.522196566825,4.70775077237796,5,0.292901561231724,0.17585080660442,346.348784198697,-0.161628534928328,10
2019-06-27T17:00:00Z,352.086444883787,15.0440922374669,240.779556758467,4.87984831164108,5,0.226345585678797,0.175865679518221,346.465834953324,-0.237120874295624,10
2019-06-27T18:00:00Z,350.195997967494,14.6536299331326,146.551238727054,5.48605701253112,5,0.142752977625401,0.175880553689928,346.516314859484,0.155927984844267,10
2019-06-27T19:00:00Z,352.268682774773,14.8907712866304,46.5494326451203,5.53584540975879,5,0.0462464445781011,0.175895429119646,346.48318728342,-0.0849722905904619,10
2019-06-27T20:00:00Z,351.893210450792,14.8390399441893,0,5.16064837981069,5,0,0.175910305807481,346.353538298878,-0.0285189103881727,10
2019-06-27T21:00:00Z,352.693698260056,15.1953598470348,0,5.34235629233883,5,0,0.17592518375354,346.177627993071,-0.394798560138388,10
2019-06-27T22:00:00Z,351.013933883357,15.4617333687139,0,5.33567012679561,5,0,0.175940062957929,346.001702809317,-0.652306191157869,10
2019-06-27T23:00:00Z,351.528715866978,15.4092663421554,0,5.36251059054176,5,0,0.175954943420756,345.825762746359,-0.594302869939292,10
2019-06-28T00:00:00Z,350.512238506767,15.2936411567573,0,5.04019547383119,5,0,0.175969825142125,345.649807802939,-0.484713312873619,10
2019-06-28T01:00:00Z,350.072224935627,15.1705978212257,0,4.2491876950062,5,0,0.175984708122144,345.473837977797,-0.360588580421285,10
2019-06-28T02:00:00Z,350.334853955325,15.2742263697346,0,3.18552507699434,5,0,0.17599959236092,345.297853269674,-0.466376588203191,10
2019-06-28T03:00:00Z,350.933188543118,15.6187733648299,0,3.2579699111444,5,0,0.176014477858558,345.121853677314,-0.799289287204985,10
2019-06-28T04:00:00Z,350.786816330342,15.6127069561022,54.0536514946537,3.27957821335263,5,0.0536514904000834,0.176029364615165,344.945839199455,-0.795157595285051,10
2019-06-28T05:00:00Z,353.466063337974,15.9723813996477,210.299253149801,2.96710886323093,5,0.199750475620756,0.176044252630847,344.82346132524,-1.12940995763561,10
2019-06-28T06:00:00Z,356.564271014065,16.2659342194931,358.251312736941,1.70392618724683,5,0.313348748123761,0.176059141905712,344.84716754823,-1.44977916966974,10
2019-06-28T07:00:00Z,353.774830438662,16.1756358693814,492.075065691501,1.55289417933649,5,0.390008784174689,0.176074032439865,344.984457154448,-1.35577012876318,10
2019-06-28T08:00:00Z,350.479690287548,16.0009093370989,606.49292349044,1.89303774918522,5,0.437116138529485,0.176088924233413,345.198391906183,-1.19100936397178,10
2019-06-28T09:00:00Z,352.492487855143,16.1686320596025,696.992605168544,1.76472848416748,5,0.464236757628568,0.176103817286462,345.459419120479,-1.33850326158938,10
2019-06-28T10:00:00Z,349.956073708342,15.9524871539303,760.005087508197,2.08123175193733,5,0.478608206161986,0.17611871159912,345.74755206082,-1.13305932952172,10
2019-06-28T11:00:00Z,350.234635827551,15.8401953925522,793.045356106037,1.90236035277702,5,0.484560963868928,0.176133607171492,346.050041555383,-1.01511374262586,10
2019-06-28T12:00:00Z,351.425825218323,15.8595486942142,794.810406536465,2.46323174672073,5,0.484117786077242,0.176148504003685,346.358468912081,-1.02509543051739,10
2019-06-28T13:00:00Z,352.289791385243,15.88551681961,765.23063075391,2.27284654269581,5,0.477487947082935,0.176163402095807,346.666438194154,-1.04400995231149,10
2019-06-28T14:00:00Z,354.084427386873,16.1138512841045,705.47256221553,2.45114285102569,5,0.463113652742498,0.176178301447962,346.967762739141,-1.28882578978647,10
2019-06-28T15:00:00Z,353.679921968237,16.0097237172331,617.892871465339,3.38442959712051,5,0.437236651459835,0.176193202060258,347.254698090435,-1.18453975424414,10
2019-06-28T16:00:00Z,353.636410206164,15.9466342629993,505.945426449421,3.63905367644155,5,0.393205942346836,0.176208103932802,347.515741539835,-1.11455457892356,10
2019-06-28T17:00:00Z,355.464553480135,15.7966509527509,374.045082811531,4.53313600052279,5,0.321564294794853,0.176223007065699,347.732739378249,-0.953308419276481,10
2019-06-28T18:00:00Z,355.914828941163,15.9071669502916,227.393575852013,4.87429230898897,5,0.213627127360035,0.176237911459057,347.878080665978,-1.0735013614209,10
2019-06-28T19:00:00Z,357.592258816973,16.2066679449111,71.774380424386,5.48337267541082,5,0.0710383089524434,0.176252817112983,347.915469881879,-1.37099728297674,10
2019-06-28T20:00:00Z,357.422694944526,16.2458774284006,0,5.42010967772101,5,0,0.176267724027582,347.810255373719,-1.40301126730566,10
2019-06-28T21:00:00Z,360.015445297298,16.5200689044953,0,5.57522326399356,5,0,0.176282632202961,347.633987649691,-1.67642049759822,10
2019-06-28T22:00:00Z,361.5958814331,16.6469480060033,0,5.56240520711207,5,0,0.176297541639228,347.457705017488,-1.79858108568886,10
2019-06-28T23:00:00Z,356.900266475739,16.0483174209534,0,5.07236774734184,5,0,0.176312452336488,347.281407475849,-1.22909549395031,10
2019-06-29T00:00:00Z,357.418490510266,15.7727149534712,0,5.36650511936865,5,0,0.176327364294849,347.105095023513,-0.944539221736464,10
2019-06-29T01:00:00Z,358.697513277605,15.5804267910638,0,5.29517579312507,5,0,0.176342277514417,346.928767659218,-0.750983575842987,10
2019-06-29T02:00:00Z,354.678249732993,15.2325213820897,0,4.46911275560674,5,0,0.176357191995298,346.752425381703,-0.386251571070957,10
2019-06-29T03:00:00Z,352.045449377519,15.373011614868,0,4.52679192822916,5,0,0.1763721077376,346.576068189708,-0.542829525274799,10
2019-06-29T04:00:00Z,351.289335502955,15.2532817172475,36.3872178648362,3.89654428619527,5,0.0361738688826425,0.176387024741429,346.39969608197,-0.410567799964286,10
2019-06-29T05:00:00Z,355.765631165842,15.5639300820729,143.079211844425,2.43205415520442,5,0.139004665833894,0.176401943006891,346.259482926112,-0.713447516423886,10
2019-06-29T06:00:00Z,356.136770137173,15.7589786064744,244.121781363105,2.11238271254464,5,0.226726724275465,0.176416862534094,346.222085648939,-0.8920695238778,10
2019-06-29T07:00:00Z,353.771568563968,15.7879287089318,335.525301677538,1.59248831954199,5,0.294353397238255,0.176431783323144,346.27239551068,-0.941588902412422,10
2019-06-29T08:00:00Z,352.472908758604,15.2899904481789,413.680741980097,1.4106507306749,5,0.342373191912357,0.176446705374148,346.390317124595,-0.440200153898186,10
2019-06-29T09:00:00Z,347.029976920864,14.5345305911545,475.502166511795,1.2550405708193,5,0.374032030198793,0.176461628687213,346.556243611133,0.319075879408435,10
2019-06-29T10:00:00Z,345.345404473269,14.4146337101508,518.548581480065,0.5,5,0.39291467253652,0.176476553262445,346.753814012645,0.431912841693087,10
2019-06-29T11:00:00Z,345.221057943683,14.400847161888,541.120316705423,0.539110224016107,5,0.40172359813692,0.176491479099951,346.970252131919,0.420907253774477,10
2019-06-29T12:00:00Z,348.818605614317,14.6595884926173,542.326136406909,1.34617477978787,5,0.401902289685745,0.176506406199838,347.195484250956,0.210524292098964,10
2019-06-29T13:00:00Z,347.801153027709,14.6330097130262,522.118429284256,1.05147220162665,5,0.393585519496178,0.176521334562213,347.420880134442,0.219804416938961,10
2019-06-29T14:00:00Z,345.514739734941,14.6647306345935,481.295088430708,2.12892031676078,5,0.375595137906093,0.176536264187182,347.637944319376,0.185600074253552,10
2019-06-29T15:00:00Z,350.407361748748,14.8797045544272,421.468006848898,3.19998909745279,5,0.345457334546521,0.176551195074852,347.837003193094,-0.0180754629541829,10
2019-06-29T16:00:00Z,349.625153373928,14.7833012914635,344.999432511513,3.15469767897043,5,0.299676154339543,0.176566127225331,348.005909332566,0.0705239809740519,10
2019-06-29T17:00:00Z,349.863885161659,14.7138140543929,254.908695961286,4.4391223367888,5,0.234770650666357,0.176581060638724,348.129019359681,0.156637619676271,10
2019-06-29T18:00:00Z,348.640607995076,14.5893530897339,154.752993273087,4.16283219177216,5,0.149563198088851,0.176595995315139,348.187208949708,0.268605903613775,10
2019-06-29T19:00:00Z,348.736303557847,14.8072923769308,48.4869316143159,4.33940254464413,5,0.0481361550568996,0.176610931254682,348.160176152481,0.0650152363142746,10
2019-06-29T20:00:00Z,348.587342025918,15.1086244637114,0,4.18375286535197,5,0,0.17662586845746,348.031701376283,-0.245959892087293,10
2019-06-29T21:00:00Z,352.284625601662,15.652166830117,0,4.63466047809963,5,0,0.176640806923581,347.855075507826,-0.795700544906021,10
2019-06-29T22:00:00Z,355.11696636292,15.9239449155178,0,3.90238070933031,5,0,0.17665574665315,347.678434700902,-1.04907275588246,10
2019-06-29T23:00:00Z,352.417274585132,15.6174722483073,0,3.44592575648468,5,0,0.176670687646276,347.501778954249,-0.724306212060482,10
2019-06-30T00:00:00Z,352.460380213994,15.2427649356214,0,2.49817291912433,5,0,0.176685629903064,347.325108266602,-0.382689862136306,10
2019-06-30T01:00:00Z,352.046183722733,15.0107507047854,0,2.52172180422953,5,0,0.176700573423621,347.148422636699,-0.143908066230475,10
2019-06-30T02:00:00Z,347.672551302122,14.5552673474876,0,2.40135405465992,5,0,0.176715518208055,346.971722063276,0.305538777189386,10
2019-06-30T03:00:00Z,346.026375028717,14.6548948849632,0,1.98424400547762,5,0,0.176730464256473,346.795006545068,0.234774994931353,10
2019-06-30T04:00:00Z,349.746008108372,15.1283389264095,49.9665349352756,1.32014324945434,5,0.0495929298745727,0.17674541156898,346.618276080811,-0.252066179242305,10
2019-06-30T05:00:00Z,347.039556513724,14.9544794900519,198.905494380444,0.658427717792803,5,0.188450920128534,0.176760360145685,346.491123599117,-0.101500476607595,10
2019-06-30T06:00:00Z,349.552478557153,15.3129925841924,339.979951275072,0.544114827714414,5,0.295312188040042,0.176775309986694,346.502814159099,-0.457460333365698,10
2019-06-30T07:00:00Z,350.530955448572,15.539416248451,467.611978123896,0.5,5,0.366501089179861,0.176790261092114,346.621351037153,-0.651274595806724,10
2019-06-30T08:00:00Z,350.734681885896,15.6153769326999,576.755146200501,0.82134024394568,5,0.409833157137001,0.176805213462051,346.811061865241,-0.732385311144131,10
2019-06-30T09:00:00Z,346.585230473891,14.97456237301,663.094055739857,0.5,5,0.434752074504387,0.176820167096614,347.044089808916,-0.113211639944973,10
2019-06-30T10:00:00Z,344.923532036965,14.892549824699,723.21496205684,0.683234579849298,5,0.448139591895602,0.176835121995909,347.302021716324,-0.0220911727030455,10
2019-06-30T11:00:00Z,345.742413841076,15.068928238581,754.740751223335,0.747016647587333,5,0.453996448078138,0.176850078160042,347.573326186223,-0.181194781201015,10
2019-06-30T12:00:00Z,346.888592693808,15.319927709918,756.424928515401,1.02722694140127,5,0.454130119573215,0.176865035589121,347.850472556141,-0.43448014405777,10
2019-06-30T13:00:00Z,351.264008447863,15.7609469900768,728.200903431604,1.4262425441986,5,0.4486538257465,0.176879994283254,348.127737640126,-0.893358598208524,10
2019-06-30T14:00:00Z,354.996621807932,16.320235631176,671.184622607553,2.10261563245565,5,0.436018675800678,0.176894954242545,348.399511471589,-1.42521040279607,10
2019-06-30T15:00:00Z,356.583170284606,16.6186534977519,587.630446524137,2.17516492123527,5,0.412566228949754,0.176909915467104,348.658635193147,-1.73416034149729,10
2019-06-30T16:00:00Z,359.566671716739,16.3409985395368,480.842014595457,2.16135989542867,5,0.371814896415696,0.176924877957036,348.89429150663,-1.4385568363735,10
2019-06-30T17:00:00Z,355.329198682187,15.9203555593021,355.041622931971,2.84723524417891,5,0.304500594829286,0.176939841712449,349.089181525088,-1.02460206650931,10
2019-06-30T18:00:00Z,355.340471295662,16.2954270767754,215.20327943717,3.95543029669002,5,0.202081824827234,0.176954806733451,349.216742278205,-1.39109900194944,10
2019-06-30T19:00:00Z,356.665655508969,16.2562096956345,66.8560370540303,4.38453863047949,5,0.0661811370359524,0.176969773020147,349.241869296299,-1.38209947674551,10
2019-06-30T20:00:00Z,359.468450161752,16.4325517533943,0,4.58285334246351,5,0,0.176984740572644,349.131080660315,-1.53008562470725,10
2019-06-30T21:00:00Z,356.125320034042,16.3687506209881,0,4.56337501666862,5,0,0.176999709391051,348.954095919742,-1.46198738351707,10
2019-06-30T22:00:00Z,357.445317015247,16.3751138318947,0,4.39841009104302,5,0,0.177014679475474,348.777096210351,-1.47237212104407,10
2019-06-30T23:00:00Z,355.504668510513,16.0789105815169,0,3.29955949419563,5,0,0.17702965082602,348.600081530876,-1.19131642431415,10
2019-07-01T00:00:00Z,351.417178314513,15.522982084264,0,3.23187789657714,5,0,0.177044623442797,348.42305188005,-0.623459746480529,10
2019-07-01T01:00:00Z,351.534193394995,15.0938010016514,0,2.6561494739842,5,0,0.17705959732591,348.246007256607,-0.211721291072162,10
2019-07-01T02:00:00Z,347.939521865462,14.8956355568948,0,2.4140371764715,5,0,0.177074572475468,348.068947659281,0.00114714072681821,10
2019-07-01T03:00:00Z,347.517286390996,14.8937582466074,0,2.68853398857923,5,0,0.177089548891578,347.891873086805,0.00250978705623083,10
2019-07-01T04:00:00Z,349.43642440431,14.9409395425561,45.5718930194031,2.27792797877198,5,0.0452537268509734,0.177104526574346,347.714783537914,-0.0324877529920257,10
2019-07-01T05:00:00Z,352.188876410962,15.2904074580021,183.978505300998,2.236381898679,5,0.175422936182378,0.17711950552388,347.582932738191,-0.362517946957663,10
2019-07-01T06:00:00Z,351.433879766379,15.4462541305883,315.099615920863,1.71760207198247,5,0.27821690499187,0.177134485740287,347.581236168849,-0.535387667166277,10
2019-07-01T07:00:00Z,349.908974227814,15.4644812184204,433.742862500873,2.20365093573138,5,0.349236884811863,0.177149467223674,347.682318588101,-0.559909858255792,10
2019-07-01T08:00:00Z,347.268913224011,15.3663083998403,535.210002881175,2.77574914129302,5,0.39421107086321,0.177164449974148,347.854406005688,-0.447071489633204,10
2019-07-01T09:00:00Z,343.860570577098,14.9643429821322,615.482964305704,3.14751860123316,5,0.421085732451735,0.177179433991817,348.071452626577,-0.0454253162088642,10
2019-07-01T10:00:00Z,342.2159924376,14.471980510149,671.382958073609,3.61375370386745,5,0.436066609497379,0.177194419276787,348.315358925037,0.443006971330039,10
2019-07-01T11:00:00Z,343.719515857373,14.8458698658207,700.696358757177,3.93819574852013,5,0.44292969000044,0.177209405829166,348.574231115258,0.0613079538298355,10
2019-07-01T12:00:00Z,345.223337260307,15.2064514253296,702.262363201488,4.35817195952479,5,0.443413403119357,0.177224393649061,348.83995139943,-0.285620183638252,10
2019-07-01T13:00:00Z,350.947494634063,15.7501895291434,676.018958031867,4.86752247074044,5,0.43758460498171,0.177239382736579,349.1061404089,-0.827032700466761,10
2019-07-01T14:00:00Z,350.344226311857,15.65526512968,623.00537536763,5.10179905037563,5,0.423857392245147,0.177254373091827,349.366485631145,-0.734846482880083,10
2019-07-01T15:00:00Z,351.574878192083,15.6677146077576,545.320939496486,5.16895788798311,5,0.398656920627007,0.177269364714913,349.613088650298,-0.72973386608293,10
2019-07-01T16:00:00Z,351.660490529518,15.3921009769306,446.041934170733,5.31622176809819,5,0.35601017239909,0.177284357605944,349.83447620621,-0.449039679445632,10
2019-07-01T17:00:00Z,347.529106236323,15.0405208118799,329.099782559031,5.76376054660073,5,0.288065664653177,0.177299351765027,350.013202021003,-0.129162764558356,10
2019-07-01T18:00:00Z,344.277881266961,15.2107878374587,199.125363896426,5.73620305398487,5,0.188624940255496,0.177314347192269,350.123968333891,-0.284273563373639,10
2019-07-01T19:00:00Z,347.054859954157,15.2972481470895,61.2656318533987,4.97055742939465,5,0.0607083714895865,0.177329343887778,350.135278926954,-0.38582202882209,10
2019-07-01T20:00:00Z,345.506884913351,15.5580863950474,0,5.27003680423986,5,0,0.177344341851661,350.018657954556,-0.638533288482132,10
2019-07-01T21:00:00Z,348.5595136317,15.577202779141,0,5.24235801512653,5,0,0.177359341084024,349.841313612704,-0.655298108731221,10
2019-07-01T22:00:00Z,350.723036183918,15.9061581041996,0,4.73016184783197,5,0,0.177374341584976,349.66395427162,-0.980066556119231,10
2019-07-01T23:00:00Z,351.72659419588,16.0184235083816,0,4.33644248356825,5,0,0.177389343354624,349.486579930035,-1.07209209568097,10
2019-07-02T00:00:00Z,349.259723026473,15.4676727272075,0,4.15535638467541,5,0,0.177404346393074,349.309190586681,-0.545974141413257,10
2019-07-02T01:00:00Z,350.763444214357,15.2981276153893,0,4.45359021502164,5,0,0.177419350700435,349.131786240288,-0.361733337828083,10
2019-07-02T02:00:00Z,350.286526610292,15.2662516016187,0,4.46590308096832,5,0,0.177434356276814,348.954366889587,-0.325880290852374,10
2019-07-02T03:00:00Z,350.817586166593,15.2284064200898,0,3.76213544527285,5,0,0.177449363122318,348.776932533311,-0.29223626495259,10
2019-07-02T04:00:00Z,349.860100044404,15.4451893199743,47.2388723594772,4.41219354285487,5,0.0469039264458253,0.177464371237053,348.599483170189,-0.504590151908665,10
2019-07-02T05:00:00Z,350.736293956139,15.1399987574551,193.766793006168,4.58724285092194,5,0.184201838251579,0.177479380621129,348.468922725397,-0.210252942545272,10
2019-07-02T06:00:00Z,350.34780936869,15.1505168665178,332.608538266913,4.48108197802371,5,0.29129174055927,0.177494391274651,348.475645183028,-0.217600792681881,10
2019-07-02T07:00:00Z,347.926275730219,15.0215379283136,458.256652563753,4.41853895596117,5,0.364065131563077,0.177509403197728,348.589442532312,-0.0895927915307246,10
2019-07-02T08:00:00Z,349.321212206256,14.5920751760522,565.727033985233,4.08442875860107,5,0.409461573495537,0.177524416390466,348.775998260678,0.326000450668058,10
2019-07-02T09:00:00Z,349.924008196574,14.4705783687384,650.756639377339,4.30507704363882,5,0.436336750229613,0.177539430852974,349.007935417783,0.476931502210154,10
2019-07-02T10:00:00Z,347.338090318121,14.4176437175402,709.972587092489,4.66772224613872,5,0.451322246062213,0.177554446585358,349.26673273716,0.520701665630932,10
2019-07-02T11:00:00Z,346.547948094263,14.8228536395966,741.025949573372,4.77165324733299,5,0.458332696132637,0.177569463587726,349.540500536637,0.119133322065684,10
2019-07-02T12:00:00Z,350.39749836927,15.6255808292021,742.684928601892,5.193499395854,5,0.459120490079654,0.177584481860185,349.821263769181,-0.673928237566487,10
2019-07-02T13:00:00Z,353.3607468352,16.114093151592,714.883717217129,5.09012305308775,5,0.453709065763997,0.177599501402843,350.102799777401,-1.16734431643025,10
2019-07-02T14:00:00Z,353.90528200458,16.1482634828518,658.725110089573,5.88462100394664,5,0.440407678377252,0.177614522215807,350.378909341762,-1.20187798578061,10
2019-07-02T15:00:00Z,356.986271920812,16.2722134253662,576.436758805526,6.11556989984417,5,0.415410101380612,0.177629544299185,350.641702497923,-1.32875493908523,10
2019-07-02T16:00:00Z,354.787600137613,15.8648032604713,471.282807289635,5.57767711319402,5,0.372261726991309,0.177644567653084,350.879483055004,-0.898644637933494,10
2019-07-02T17:00:00Z,351.501020128038,15.4160510779869,347.434412536024,5.59687401399782,5,0.302276564392162,0.177659592277611,351.074100214343,-0.463405972053594,10
2019-07-02T18:00:00Z,351.633307123575,15.2290522728396,209.804286720888,5.855159893752,5,0.198305276113189,0.177674618172874,351.198717186457,-0.275356435865356,10
2019-07-02T19:00:00Z,350.562129469064,15.3213814608674,63.8518239385062,6.1594438332448,5,0.0632645552463928,0.177689645338981,351.219347844397,-0.357832803314033,10
2019-07-02T20:00:00Z,351.310354273595,15.7884836387646,0,5.60659891612498,5,0,0.177704673776039,351.104922754304,-0.829689795285299,10
2019-07-02T21:00:00Z,354.1832932848,15.9708344407375,0,5.48938953309527,5,0,0.177719703484155,350.927218080528,-1.02338656693178,10
2019-07-02T22:00:00Z,353.692312790896,16.0691739199086,0,5.21109041131043,5,0,0.177734734463437,350.749498377044,-1.1157384496291,10
2019-07-02T23:00:00Z,352.336243550444,15.7043909603321,0,4.69510348756857,5,0,0.177749766713992,350.571763642581,-0.753412211928978,10
2019-07-03T00:00:00Z,347.383231824354,15.065166129047,0,3.92472812727466,5,0,0.177764800235929,350.394013875867,-0.122001149324672,10
2019-07-03T01:00:00Z,343.95529393112,14.6682081159907,0,2.95800983121061,5,0,0.177779835029354,350.216249075631,0.291372058408324,10
2019-07-03T02:00:00Z,345.656371918187,14.7981978131509,0,2.67353149946449,5,0,0.177794871094375,350.038469240602,0.170241669140299,10
2019-07-03T03:00:00Z,343.518420033649,14.4372288001086,0,1.82982620662127,5,0,0.177809908431099,349.860674369507,0.521339608483864,10
2019-07-03T04:00:00Z,345.615993684474,14.4443146548574,31.7140691353774,1.17708499092755,5,0.0315415071855209,0.177824947039635,349.682864461076,0.525097328778694,10
2019-07-03T05:00:00Z,348.173413837581,14.6713585165455,132.434676466004,1.26307743827845,5,0.129213018815258,0.177839986920089,349.536581021222,0.302447492105004,10
2019-07-03T06:00:00Z,351.423836508728,15.338467352521,227.892186230638,0.86676584601695,5,0.214043070273758,0.17785502807257,349.487954053117,-0.372096961122747,10
2019-07-03T07:00:00Z,349.088377692336,15.4828820725094,314.293013541208,0.922304516192421,5,0.281243187892205,0.177870070497184,349.524142095318,-0.518878326386533,10
2019-07-03T08:00:00Z,348.819346012622,15.2640285639097,388.203495885352,1.37633836694504,5,0.33057188946103,0.17788511419404,349.627515212713,-0.301049783213332,10
2019-07-03T09:00:00Z,347.675791843208,14.8592276594472,446.686350595818,1.56566214614855,5,0.364305143348062,0.177900159163245,349.78020198798,0.109228630194411,10
2019-07-03T10:00:00Z,348.248615136167,15.0921386957747,487.417405646874,1.79111683257502,5,0.385248347301812,0.177915205404906,349.966606972165,-0.103996598282515,10
2019-07-03T11:00:00Z,348.228560935658,14.4553027271633,508.777964769387,1.80903142803049,5,0.395597934897863,0.177930252919132,350.173940114062,0.51935820893237,10
2019-07-03T12:00:00Z,350.31951102427,15.4020426417701,509.919136194781,1.83161127092502,5,0.396496974235413,0.17794530170603,350.391607796041,-0.43166452158032,10
2019-07-03T13:00:00Z,352.37762369502,15.756699847794,490.795568533891,1.86477697572034,5,0.387922675402517,0.177960351765707,350.61015946857,-0.784954235312272,10
2019-07-03T14:00:00Z,355.499068579448,15.9494988682354,452.167253090316,2.4442021827832,5,0.368693619435803,0.177975403098272,350.820121792207,-0.971267902081258,10
2019-07-03T15:00:00Z,358.102161895619,15.9809863553144,395.56932098239,2.06384200804909,5,0.336596699062612,0.177990455703831,351.010840008545,-1.00092282522408,10
2019-07-03T16:00:00Z,360.662839172542,15.7419004191423,323.251035368875,2.64455118666187,5,0.288837988802622,0.178005509582493,351.169446251903,-0.74844405515335,10
2019-07-03T17:00:00Z,359.534981650845,15.1928242379051,238.086403293439,2.47733240190759,5,0.223150205350338,0.178020564734365,351.280278731123,-0.215807852625776,10
2019-07-03T18:00:00Z,358.55241750919,15.2195877789656,143.4599595301,2.82001934166983,5,0.139675732976644,0.178035621159555,351.325408371739,-0.227318356127928,10
2019-07-03T19:00:00Z,361.169971175327,15.7156203100547,43.1322615033873,3.52745163778914,5,0.042860635763503,0.178050678858171,351.287048483556,-0.738180114105144,10
2019-07-03T20:00:00Z,363.195499975945,15.8591143159271,0,3.79076714291549,5,0,0.17806573783032,351.151858440462,-0.871916804117082,10
2019-07-03T21:00:00Z,362.503685764129,16.0216871241495,0,3.60807467032519,5,0,0.178080798076109,350.973792702631,-1.03889384900038,10
2019-07-03T22:00:00Z,360.36472891129,16.0381353466708,0,3.58286241753422,5,0,0.178095859595648,350.795711904555,-1.04057629622877,10
2019-07-03T23:00:00Z,355.974723866756,15.6392047246875,0,2.63270706512043,5,0,0.178110922389043,350.617616044959,-0.636481566690777,10
2019-07-04T00:00:00Z,350.731307212464,15.2383169681623,0,2.11505055138667,5,0,0.178125986456402,350.43950512257,-0.232963357354787,10
2019-07-04T01:00:00Z,346.016865433225,14.6553806094168,0,1.68475539322324,5,0,0.178141051797833,350.261379136114,0.342714673058686,10
2019-07-04T02:00:00Z,346.344317934487,14.9462666263335,0,0.5,5,0,0.178156118413444,350.083238084316,0.0411798480029919,10
2019-07-04T03:00:00Z,348.185743180912,15.3010305883218,0,0.694057180900028,5,0,0.178171186303342,349.905081965902,-0.30852291924305,10
2019-07-04T04:00:00Z,350.883598724657,15.511320653758,40.8480355854961,0.562973687039069,5,0.0406028549536606,0.178186255467635,349.726910779599,-0.513307306306195,10
2019-07-04T05:00:00Z,352.307790386919,15.8967901144256,174.025565130975,0.789471176577495,5,0.167997065647784,0.178201325906432,349.589327379085,-0.921413785893965,10
2019-07-04T06:00:00Z,349.01480385956,15.8585227946035,300.273126681003,0.622122840798737,5,0.273791857520231,0.178216397619839,349.579123118826,-0.84681882397656,10
2019-07-04T07:00:00Z,351.284317418566,15.9727419519152,414.563346467895,0.761292899845829,5,0.352308327891282,0.178231470607965,349.674698578726,-0.984681745388431,10
2019-07-04T08:00:00Z,347.257521327221,15.4977905976405,512.345010624195,1.59560034959032,5,0.406070702129787,0.178246544870917,349.84877543601,-0.502384116610548,10
2019-07-04T09:00:00Z,345.647024837619,15.3732346416111,589.72430157985,1.6993867150949,5,0.440678467660288,0.178261620408804,350.076599593269,-0.358667980515591,10
2019-07-04T10:00:00Z,348.263911622212,15.5061387709023,643.619855918917,2.01853320045127,5,0.461298322594893,0.178276697221732,350.33901644052,-0.499541008125303,10
2019-07-04T11:00:00Z,351.210397164592,15.7224533020087,671.885469051364,2.51338105409499,5,0.471405121623852,0.17829177530981,350.622038065894,-0.713979936966476,10
2019-07-04T12:00:00Z,351.052944010087,16.0186093031945,673.395560409577,2.99301237310392,5,0.472650929284398,0.178306854673147,350.915151412208,-1.02110628948776,10
2019-07-04T13:00:00Z,354.953360552926,16.6047027602019,648.089995812839,3.61766365922975,5,0.464981112745091,0.178321935311848,351.209495486819,-1.61446967584217,10
2019-07-04T14:00:00Z,356.737158043007,16.8518990790362,596.976482103708,3.87503799544385,5,0.446644018138009,0.178337017226024,351.496154664252,-1.85231355229198,10
2019-07-04T15:00:00Z,357.610664525415,16.8940509371547,522.090438698135,4.09388052135044,5,0.414105140645064,0.17835210041578,351.764461665164,-1.88028083167829,10
2019-07-04T16:00:00Z,353.662326317425,16.1484551927929,426.41394402647,3.92320696557558,5,0.362227790547128,0.178367184881226,352.000214705393,-1.13128324008772,10
2019-07-04T17:00:00Z,351.212347279235,15.4730181905643,313.756984543821,4.06121547470427,5,0.285547228691756,0.178382270622469,352.184075311059,-0.461334638658133,10
2019-07-04T18:00:00Z,352.792499497751,15.4289715580687,188.605735158412,4.08989716331565,5,0.181591211168895,0.178397357639617,352.291240269128,-0.420413001533123,10
2019-07-04T19:00:00Z,353.600670419888,15.2979412201619,55.9439127866545,3.96408168541768,5,0.0555385288953116,0.178412445932778,352.294434122658,-0.280391171907828,10
2019-07-04T20:00:00Z,353.737691416512,15.5668188229953,0,4.20609309336891,5,0,0.17842753550206,352.17156020562,-0.558043102520974,10
2019-07-04T21:00:00Z,353.879270671137,16.0676666610768,0,4.24666531413853,5,0,0.178442626347571,351.993132670118,-1.04630278901677,10
2019-07-04T22:00:00Z,353.955259350513,15.9723250462338,0,3.60236041559147,5,0,0.178457718469418,351.814690043771,-0.965838776800088,10
2019-07-04T23:00:00Z,352.248163511807,15.8404832375254,0,3.17409354059428,5,0,0.17847281186771,351.636232325301,-0.803119081529696,10
2019-07-05T00:00:00Z,351.813493915065,15.1686406215089,0,2.97730795023083,5,0,0.178487906542555,351.457759513433,-0.175690512732745,10
2019-07-05T01:00:00Z,356.625739190056,14.8846902588207,0,2.77355398341719,5,0,0.17850300249406,351.279271606891,0.15073911934294,10
2019-07-05T02:00:00Z,352.693165732393,14.442090143327,0,2.44854663020985,5,0,0.178518099722334,351.100768604397,0.573856761691805,10
2019-07-05T03:00:00Z,351.185812242797,14.7703882699482,0,1.8271500304138,5,0,0.178533198227484,350.922250504674,0.265884560525987,10
2019-07-05T04:00:00Z,353.590869539964,15.0861347051986,17.6122174631485,2.22128467293614,5,0.0175322759260583,0.178548298009619,350.743717306447,-0.0757375795203399,10
2019-07-05T05:00:00Z,353.76804810253,15.4150337611842,76.7261435285277,2.13000523337256,5,0.0759962935024939,0.178563399068847,350.582701284363,-0.392091109952145,10
2019-07-05T06:00:00Z,352.460157449627,15.5673584173609,132.778041436893,1.65846215671024,5,0.130162947890597,0.178578501405275,350.480134178797,-0.537750239455591,10
2019-07-05T07:00:00Z,350.529798117462,15.4420988591499,183.530961932667,2.07771263188591,5,0.177460865030048,0.178593605019012,350.431718625283,-0.423443851792152,10
2019-07-05T08:00:00Z,351.058665893619,15.185458056194,226.959430197726,1.87207172258304,5,0.216234426735688,0.178608709910165,350.430585885293,-0.16080582265566,10
2019-07-05T09:00:00Z,347.277750039724,14.9421354471412,261.330279588628,2.66951378750945,5,0.245659067403478,0.178623816078843,350.468211602119,0.0940651356076393,10
2019-07-05T10:00:00Z,342.851210209443,14.5218910927866,285.271819782162,2.82963695563064,5,0.265476234801988,0.178638923525154,350.535246853444,0.516093847711216,10
2019-07-05T11:00:00Z,342.296661693773,14.463858500521,297.828578929704,2.61264084451862,5,0.275694874608059,0.178654032249205,350.622084164721,0.557614073336833,10
2019-07-05T12:00:00Z,346.00402949187,14.9591465461073,298.499435141084,3.11424062566011,5,0.276360711397516,0.178669142251106,350.719125007079,0.0657873274491433,10
2019-07-05T13:00:00Z,348.700957428738,14.950260372288,287.2576155262,3.98563553734399,5,0.267438685882538,0.178684253530963,350.816816576225,0.0880612997281028,10
2019-07-05T14:00:00Z,350.627329135435,15.0528985795087,264.551764661904,3.98587022357252,5,0.248820324145058,0.178699366088886,350.905571008577,-0.00122456770530163,10
2019-07-05T15:00:00Z,351.79275372285,15.0497994610296,231.288039843195,3.89231775410889,5,0.220453389843855,0.178714479924981,350.975691966634,-0.00357856706402376,10
2019-07-05T16:00:00Z,347.293309051338,14.6427194739315,188.793947671054,4.3397761738043,5,0.182576111294392,0.178729595039358,351.017430876552,0.382086195345042,10
2019-07-05T17:00:00Z,346.84460055258,14.3505068568432,138.765365205814,3.82294820433989,5,0.136004912595343,0.178744711432124,351.021277392807,0.683542435763508,10
2019-07-05T18:00:00Z,348.118103459363,14.1585749403138,83.1988599943269,3.89900730351776,5,0.082374525086114,0.178759829103387,350.97853759397,0.865542939342223,10
2019-07-05T19:00:00Z,347.645658760471,14.5110235221611,24.3120099796452,3.78138230468578,5,0.0241967551231232,0.178774948053256,350.882152289953,0.540570436482463,10
2019-07-05T20:00:00Z,348.457001874796,14.9434300371122,0,4.09558643532497,5,0,0.178790068281839,350.727574097023,0.0928594413924875,10
2019-07-05T21:00:00Z,348.076024467461,14.8813439066512,0,3.23399531374584,5,0,0.178805189789243,350.548784028741,0.164797430218635,10
2019-07-05T22:00:00Z,349.961108482354,14.7853009155532,0,2.44462055899487,5,0,0.178820312575578,350.369978838951,0.268290500028932,10
2019-07-05T23:00:00Z,351.548648981883,14.9143316760629,0,2.13090560860696,5,0,0.178835436640951,350.191158526376,0.13308780745652,10
2019-07-06T00:00:00Z,351.811394706753,14.8905909982699,0,1.49016501130947,5,0,0.17885056198547,350.012323089735,0.150913691101296,10
2019-07-06T01:00:00Z,345.640247946675,14.2714938117353,0,1.35836132095677,5,0,0.178865688609244,349.833472527749,0.780907575516431,10
2019-07-06T02:00:00Z,344.902893398835,13.7895588821102,0,0.928075864913522,5,0,0.17888081651238,349.65460683914,1.24962774634964,10
2019-07-06T03:00:00Z,345.333338660417,14.2473792130484,0,0.5,5,0,0.178895945694987,349.475726022628,0.830115369668885,10
2019-07-06T04:00:00Z,349.001267146777,14.8699494572618,43.1856936164597,0.741197525852899,5,0.0429402612367561,0.178911076157174,349.296830076933,0.160092178565098,10
2019-07-06T05:00:00Z,344.973414905971,14.6255483606285,192.858244123549,0.5,5,0.186767343252085,0.178926207899048,349.160859262012,0.452738400912123,10
2019-07-06T06:00:00Z,346.074476484165,14.767737746726,334.816073343252,0.542118581748671,5,0.307699600136915,0.178941340920718,349.168700397365,0.295476222544644,10
2019-07-06T07:00:00Z,344.441381422645,14.7067549164798,463.380579917513,0.576996928636645,5,0.398983990738762,0.178956475222291,349.297458656582,0.346157631148059,10
2019-07-06T08:00:00Z,345.979937441085,14.5375338863505,573.40892258394,0.5,5,0.462639767733283,0.178971610803877,349.517486172098,0.525214717225745,10
2019-07-06T09:00:00Z,343.188133682048,14.0310636880185,660.499744266812,0.5,5,0.504320605853804,0.178986747665583,349.801154329028,1.02970342002189,10
2019-07-06T10:00:00Z,342.511365360435,14.0751797638167,721.169235295321,0.5,5,0.529516430125797,0.179001885807517,350.126488187216,1.0098449226011,10
2019-07-06T11:00:00Z,346.148637641,13.8767583811116,752.990492862901,0.5,5,0.542019064247933,0.179017025229789,350.477002731534,1.20907144111027,10
2019-07-06T12:00:00Z,348.493007176123,14.2001185123324,754.690602066362,1.27499536023965,5,0.54364126694874,0.179032165932505,350.840004770552,0.872549937814084,10
2019-07-06T13:00:00Z,350.756390352607,14.330776607086,726.201555086167,1.40136862531073,5,0.534278648780573,0.179047307915776,351.204613871568,0.732631475476103,10
2019-07-06T14:00:00Z,348.859363075751,14.7000098826937,668.662971637272,2.32357925718457,5,0.511923621761702,0.179062451179708,351.559845212433,0.369006570231758,10
2019-07-06T15:00:00Z,351.447044727574,14.5601895676658,584.376511866989,2.83382090401626,5,0.472649610718434,0.17907759572441,351.892706383015,0.500749371467819,10
2019-07-06T16:00:00Z,348.468395765462,14.060760056062,476.713805276473,2.93966199376407,5,0.410974884982158,0.17909274154999,352.186278398009,0.999665960305532,10
2019-07-06T17:00:00Z,348.800230330728,13.9191227672778,349.981578695921,3.82410360306612,5,0.321450112573443,0.179107888656558,352.418160541441,1.14908382154272,10
2019-07-06T18:00:00Z,344.156665979401,13.5805149328957,209.249378468254,4.35952387225551,5,0.202255718714849,0.17912303704422,352.560502765358,1.50729385363831,10
2019-07-06T19:00:00Z,341.671084134227,13.074524276907,60.1467783036928,3.94099846799462,5,0.05974198812055,0.179138186713086,352.583635447029,1.99444266372658,10
2019-07-06T20:00:00Z,345.502804727837,13.1987788616164,0,4.32588001517167,5,0,0.179153337663264,352.464239248436,1.87898078126891,10
2019-07-06T21:00:00Z,348.450634172026,13.6256177527575,0,4.80388431823694,5,0,0.179168489894862,352.285085910773,1.46356004580189,10
2019-07-06T22:00:00Z,347.206413473823,13.8249935367208,0,4.50617300910754,5,0,0.179183643407989,352.105917420878,1.25674657034499,10
2019-07-06T23:00:00Z,348.132653840824,13.9871029490078,0,3.97011128156465,5,0,0.179198798202752,351.92673377747,1.09692470352987,10
2019-07-07T00:00:00Z,349.205587355471,13.3905337632834,0,3.97117035347167,5,0,0.179213954279261,351.747534979267,1.68292793689515,10
2019-07-07T01:00:00Z,348.2965348513,14.0605975954842,0,4.23612833660886,5,0,0.179229111637624,351.568321024988,1.02186916004254,10
2019-07-07T02:00:00Z,349.316590617229,14.0573172868316,0,3.61220648308234,5,0,0.179244270277949,351.38909191335,1.01531408262111,10
2019-07-07T03:00:00Z,345.89892137781,14.2311288929185,0,3.38582214253194,5,0,0.179259430200344,351.209847643072,0.84506516245901,10
2019-07-07T04:00:00Z,346.645706893322,14.4916565475555,16.6163413084163,3.77303178765238,5,0.0165426404957336,0.179274591404919,351.030588212872,0.581733552860093,10
2019-07-07T05:00:00Z,346.288475742011,15.1720397120937,76.2756959820665,3.32103977578007,5,0.0756700095296862,0.179289753891781,350.867856261962,-0.0902177273299047,10
2019-07-07T06:00:00Z,348.810640203805,15.2660473613729,132.876241284944,2.9057022043756,5,0.130849751585268,0.179304917661039,350.7642365176,-0.175197883532526,10
2019-07-07T07:00:00Z,345.995793541447,15.1639627107944,184.148181102647,2.4612513414697,5,0.179551164921734,0.179320082712801,350.715781351524,-0.0762192964758077,10
2019-07-07T08:00:00Z,342.714655979948,14.6626791890124,228.03540715648,1.95771823825148,5,0.21997083279749,0.179335249047176,350.716012433733,0.417565442558001,10
2019-07-07T09:00:00Z,340.647625616962,14.3462935749207,262.777953095663,1.45999448062795,5,0.251012528695999,0.179350416664273,350.756648017484,0.735224258823136,10
2019-07-07T10:00:00Z,339.76288261461,14.0066371718087,286.98257270048,1.90838459909678,5,0.272119337399301,0.179365585564199,350.828310129515,1.07245496292666,10
2019-07-07T11:00:00Z,342.635510617953,14.3666000444513,299.678611867943,2.0527601948355,5,0.283058614782633,0.179380755747064,350.921063881351,0.731290979569259,10
2019-07-07T12:00:00Z,347.324079289268,14.616479882748,300.356933800581,1.7899400503384,5,0.283743002064203,0.179395927212975,351.024741740386,0.481261741550299,10
2019-07-07T13:00:00Z,349.299082504187,14.7723043108136,288.990336419709,2.40926468943464,5,0.27413554919732,0.179411099962042,351.129088815237,0.309806059681174,10
2019-07-07T14:00:00Z,349.405635225948,14.7932332842163,266.034643223687,2.55962328023377,5,0.254257214846449,0.179426273994373,351.223813264472,0.287447410051852,10
2019-07-07T15:00:00Z,350.832715732106,14.8732892669046,232.41042384556,2.23765200504521,5,0.224293803737097,0.179441449310076,351.298644205324,0.224759871955897,10
2019-07-07T16:00:00Z,347.403226952823,14.2720777891258,189.466077352616,2.3505986146896,5,0.184778259083273,0.179456625909261,351.343496559751,0.823319120581364,10
2019-07-07T17:00:00Z,346.884822556074,14.1909213067803,138.923758722045,2.24100761270148,5,0.136796037896649,0.179471803792034,351.348818192926,0.898257236184885,10
2019-07-07T18:00:00Z,349.52575657446,14.5132342236684,82.8103169502062,2.48678386430322,5,0.082131955203521,0.179486982958506,351.30614242703,0.599670188512852,10
2019-07-07T19:00:00Z,349.340165486982,14.5164440393005,23.376014316691,2.98818347707334,5,0.0232691615142412,0.179502163408784,351.208787399276,0.586643910577642,10
2019-07-07T20:00:00Z,351.417215917894,14.6460751046137,0,3.47584978256778,5,0,0.179517345142978,351.052554397381,0.458726317600954,10
2019-07-07T21:00:00Z,350.140223360771,14.7507212860961,0,3.62800224372814,5,0,0.179532528161196,350.873037052238,0.361684276137697,10
2019-07-07T22:00:00Z,351.067519364941,15.1744410818219,0,3.14036105710226,5,0,0.179547712463546,350.693504524077,-0.0627372521227335,10
2019-07-07T23:00:00Z,350.517155650176,15.1994461442104,0,3.11634615387024,5,0,0.179562898050136,350.513956811613,-0.093975692984628,10
2019-07-08T00:00:00Z,351.760261696062,15.3144868631465,0,2.35543142994175,5,0,0.179578084921077,350.334393913563,-0.21583142616749,10
2019-07-08T01:00:00Z,350.392020916221,14.9151660138683,0,2.3303207268284,5,0,0.179593273076476,350.154815828642,0.207906669182856,10
2019-07-08T02:00:00Z,350.356863140129,14.7466685695996,0,1.90543183664379,5,0,0.179608462516442,349.975222555565,0.348723572367305,10
2019-07-08T03:00:00Z,348.787672591224,14.7311023478792,0,1.39092486812521,5,0,0.179623653241083,349.795614093049,0.396442142564854,10
2019-07-08T04:00:00Z,348.278779942102,14.9099226087433,21.8846148009695,1.35193729325951,5,0.0217858168249869,0.179638845250508,349.615990439808,0.199667337965116,10
2019-07-08T05:00:00Z,349.078341968298,15.4191752551768,103.573057525475,1.25227321065571,5,0.102546693992408,0.179654038544827,349.458137411382,-0.282170587259496,10
2019-07-08T06:00:00Z,347.963767093225,15.4954381196696,181.096983955355,0.5,5,0.177262945784831,0.179669233124147,349.38103006683,-0.379985724699687,10
2019-07-08T07:00:00Z,349.433172014454,15.8190884427724,251.339274034933,0.5,5,0.24229055713978,0.179684428988577,349.37862377949,-0.705852612627575,10
2019-07-08T08:00:00Z,345.847752999125,15.3483005622056,311.475591314199,0.5,5,0.295374069927691,0.179699626138226,349.441229907642,-0.227888593537889,10
2019-07-08T09:00:00Z,343.386299828103,14.7625167665638,359.087945253994,0.546366254669085,5,0.335490763296803,0.179714824573202,349.556904351431,0.371903709746483,10
2019-07-08T10:00:00Z,343.83957768401,14.7489309767457,392.261914975521,1.35391121634119,5,0.362423546292366,0.179730024293615,349.712680290155,0.355472521220167,10
2019-07-08T11:00:00Z,346.475193582513,15.313121798328,409.663625233968,2.24871092613445,5,0.376298360000945,0.179745225299573,349.895373812154,-0.192451686274232,10
2019-07-08T12:00:00Z,352.735762746882,15.8752216676496,410.593379528555,2.54858976936412,5,0.377237029247727,0.179760427591185,350.091926946855,-0.747276055703787,10
2019-07-08T13:00:00Z,355.715165915451,16.3230792699339,395.013793842606,2.36717266364854,5,0.365184628319136,0.179775631168559,350.289403548512,-1.19535156176276,10
2019-07-08T14:00:00Z,354.772159617753,16.0328725079723,363.551299798424,2.17079923468108,5,0.339922140246704,0.179790836031805,350.474812545662,-0.904212992652507,10
2019-07-08T15:00:00Z,353.546154301688,15.8081796443225,317.470956787389,1.56971880693454,5,0.301260356399544,0.17980604218103,350.634943849877,-0.682662962808149,10
2019-07-08T16:00:00Z,352.962631389521,15.7003892067165,258.625585841497,2.65993528946632,5,0.249394443794217,0.179821249616344,350.756398164095,-0.581792873955469,10
2019-07-08T17:00:00Z,348.846313477412,15.2167965104636,189.381270496586,2.96008631935906,5,0.185349227547174,0.179836458337856,350.825971358273,-0.0569333155549243,10
2019-07-08T18:00:00Z,351.048404155447,15.5244029197338,112.522220145076,3.58060719125605,5,0.111362406404517,0.179851668345674,350.831484127482,-0.406416789182106,10
2019-07-08T19:00:00Z,350.207447808547,15.7071968861607,31.1388211791948,3.63309172090445,5,0.0309917975242533,0.179866879639908,350.762994865542,-0.563609445958493,10
2019-07-08T20:00:00Z,351.7500463737,15.7463576061419,0,4.20849385504072,5,0,0.179882092220665,350.614119783426,-0.622436019412777,10
2019-07-08T21:00:00Z,352.489562060719,16.1826888439838,0,4.25070441808957,5,0,0.179897306088055,350.434237691205,-1.06642777055224,10
2019-07-08T22:00:00Z,353.340456211671,16.0660934935081,0,4.19691689805764,5,0,0.179912521242186,350.254340385117,-0.927086268538501,10
2019-07-08T23:00:00Z,349.805295812466,15.5724160822435,0,3.80867477891826,5,0,0.179927737683168,350.074427863875,-0.412576401321527,10
2019-07-09T00:00:00Z,350.241437598472,15.5617556678552,0,3.44011773270711,5,0,0.179942955411109,349.894500126192,-0.41546376112679,10
2019-07-09T01:00:00Z,349.544622556672,15.4990925544366,0,3.46240865095216,5,0,0.179958174426118,349.714557170781,-0.374219009858166,10
2019-07-09T02:00:00Z,350.683964302624,15.576462670893,0,1.9154846873042,5,0,0.179973394728304,349.534598996355,-0.440547428033202,10
2019-07-09T03:00:00Z,350.957561224674,15.5579875635082,0,1.21010439373801,5,0,0.179988616317776,349.354625601627,-0.421740646167354,10
2019-07-09T04:00:00Z,349.819501485021,15.6617978525489,40.6813753689278,0.5,5,0.0404780570899774,0.180003839194642,349.174636985309,-0.528249171504156,10
2019-07-09T05:00:00Z,349.215234464609,15.6995004261917,199.16367271403,0.5,5,0.194882351841043,0.180019063359012,349.035111203204,-0.542974293422435,10
2019-07-09T06:00:00Z,346.566737891134,15.5054835334494,349.615405242519,0.5,5,0.330446042880298,0.180034288810994,349.049974491686,-0.333203129231079,10
2019-07-09T07:00:00Z,346.08223979781,15.0251040480646,485.970143402374,0.5,5,0.439253360482721,0.180049515550698,349.200386245755,0.109112788292226,10
2019-07-09T08:00:00Z,344.08439526226,14.4397200202482,602.729868664797,0.5,5,0.520247594382373,0.180064743578232,349.459590090687,0.718502624205443,10
2019-07-09T09:00:00Z,341.704502046405,14.006842824751,695.186661513582,0.922906259151582,5,0.576396527596268,0.180079972893705,349.799772941491,1.1337426953125,10
2019-07-09T10:00:00Z,340.343863921,14.0713417034183,759.612531509557,1.60199456597684,5,0.611708214119547,0.180095203497226,350.196089496194,1.09210136390688,10
2019-07-09T11:00:00Z,344.350653792668,14.3480900841778,793.40973520976,2.24360756293878,5,0.629408842692423,0.180110435388904,350.627702506816,0.807865877645451,10
2019-07-09T12:00:00Z,348.177454023955,14.5655438475434,795.215520907333,2.94011391891953,5,0.631166340623006,0.180125668568849,351.07700091412,0.586623756551209,10
2019-07-09T13:00:00Z,347.731690927306,14.5219038304553,764.95707673407,2.87738915629626,5,0.616866786481725,0.180140903037168,351.528041586174,0.64144667707905,10
2019-07-09T14:00:00Z,348.118558108243,14.3247020904925,703.854466539327,2.50696642419837,5,0.584638233433833,0.180156138793971,351.964767469619,0.854902678172101,10
2019-07-09T15:00:00Z,347.035187849487,14.7230254195965,614.371435166459,3.82451838295582,5,0.531129784237626,0.180171375839367,352.369249564259,0.449845246159764,10
2019-07-09T16:00:00Z,343.698561235163,14.6373479294971,500.116066728571,3.89717731295348,5,0.452345835275384,0.180186614173464,352.720207972657,0.520686089701424,10
2019-07-09T17:00:00Z,343.299077770724,14.0524700266438,365.695301484309,4.8914861623655,5,0.345459136064756,0.180201853796373,352.992367193759,1.11633381905441,10
2019-07-09T18:00:00Z,348.734666847298,14.2652772049619,216.529177401856,4.3759372042696,5,0.211596404791126,0.180217094708202,353.157624476027,0.886281786336166,10
2019-07-09T19:00:00Z,350.170127385711,14.905133225627,58.6322864575669,4.41679313447679,5,0.0583018563911778,0.180232336909059,353.18900378611,0.262918574614429,10
2019-07-09T20:00:00Z,352.112404025926,15.1764109928601,0,4.37006424229391,5,0,0.180247580399054,353.067073305592,-0.00180549574431088,10
2019-07-09T21:00:00Z,352.970028752555,15.1723004914554,0,4.35039906053639,5,0,0.180262825178297,352.886825725192,-0.0014598962263682,10
2019-07-09T22:00:00Z,352.362338157182,14.9399206346896,0,3.75673211876759,5,0,0.180278071246895,352.706562900014,0.221614811365183,10
2019-07-09T23:00:00Z,350.229419606093,14.801315650824,0,3.36670370878851,5,0,0.180293318604958,352.526284828767,0.366983487103566,10
2019-07-10T00:00:00Z,348.216888785127,14.4091437958931,0,3.39742109658734,5,0,0.180308567252595,352.345991510163,0.755041018159078,10
2019-07-10T01:00:00Z,344.838909866793,14.0633084981509,0,3.00433454310496,5,0,0.180323817189916,352.16568294291,1.11237013422041,10
2019-07-10T02:00:00Z,342.795588115414,14.0075021761809,0,2.3804691938734,5,0,0.180339068417028,351.98535912572,1.16189551692369,10
2019-07-10T03:00:00Z,347.225350676407,14.9789047737059,0,1.82216289702526,5,0,0.180354320934042,351.805020057303,0.192616928613253,10
2019-07-10T04:00:00Z,349.260303358514,15.0618726149875,30.9494498979699,2.56446883341936,5,0.030806486392646,0.180369574741067,351.624665736369,0.106801517085602,10
2019-07-10T05:00:00Z,348.737913193638,15.4302409509035,157.32508766272,1.97570335431526,5,0.155214626878456,0.180384829838211,351.475102648021,-0.243319048911934,10
2019-07-10T06:00:00Z,347.053675505682,15.2480634927656,277.338367438908,2.03979123335119,5,0.268496753888788,0.180400086225583,351.449932445061,-0.0671895335509926,10
2019-07-10T07:00:00Z,347.708355403628,15.2175402953712,386.135851922531,2.46022698918977,5,0.364571087307941,0.180415343903294,351.538029112724,-0.0483267520077283,10
2019-07-10T08:00:00Z,349.981321233361,15.2746534453365,479.3176799419,1.96245503068531,5,0.440641152279891,0.180430602871451,351.722184856129,-0.0921417095950827,10
2019-07-10T09:00:00Z,346.93742895919,14.6208619825797,553.115500519459,1.88443776583957,5,0.496457687624639,0.180445863130164,351.982395405537,0.554906530384798,10
2019-07-10T10:00:00Z,344.227095896582,14.4420462590878,604.544868133737,2.23988666090642,5,0.533066900256805,0.180461124679542,352.298407230031,0.741486101088261,10
2019-07-10T11:00:00Z,342.17757971264,13.7460224009582,631.525936189707,3.00998530189111,5,0.55170827481692,0.180476387519695,352.651013005608,1.45638776409325,10
2019-07-10T12:00:00Z,340.235108946183,13.8482391844597,632.967567752783,3.79001095229138,5,0.553115402123921,0.180491651650731,353.022244892906,1.32635087748746,10
2019-07-10T13:00:00Z,341.173577324204,13.9824406562502,608.811462038086,4.08189858316086,5,0.537207726552509,0.18050691707276,353.394868643379,1.2060091816211,10
2019-07-10T14:00:00Z,342.481457876748,14.0224604322002,560.034512142895,4.57490682552542,5,0.503109714927963,0.180522183785891,353.751569452858,1.1508016187351,10
2019-07-10T15:00:00Z,342.771387500323,14.2237314880982,488.609298673608,4.98000149785232,5,0.44949403626289,0.180537451790233,354.074156984,0.971178686002074,10
2019-07-10T16:00:00Z,344.168442873303,14.1735900743639,397.424316937949,5.37611389145204,5,0.37529772259316,0.180552721085895,354.343113568473,1.00199429383694,10
2019-07-10T17:00:00Z,344.605577051628,13.8044263249924,290.167163781418,5.51638136475575,5,0.280794521130571,0.180567991672987,354.53785856998,1.36980602677909,10
2019-07-10T18:00:00Z,341.414229538816,13.6285662610263,171.175408089904,4.87457797313751,5,0.168749584085733,0.180583263551617,354.638085099438,1.56950586855168,10
2019-07-10T19:00:00Z,339.568337975825,13.7417141562766,45.2611758799524,4.84560181524843,5,0.0450369144191414,0.180598536721895,354.626251419972,1.44453073255215,10
2019-07-10T20:00:00Z,343.734421698457,14.3572362042223,0,4.95877376184574,5,0,0.180613811183931,354.490689797669,0.818054466320504,10
2019-07-10T21:00:00Z,344.264957731183,14.3181443463206,0,5.00563855274406,5,0,0.180629086937833,354.310075986485,0.864861019170053,10
2019-07-10T22:00:00Z,348.154087436719,14.8816859509715,0,4.77726164261825,5,0,0.18064436398371,354.129446899548,0.326569377963507,10
2019-07-10T23:00:00Z,349.302490672708,14.9492412834355,0,4.65443489846559,5,0,0.180659642321673,353.948802535564,0.2512670675064,10
2019-07-11T00:00:00Z,347.601429030824,14.2168986202389,0,4.18447262516587,5,0,0.18067492195183,353.768142893242,0.985180627753979,10
2019-07-11T01:00:00Z,345.147364749108,13.9445334650769,0,3.04996676457367,5,0,0.18069020287429,353.58746797129,1.26564856258188,10
2019-07-11T02:00:00Z,345.978901980748,13.6792298897435,0,2.58581326776426,5,0,0.180705485089164,353.406777768416,1.52525620942306,10
2019-07-11T03:00:00Z,348.283327465104,13.7132563439491,0,2.16074585456351,5,0,0.180720768596559,353.226072283326,1.45868083040379,10
2019-07-11T04:00:00Z,348.846405669991,14.2558106625404,23.4981414906197,0.822036318188544,5,0.0233939121300959,0.180736053396586,353.04535151473,0.949386169406683,10
2019-07-11T05:00:00Z,352.33734251168,14.6264827323547,124.550376689555,0.980399204393756,5,0.123408062989033,0.180751339489354,352.888009373463,0.565825553598244,10
2019-07-11T06:00:00Z,354.624513264851,14.6922072109704,220.550016227578,0.5,5,0.216276730022927,0.180766626874972,352.830666096963,0.505960430177844,10
2019-07-11T07:00:00Z,358.949022393391,15.2996051925082,307.602673150017,0.550372735693945,5,0.297455272267748,0.180781915553549,352.866176200111,-0.107145601322874,10
2019-07-11T08:00:00Z,358.370681256326,15.2708947727313,382.176909910653,0.68680644653933,5,0.364013269956042,0.180797205525195,352.982849556825,-0.0572037963402221,10
2019-07-11T09:00:00Z,354.432723335519,14.8527949019084,441.247497079536,0.5,5,0.414500020949085,0.18081249679002,353.166065621256,0.381311661941913,10
2019-07-11T10:00:00Z,353.843682067232,14.8115059884894,482.418136866568,0.746616275911137,5,0.448475752602098,0.180827789348132,353.399753145415,0.405859460206385,10
2019-07-11T11:00:00Z,354.938992257671,14.9839158482132,504.018672974561,1.60339194860537,5,0.465976736084481,0.180843083199641,353.667401108669,0.249155673993796,10
2019-07-11T12:00:00Z,355.342391327863,14.9818954903366,505.172843300474,2.0365742062238,5,0.467100181035958,0.180858378344656,353.952534761554,0.230783219436059,10
2019-07-11T13:00:00Z,355.001177810013,15.3601636840533,485.833826982456,2.30608081183665,5,0.451791515633482,0.180873674783287,354.238776564245,-0.14928813461966,10
2019-07-11T14:00:00Z,356.068332270996,15.3538672958995,446.786143766906,2.73397212859188,5,0.419855097214912,0.180888972515643,354.509694405095,-0.128506276865739,10
2019-07-11T15:00:00Z,356.139735510122,15.6386190253204,389.613828644546,2.99743515919993,5,0.371184142199331,0.180904271541834,354.748660529794,-0.432392754422623,10
2019-07-11T16:00:00Z,358.377410798041,15.7465343788653,316.636172804929,2.68974058122666,5,0.306179496404219,0.180919571861969,354.938940400451,-0.539776028413645,10
2019-07-11T17:00:00Z,361.62885163308,15.9186876544212,230.813637685741,3.08808503361382,5,0.226266056939586,0.180934873476157,355.064200324994,-0.727119986154409,10
2019-07-11T18:00:00Z,361.822165744554,15.7917370682815,135.627758871838,2.94123322808383,5,0.134322482515657,0.180950176384508,355.109531508457,-0.591494250052857,10
2019-07-11T19:00:00Z,359.250716407372,15.9205513006353,34.939911744477,2.43788662331112,5,0.0347786750972313,0.180965480587132,355.062903814588,-0.701217842359568,10
2019-07-11T20:00:00Z,359.405052040991,15.7686222071683,0,1.70253172339432,5,0,0.180980786084137,354.916717009098,-0.542375765883375,10
2019-07-11T21:00:00Z,358.391372509532,15.9766731955495,0,1.55986698081832,5,0,0.180996092875634,354.735736223014,-0.75392316787631,10
2019-07-11T22:00:00Z,358.157900142552,15.705574470874,0,1.75380124453854,5,0,0.181011400961731,354.554740130138,-0.497109463899235,10
2019-07-11T23:00:00Z,357.895458320613,15.1460254315869,0,0.935919018498069,5,0,0.181026710342539,354.373728729177,0.0711841249934837,10
2019-07-12T00:00:00Z,356.742196578994,15.0425245921055,0,0.5,5,0,0.181042021018166,354.192702018834,0.179583573150805,10
2019-07-12T01:00:00Z,356.548230717357,14.7169366209255,0,0.5,5,0,0.181057332988723,354.011659997816,0.523307401856454,10
2019-07-12T02:00:00Z,354.340029084988,14.7875851343874,0,0.5,5,0,0.181072646254319,353.830602664827,0.448075265603327,10
2019-07-12T03:00:00Z,352.356891697158,14.6525200496168,0,0.5,5,0,0.181087960815062,353.649530018573,0.572960077631566,10
2019-07-12T04:00:00Z,353.76693932894,15.1055131997667,23.5970296006445,0.5,5,0.023492907182696,0.181103276671064,353.468442057758,0.113341094798263,10
2019-07-12T05:00:00Z,354.393214847624,15.5580698989005,131.048384723289,0.5,5,0.12987533169383,0.181118593822433,353.31083168827,-0.32348422010137,10
2019-07-12T06:00:00Z,357.789766366057,15.5230699252158,233.166206420844,0.5,5,0.228770979824151,0.181133912269279,353.259588426141,-0.303333844434718,10
2019-07-12T07:00:00Z,357.354258542863,15.3770201230846,325.794405196507,0.5,5,0.315329942147288,0.181149232011712,353.307225493696,-0.144938963236807,10
2019-07-12T08:00:00Z,355.628142774454,15.0493825447085,405.163109370296,0.5,5,0.386387967990606,0.181164553049841,353.441406203832,0.18753780459562,10
2019-07-12T09:00:00Z,351.657988457557,14.7943565930787,468.042094948906,0.5,5,0.440342489719665,0.181179875383775,353.646629618773,0.459118661074187,10
2019-07-12T10:00:00Z,351.699307226505,14.8263363282108,511.872252394074,0.5,5,0.476672615775547,0.181195199013625,353.905792233109,0.425122294415584,10
2019-07-12T11:00:00Z,351.5918050794,14.9847192168771,534.869739728242,0.761473057279457,5,0.495381356317568,0.1812105239395,354.201269649871,0.261069833753315,10
2019-07-12T12:00:00Z,352.725910788348,14.9079010182714,536.098583054066,1.35587821645309,5,0.4965577998048,0.181225850161509,354.515440482248,0.334938997606323,10
2019-07-12T13:00:00Z,352.754182687157,15.2666490229793,515.508769721897,1.78630989391899,5,0.480150236710676,0.181241177679763,354.830772431891,-0.0252790861986235,10
2019-07-12T14:00:00Z,356.244124376226,15.7924308029245,473.938283792776,2.14305915496176,5,0.445975161287155,0.18125650649437,355.129681490922,-0.538910279787369,10
2019-07-12T15:00:00Z,358.861232884337,15.9180841948062,413.079000955735,3.46200056476341,5,0.393958173543948,0.18127183660544,355.394400145715,-0.683275196941444,10
2019-07-12T16:00:00Z,360.093706833371,15.9416143221979,335.4078309409,3.23836907390185,5,0.324573343052934,0.181287168013084,355.607086482654,-0.695155958909053,10
2019-07-12T17:00:00Z,360.252416692128,15.8847280187613,244.08590986082,4.15228357967999,5,0.239382967971243,0.181302500717411,355.750372657693,-0.621167522981878,10
2019-07-12T18:00:00Z,361.898718539813,16.0118546934449,142.829945247238,4.21111529655946,5,0.141482900044611,0.181317834718529,355.808453124947,-0.767488751725067,10
2019-07-12T19:00:00Z,368.169218228989,16.679505225991,35.7609499069639,4.01172912479185,5,0.0355970579117766,0.18133317001655,355.768618190273,-1.44102194780754,10
2019-07-12T20:00:00Z,366.748146964752,16.7119737514946,0,4.33039821420409,5,0,0.181348506611583,355.622882078168,-1.45696461995443,10
2019-07-12T21:00:00Z,365.334730650611,16.7436100772187,0,4.06614970980127,5,0,0.181363844503737,355.441533571557,-1.48440849817365,10
2019-07-12T22:00:00Z,364.363878493609,16.827389886703,0,4.2758207020862,5,0,0.181379183693122,355.260169727053,-1.55282451104431,10
2019-07-12T23:00:00Z,364.941333653895,16.7105611346401,0,3.59365637203072,5,0,0.181394524179848,355.07879054336,-1.46088609504193,10
2019-07-13T00:00:00Z,365.907498767845,16.4367105368584,0,2.81652258400469,5,0,0.181409865964025,354.89739601918,-1.18197667496136,10
2019-07-13T01:00:00Z,361.316524871216,15.8714741770822,0,3.01150287049876,5,0,0.181425209045762,354.715986153216,-0.597824091527138,10
2019-07-13T02:00:00Z,359.02383508725,15.5140016197728,0,2.94262237910618,5,0,0.18144055342517,354.534560944171,-0.254180637964693,10
2019-07-13T03:00:00Z,356.642296185189,15.4191981876009,0,2.48704926057993,5,0,0.181455899102357,354.353120390745,-0.152405824107071,10
2019-07-13T04:00:00Z,355.6616595143,15.6421462602091,13.1195260839953,2.35710925729518,5,0.0130631091076792,0.181471246077433,354.171664491643,-0.372443225652251,10
2019-07-13T05:00:00Z,356.977210892624,15.7560336974526,76.7671660529654,2.0890023581527,5,0.0763316644197818,0.181486594350509,354.003256354673,-0.476921775709072,10
2019-07-13T06:00:00Z,358.338436824181,15.7476199228565,137.279814319796,1.91003438255327,5,0.136079805304336,0.181501943921695,353.898101424742,-0.470950150256177,10
2019-07-13T07:00:00Z,355.207630027558,15.4581214769182,192.186275711537,1.58467396296021,5,0.189696718354225,0.181517294791099,353.852679286125,-0.18978120356447,10
2019-07-13T08:00:00Z,354.829552112521,15.0130219592435,239.244298628877,1.69060765207539,5,0.235036489442975,0.181532646958832,353.860858709688,0.244086412689383,10
2019-07-13T09:00:00Z,352.196716949045,14.3445104904393,276.532143362639,1.72822052550106,5,0.270481152188025,0.181548000425003,353.914362552172,0.925946535861264,10
2019-07-13T10:00:00Z,352.925873428553,14.5571786050943,302.527061453535,2.45555454749217,5,0.294916118061466,0.181563355189723,354.003295703935,0.722720342928894,10
2019-07-13T11:00:00Z,352.950621342893,14.4397020170359,316.167481181482,1.98731392292541,5,0.307656531630485,0.181578711253101,354.116648466807,0.846815585266926,10
2019-07-13T12:00:00Z,357.324812035908,14.9819038647393,316.896359674383,2.60716173143315,5,0.308369165931314,0.181594068615247,354.242726287184,0.299747463431776,10
2019-07-13T13:00:00Z,358.102843460201,15.435871799094,304.683931237546,2.73872919676791,5,0.297025291324346,0.181609427276271,354.3695013845,-0.174848702639968,10
2019-07-13T14:00:00Z,360.861385442317,15.6770151801855,280.028922915111,2.90038256571726,5,0.27390292637341,0.181624787236283,354.484917248548,-0.398252949068646,10
2019-07-13T15:00:00Z,359.668592699035,15.7059685695802,243.938187642792,3.26995547172602,5,0.239637448420236,0.181640148495392,354.577195387685,-0.43853239076022,10
2019-07-13T16:00:00Z,357.576365470064,16.0107101408525,197.885586726408,4.21315629639667,5,0.195300530542231,0.181655511053709,354.635192687609,-0.735484393206673,10
2019-07-13T17:00:00Z,355.679588125569,15.7024691832139,143.751800789696,3.8767723208716,5,0.142471624084224,0.181670874911343,354.648837707098,-0.432203911158596,10
2019-07-13T18:00:00Z,355.564109751659,15.5245612286955,83.7475271716678,3.70475140246173,5,0.0832589544995743,0.181686240068404,354.609638456271,-0.224986805031255,10
2019-07-13T19:00:00Z,356.401588569307,15.9914389391707,20.323200212388,3.74525555685733,5,0.0202347717304262,0.181701606525003,354.511211170702,-0.709529968766713,10
2019-07-13T20:00:00Z,357.676600644662,16.1163464938679,0,3.85440047643438,5,0,0.181716974281249,354.349744335908,-0.812732231660859,10
2019-07-13T21:00:00Z,359.358618515883,16.4531849039694,0,3.86658816732251,5,0,0.181732343337251,354.168027361627,-1.18435537463208,10
2019-07-13T22:00:00Z,357.818438594837,16.1301201031644,0,4.53233717291914,5,0,0.181747713693121,353.986295018289,-0.850454677377339,10
2019-07-13T23:00:00Z,359.409110718128,15.8285180407215,0,4.34188679224014,5,0,0.181763085348967,353.804547304596,-0.531815335298429,10
2019-07-14T00:00:00Z,357.26248944357,15.5526829445695,0,3.95954223512814,5,0,0.1817784583049,353.622784219247,-0.26800564466936,10
2019-07-14T01:00:00Z,352.250567863359,15.0905252238985,0,3.64404702368165,5,0,0.18179383256103,353.441005760942,0.220582819528851,10
2019-07-14T02:00:00Z,349.782007103267,14.7838874800319,0,2.85376822722648,5,0,0.181809208117467,353.259211928381,0.502094515813104,10
2019-07-14T03:00:00Z,353.375056894086,14.6491234888895,0,2.78552712817029,5,0,0.18182458497432,353.077402720263,0.623056890425814,10
2019-07-14T04:00:00Z,352.52667923886,15.0419252927404,32.1711370707761,2.11363933547692,5,0.0320269911031826,0.1818399631317,352.895578135289,0.252154432290401,10
2019-07-14T05:00:00Z,354.172330395603,15.868375517408,199.634685581299,1.43855547588132,5,0.197102859317462,0.181855342589717,352.74576516326,-0.576099518578016,10
2019-07-14T06:00:00Z,354.233442129193,16.3097002202393,358.916651620818,1.43556673276585,5,0.34787449566375,0.18187072334848,352.761012679988,-1.01358349326502,10
2019-07-14T07:00:00Z,357.582223077698,16.3559576007323,503.489218955889,1.57404447790644,5,0.475978441590202,0.1818861054081,352.927016452304,-1.06546525072464,10
2019-07-14T08:00:00Z,355.004438962702,15.9197743812582,627.427403262007,0.896983252113267,5,0.577454080144503,0.181901488768687,353.221108788485,-0.626630997903177,10
2019-07-14T09:00:00Z,354.406858565645,15.6763552286559,725.651874395444,1.58803465238305,5,0.651840462979294,0.181916873430351,353.616661379861,-0.383032373341725,10
2019-07-14T10:00:00Z,354.504055313295,15.7133343924771,794.137121414003,0.92123520707214,5,0.700508261202725,0.181932259393201,354.08658496941,-0.414904433999755,10
2019-07-14T11:00:00Z,356.967651388446,16.0511569055206,830.076429167472,1.66116134798195,5,0.72515128127878,0.181947646657348,354.605160971219,-0.758893611635221,10
2019-07-14T12:00:00Z,359.98912214135,16.3466919329283,831.996905260023,2.04231684170179,5,0.726813083821789,0.181963035222902,355.14836460584,-1.03053432827284,10
2019-07-14T13:00:00Z,363.192855133585,16.822193631058,799.819843261013,2.93307119018303,5,0.705446736779806,0.181978425089973,355.693214654439,-1.52473819883968,10
2019-07-14T14:00:00Z,364.702256940637,17.0133065522986,734.863948312553,3.56115974077142,5,0.659923160954415,0.181993816258671,356.216682966129,-1.69301332292325,10
2019-07-14T15:00:00Z,365.785112800413,17.003049229077,639.791292939519,4.55239131380437,5,0.588482933918814,0.182009208729106,356.694612310824,-1.70884200162551,10
2019-07-14T16:00:00Z,365.828080119733,16.941585812543,518.498217942645,4.85312013825832,5,0.489702075164322,0.182024602501389,357.101086036014,-1.62316352485103,10
2019-07-14T17:00:00Z,366.277190351077,16.2613533876453,375.955649558316,5.45758718556113,5,0.363956538497416,0.182039997575629,357.408763508677,-0.95613553772339,10
2019-07-14T18:00:00Z,366.474210874274,16.3285936256311,218.005377130249,5.13752554865987,5,0.215012447599734,0.182055393951936,357.590680049598,-1.01477807535765,10
2019-07-14T19:00:00Z,369.90573570122,16.2825047462657,51.1206403984474,5.16748973152636,5,0.0508761401482057,0.182070791630421,357.623637103246,-0.961110300698947,10
2019-07-14T20:00:00Z,373.068307836709,16.531695193686,0,5.74295115139042,5,0,0.182086190611193,357.492442451764,-1.22586654535194,10
2019-07-14T21:00:00Z,372.203079407088,16.9121045043762,0,5.89634227346048,5,0,0.182101590894364,357.310356261153,-1.59348055922482,10
2019-07-14T22:00:00Z,371.105385550482,16.7892977069241,0,5.0123715828947,5,0,0.182116992480042,357.128254670258,-1.47224459759021,10
2019-07-14T23:00:00Z,367.519791187688,16.4241391989543,0,4.45180651441392,5,0,0.182132395368339,356.946137677778,-1.11657470198991,10
2019-07-15T00:00:00Z,359.211605548834,15.7503644172007,0,4.1486066577526,5,0,0.182147799559364,356.76400528241,-0.424597366972493,10
2019-07-15T01:00:00Z,358.185455951835,15.3066007474375,0,3.38070201419913,5,0,0.182163205053227,356.581857482851,-0.00836816953797481,10
2019-07-15T02:00:00Z,357.774300540794,15.2289794084048,0,2.65568968301072,5,0,0.182178611850039,356.399694277798,0.108960705437056,10
2019-07-15T03:00:00Z,360.417157593386,14.7010413819651,0,3.00130859078107,5,0,0.182194019949911,356.217515665948,0.634671830424622,10
2019-07-15T04:00:00Z,361.062331776801,15.1417745324314,19.122448636293,2.18128422989103,5,0.0190396607585886,0.182209429352951,356.035321645998,0.181208698769993,10
2019-07-15T05:00:00Z,362.080548880724,15.6700048593742,126.817794756387,1.98967587449643,5,0.125886244989192,0.18222484005927,355.872151877403,-0.348077575172747,10
2019-07-15T06:00:00Z,363.963768619381,15.9371412758237,229.296583371586,2.13981444194972,5,0.226034384675311,0.182240252068979,355.815813282333,-0.606171789384845,10
2019-07-15T07:00:00Z,361.277378532457,15.8803398179865,322.343424245293,2.09960142902502,5,0.31471802970982,0.182255665382188,355.859607414939,-0.556443597324279,10
2019-07-15T08:00:00Z,357.706899152855,15.5305366360262,402.130903432965,1.99461871077374,5,0.388479132304032,0.182271079999007,355.992069779267,-0.202489696828595,10
2019-07-15T09:00:00Z,356.579074525651,15.2416401859889,465.377021163574,2.35326957506994,5,0.445178905917093,0.182286495919547,356.198277831572,0.0919077881282645,10
2019-07-15T10:00:00Z,358.050413171123,15.2120971743854,509.480194506766,2.30795362006426,5,0.483715839056995,0.182301913143916,356.461170241569,0.11945628803421,10
2019-07-15T11:00:00Z,360.038873232604,15.5611667609989,532.626271589496,3.22988291286818,5,0.503633713604733,0.182317331672227,356.762584167482,-0.210314765594064,10
2019-07-15T12:00:00Z,359.964399235175,15.5072081650022,533.863155410338,3.27108698871297,5,0.504781410479725,0.182332751504589,357.083900549415,-0.175565655011445,10
2019-07-15T13:00:00Z,357.879835936198,15.5203026045565,513.139967655325,3.11958581958687,5,0.487123070489384,0.182348172641112,357.40634920839,-0.192805852799832,10
2019-07-15T14:00:00Z,357.777195206256,15.7878915276355,471.309141540287,2.08464377879157,5,0.450739346378181,0.182363595081907,357.711124106238,-0.461717072552614,10
2019-07-15T15:00:00Z,353.296185004137,15.517446047707,410.091357592161,2.62595546121844,5,0.396018068337469,0.182379018827084,357.979499857534,-0.184356254034279,10
2019-07-15T16:00:00Z,354.283580960684,15.1666704793924,332.004764710328,2.57715451395394,5,0.323990881927157,0.182394443876753,358.193138907045,0.163585676576305,10
2019-07-15T17:00:00Z,352.82820007002,14.7010624504759,240.261397948005,2.93401151342299,5,0.236717125162652,0.182409870231025,358.334735345095,0.649638372932611,10
2019-07-15T18:00:00Z,352.213299170011,14.5620152166298,138.635053792724,2.52333691194274,5,0.137557942220952,0.18242529789001,358.389042600027,0.782962194423191,10
2019-07-15T19:00:00Z,355.584889815394,14.9070311557493,31.3060577998754,3.11803579572342,5,0.0311671297207698,0.182440726853819,358.344175244358,0.435672098046364,10
2019-07-15T20:00:00Z,356.826608210698,14.902137935858,0,3.0835469515925,5,0,0.182456157122561,358.192901647225,0.443139680941018,10
2019-07-15T21:00:00Z,355.819962941736,15.2649366452948,0,3.51740125372744,5,0,0.182471588696347,358.010445490102,0.0722405898818085,10
2019-07-15T22:00:00Z,356.769495294033,15.2423646968943,0,3.58063463630225,5,0,0.182487021575288,357.827973901406,0.128644640625992,10
2019-07-15T23:00:00Z,357.49538803974,14.7475215003256,0,3.73096757023099,5,0,0.182502455759494,357.645486879831,0.609316196919259,10
2019-07-16T00:00:00Z,359.816841516415,14.9145206627439,0,3.63954652221842,5,0,0.182517891249074,357.462984424071,0.443320741444567,10
2019-07-16T01:00:00Z,356.140530712774,14.3584610150179,0,3.35049002793254,5,0,0.182533328044141,357.280466532822,0.994491349890043,10
2019-07-16T02:00:00Z,355.078883948691,14.0228508823204,0,3.59678295341265,5,0,0.182548766144803,357.097933204778,1.33124109419492,10
2019-07-16T03:00:00Z,357.627416758995,14.3446282503512,0,3.00189315984238,5,0,0.182564205551172,356.915384438633,1.01590193065291,10
2019-07-16T04:00:00Z,360.445799150364,14.71346807673,27.0464819218313,2.08679575120155,5,0.0269277950634897,0.182579646263358,356.732820233082,0.645875643265805,10
2019-07-16T05:00:00Z,364.42577409383,15.1896090788347,193.490515427543,2.66444522369717,5,0.191397023668518,0.182595088281472,356.577168381882,0.17444646546763,10
2019-07-16T06:00:00Z,363.832517606879,15.4848058328205,351.944909163555,2.31029724657749,5,0.342967172565942,0.182610531605623,356.585970317269,-0.131751510405057,10
2019-07-16T07:00:00Z,360.434844951096,15.3455422088405,495.866740221838,2.57966830059681,5,0.473414393758241,0.182625976235922,356.746326958229,0.0259229552779944,10
2019-07-16T08:00:00Z,364.205335635795,15.3836363517164,619.313166481112,2.40058322210488,5,0.578227786560062,0.182641422172481,357.037115375751,-0.0383702739913819,10
2019-07-16T09:00:00Z,363.407398598048,15.2838327804776,717.186819346904,2.56957596528101,5,0.656072894565259,0.182656869415408,357.432701740138,0.0956773242538635,10
2019-07-16T10:00:00Z,362.920088067635,15.2315401883071,785.446285070254,2.94437188299357,5,0.707495937286372,0.182672317964815,357.906117765288,0.130138206250742,10
2019-07-16T11:00:00Z,363.634943529387,15.3580554371758,821.272983418448,2.37117354372641,5,0.73361753364217,0.182687767820813,358.43094138461,0.00776522439592742,10
2019-07-16T12:00:00Z,363.119016150421,15.5322863305519,823.187552918354,2.83544265671318,5,0.73521206375577,0.182703218983511,358.981871150431,-0.167867920509279,10
2019-07-16T13:00:00Z,363.588709999981,15.3622113998045,791.110936875206,2.79439375740069,5,0.71225887126526,0.18271867145302,359.534379995204,-0.00439191989899385,10
2019-07-16T14:00:00Z,363.978264574694,15.5696503981694,726.367647793659,3.9928699792298,5,0.663940025076133,0.182734125229451,360.063920195016,-0.206815270964762,10
2019-07-16T15:00:00Z,364.992723855949,15.6574386972041,631.631075406146,4.62807540349701,5,0.589080261320175,0.182749580312915,360.545126094862,-0.273524206913141,10
2019-07-16T16:00:00Z,363.901848785252,15.1897824488537,510.813096657744,5.444379930778,5,0.487046566781604,0.182765036703521,360.951456775869,0.200957165092614,10
2019-07-16T17:00:00Z,363.245354164904,14.7861575517235,368.902545888835,5.54436309324207,5,0.359019961524339,0.18278049440138,361.255738305947,0.574524980627191,10
2019-07-16T18:00:00Z,362.40620663438,14.6063808849401,211.759215129318,5.72473891693517,5,0.209260824145344,0.182795953406604,361.43197777307,0.769671603008842,10
2019-07-16T19:00:00Z,357.393164894685,14.5329503502433,45.8718906755406,5.91755776335601,5,0.0456602151906463,0.182811413719302,361.458442643809,0.83542338299356,10
2019-07-16T20:00:00Z,360.69360763912,15.1167154269649,0,6.02584604954843,5,0,0.182826875339586,361.321291445281,0.259187736693705,10
2019-07-16T21:00:00Z,359.541176176849,15.1067548984038,0,5.46095005866983,5,0,0.182842338267565,361.138464569941,0.272980484442271,10
2019-07-16T22:00:00Z,360.900811763089,15.1187841291137,0,5.13016783121905,5,0,0.18285780250335,360.955622231674,0.253540680935275,10
2019-07-16T23:00:00Z,358.689394966236,14.8376188847101,0,4.29998626330196,5,0,0.182873268047052,360.77276442917,0.544004128314057,10
2019-07-17T00:00:00Z,356.874315098292,14.7981944793527,0,4.5714164585248,5,0,0.182888734898782,360.589891161123,0.598486270615794,10
2019-07-17T01:00:00Z,359.195252165601,15.0033052481632,0,4.05873986879625,5,0,0.18290420305865,360.407002426225,0.367135384590969,10
2019-07-17T02:00:00Z,358.112802712692,15.0553261973331,0,3.93165110923765,5,0,0.182919672526767,360.224098223166,0.323195291620699,10
2019-07-17T03:00:00Z,359.597909697151,15.4386378076195,0,3.44484171014376,5,0,0.182935143303243,360.04117855064,-0.051915719455103,10
2019-07-17T04:00:00Z,359.038111673973,15.2402668518043,23.368928120251,3.38842963809885,5,0.0232673023381515,0.182950615388189,359.858243407336,0.148467438788395,10
2019-07-17T05:00:00Z,359.068813016233,15.7092950877926,182.421074599963,3.21002388905374,5,0.180651451412953,0.182966088781716,359.698560094287,-0.322369242977138,10
2019-07-17T06:00:00Z,359.251095811664,15.9574392711345,333.910699778703,3.39649810757214,5,0.326507739652736,0.182981563483935,359.696245456918,-0.566472930829536,10
2019-07-17T07:00:00Z,358.688936785523,15.6361948823117,471.557588940036,3.60309219013981,5,0.453097919102249,0.182997039494955,359.839771633087,-0.249090596039681,10
2019-07-17T08:00:00Z,356.418250886247,15.2503072975933,589.655397388985,3.7178040468615,5,0.555796178167367,0.183012516814889,360.109872512694,0.141592530472567,10
2019-07-17T09:00:00Z,352.833430225271,14.8284713350682,683.308214968505,3.55415928300573,5,0.632771277499309,0.183027995443846,360.482656174046,0.56209167858037,10
2019-07-17T10:00:00Z,352.446841435372,14.1215906456294,748.633532876395,3.476680425516,5,0.683982348489453,0.183043475381937,360.932399456102,1.28007385644755,10
2019-07-17T11:00:00Z,355.352195642751,14.2656386396172,782.923198508826,3.91916675283616,5,0.710083413442089,0.183058956629274,361.43333832921,1.13521685653043,10
2019-07-17T12:00:00Z,355.91555571573,14.1620837759495,784.755685721863,3.84163161712857,5,0.711604397837968,0.183074439185966,361.960362786023,1.23272532718929,10
2019-07-17T13:00:00Z,354.877702678502,14.4879682528104,754.055026189956,4.65149740195087,5,0.688532959767884,0.183089923052124,362.488892744674,0.921413015920386,10
2019-07-17T14:00:00Z,360.032263235487,14.9931080833635,692.093958779342,5.23369308837362,5,0.640307573104887,0.18310540822786,362.99433578139,0.406095778194552,10
2019-07-17T15:00:00Z,363.294686791667,15.3840778738426,601.441166374667,5.73883111091238,5,0.566219084585692,0.183120894713284,363.451537946268,0.0204602922127158,10
2019-07-17T16:00:00Z,358.606688115352,14.8483454404296,485.854787530133,6.02181216230772,5,0.466207011186052,0.183136382508506,363.83463613614,0.553933608320374,10
2019-07-17T17:00:00Z,359.31727195831,14.7078453054095,350.126617568901,6.62750246197138,5,0.34193098136196,0.183151871613638,364.117706764818,0.687280095934482,10
2019-07-17T18:00:00Z,359.093213774031,14.5289338792289,199.883457992522,6.85971642561506,5,0.197767878439243,0.18316736202879,364.276485874566,0.880906422101411,10
2019-07-17T19:00:00Z,355.502726661608,14.2008461557352,41.3538495390308,6.80609895473752,5,0.0411664847592849,0.183182853754073,364.291086390977,1.18439882563947,10
2019-07-17T20:00:00Z,356.926667308455,14.500660720353,0,6.57867541533486,5,0,0.183198346789598,364.149070021982,0.894653831249291,10
2019-07-17T21:00:00Z,357.659218333093,14.9878081311854,0,6.34724576677467,5,0,0.183213841135476,363.965871675192,0.424718133505076,10
2019-07-17T22:00:00Z,360.62040535466,15.6651463375004,0,6.45573921481207,5,0,0.183229336791817,363.782657834057,-0.245243561206586,10
2019-07-17T23:00:00Z,360.828228276121,15.7391174653074,0,6.1805600654609,5,0,0.183244833758733,363.599428497265,-0.345436495878653,10
2019-07-18T00:00:00Z,361.136455453614,15.609698171989,0,5.54520912571515,5,0,0.183260332036334,363.416183663506,-0.187872203051903,10
2019-07-18T01:00:00Z,359.878727501448,15.1302872670544,0,4.99541128637342,5,0,0.183275831624731,363.23292333147,0.267620847351945,10
2019-07-18T02:00:00Z,357.477331637118,14.9533306140077,0,3.5573760366868,5,0,0.183291332524035,363.049647499845,0.453206183052119,10
2019-07-18T03:00:00Z,363.124525090195,15.1704426404593,0,3.26529988409466,5,0,0.183306834734357,362.866356167321,0.230012437890353,10
2019-07-18T04:00:00Z,363.245893173754,15.5653516837815,17.2401093746371,3.30296789492156,5,0.0171658895031648,0.183322338255808,362.683049332587,-0.152172817967676,10
2019-07-18T05:00:00Z,367.166390168733,16.0496815682742,148.981496826972,2.49105419352782,5,0.147833515407881,0.183337843088498,362.516892883834,-0.632940182827829,10
2019-07-18T06:00:00Z,367.970714417888,16.2273762760104,274.521230488296,2.30382341857684,5,0.270176884985222,0.183353349232538,362.481388556153,-0.805755511694306,10
2019-07-18T07:00:00Z,367.577111789008,16.0204357844548,388.633467003799,1.96328682203014,5,0.378109951173578,0.18336885668804,362.568212091906,-0.60590931991869,10
2019-07-18T08:00:00Z,367.576694672417,15.5580049710862,486.568055520796,1.60489005600264,5,0.467388969578619,0.183384365455114,362.762953186391,-0.138201507683505,10
2019-07-18T09:00:00Z,361.201937919198,14.7563991118019,564.248272250877,1.73407154922515,5,0.535595981698488,0.183399875533872,363.046957790515,0.667881052451454,10
2019-07-18T10:00:00Z,364.168068166953,14.8505880230281,618.440522279029,1.60477482483432,5,0.581686601143665,0.183415386924424,363.39915389668,0.562187753537367,10
2019-07-18T11:00:00Z,361.199427349774,14.6035261149799,646.88894444136,1.85259615267136,5,0.605390931134824,0.183430899626881,363.797425110899,0.813212334483979,10
2019-07-18T12:00:00Z,361.666915706889,14.7837447175277,648.409316073254,2.75891999403878,5,0.606706695441403,0.183446413641353,364.219385142407,0.655039601478372,10
2019-07-18T13:00:00Z,364.035651637446,15.4243003546912,622.938348654352,2.39954639710717,5,0.585617164916455,0.183461928967953,364.642645424207,-0.0275817278270354,10
2019-07-18T14:00:00Z,364.342113672306,15.6136300844238,571.536322320232,2.5210553187838,5,0.542083255242993,0.183477445606791,365.044800660156,-0.17657171879363,10
2019-07-18T15:00:00Z,363.650517992901,15.564636271967,496.342949573922,2.74512345349062,5,0.476309932653708,0.183492963557978,365.403406469792,-0.125285929617792,10
2019-07-18T16:00:00Z,359.232989022193,15.393400413855,400.488305458853,3.64934953658016,5,0.389239398367154,0.183508482821625,365.696223438887,0.0501091918049412,10
2019-07-18T17:00:00Z,359.907345598929,15.351236252781,287.962531903537,4.31521080391386,5,0.283144296652544,0.183524003397843,365.901954354433,0.0759981898071883,10
2019-07-18T18:00:00Z,357.505685448679,15.2913623321263,163.449740056129,4.48573569090334,5,0.162091078704177,0.183539525286743,366.001574647688,0.149537537675567,10
2019-07-18T19:00:00Z,353.796608393817,15.4958703869084,32.1330247575023,4.06762560709718,5,0.0319911315914446,0.183555048488436,365.980126201105,-0.0599659943311495,10
2019-07-18T20:00:00Z,357.070137129134,15.8812871032222,0,4.20709075636122,5,0,0.183570573003034,365.828562284208,-0.452666875241817,10
2019-07-18T21:00:00Z,364.103850690615,16.7063228686887,0,4.16621500149584,5,0,0.183586098830646,365.644991711205,-1.26454438886814,10
2019-07-18T22:00:00Z,362.447058725359,16.7117948808283,0,4.19754602626327,5,0,0.183601625971384,365.461405612375,-1.27059137257841,10
2019-07-18T23:00:00Z,361.227965633892,16.3937317387732,0,3.92595716527142,5,0,0.18361715442536,365.277803986403,-0.95887197644849,10
2019-07-19T00:00:00Z,360.680653596399,15.9101648871301,0,2.99493846689925,5,0,0.183632684192684,365.094186831977,-0.474765815616412,10
2019-07-19T01:00:00Z,358.352238050082,15.4551588989151,0,2.52076743042799,5,0,0.183648215273467,364.910554147785,-0.0165677608489704,10
2019-07-19T02:00:00Z,357.394499962926,15.3361377492267,0,2.79461353298903,5,0,0.183663747667821,364.726905932511,0.111376664406521,10
2019-07-19T03:00:00Z,360.258554738651,15.1532232608652,0,1.70757315555846,5,0,0.183679281375856,364.543242184843,0.290003210864883,10
2019-07-19T04:00:00Z,364.449877292018,15.6983111613008,19.3391766556794,1.45991646807254,5,0.0192557307151616,0.183694816397684,364.359562903467,-0.266832874735485,10
2019-07-19T05:00:00Z,367.574806019122,16.3090970605792,188.507390017959,1.87868416488363,5,0.186705059486156,0.183710352733416,364.195123817785,-0.859761275278169,10
2019-07-19T06:00:00Z,369.3568625682,16.3042661038623,349.795248678526,1.48345576829573,5,0.342024753458006,0.183725890383163,364.198118524537,-0.860436067900442,10
2019-07-19T07:00:00Z,367.320979945493,16.0380916863062,496.460282036074,1.59643589062174,5,0.476794518177819,0.183741429347036,364.356417387612,-0.581733533740933,10
2019-07-19T08:00:00Z,367.130447248391,15.8491273259842,622.371311439803,1.38357379098343,5,0.585999478032782,0.183756969625145,364.649470476443,-0.411215108898933,10
2019-07-19T09:00:00Z,363.871594770206,15.4720299278298,722.264757714039,1.65868424433858,5,0.667702493873842,0.183772511217604,365.05171298485,-0.0398654951500038,10
2019-07-19T10:00:00Z,361.516088652699,15.216154148635,791.964679592275,1.28189607350966,5,0.721938006761647,0.183788054124522,365.535642967507,0.231368357504793,10
2019-07-19T11:00:00Z,365.639334879788,15.1691491837405,828.557344583546,1.31225648928595,5,0.749497189020222,0.18380359834601,366.073792920144,0.278230371153243,10
2019-07-19T12:00:00Z,367.100279701384,15.187527434982,830.513034518266,2.13281192480495,5,0.751018306334538,0.18381914388218,366.639486510818,0.274234884338312,10
2019-07-19T13:00:00Z,369.472244605996,15.1720037902181,797.74999381979,3.49056108165831,5,0.726518840565518,0.183834690733144,367.20668567327,0.265552099479307,10
2019-07-19T14:00:00Z,368.81597228201,15.8484282032275,731.637847210982,3.67282781465637,5,0.675377959996061,0.183850238899012,367.749369823103,-0.401613728090039,10
2019-07-19T15:00:00Z,365.64551373587,15.299658739579,634.940343982091,4.19098580836686,5,0.596767537014147,0.183865788379895,368.2408975442,0.157831206261659,10
2019-07-19T16:00:00Z,362.646051626861,14.9397857351286,511.699822336097,5.02175123691009,5,0.490524549745452,0.183881339175904,368.653799292835,0.512851420687106,10
2019-07-19T17:00:00Z,363.3195700651,14.8649978272926,367.068223658971,5.16160708741475,5,0.358343490904594,0.183896891287152,368.960442503404,0.594339754615565,10
2019-07-19T18:00:00Z,366.636006905812,15.0582188325784,207.091720986913,5.38388622729494,5,0.204903945370802,0.183912444713749,369.134889103022,0.392298164787739,10
2019-07-19T19:00:00Z,365.643937567975,14.9868180343561,38.457965052745,5.77068265307631,5,0.0382857689683847,0.183927999455806,369.155880603679,0.46868941945883,10
2019-07-19T20:00:00Z,367.581727144407,15.2118732452592,0,4.71317571319441,5,0,0.183943555513435,369.010238373191,0.243931428029103,10
2019-07-19T21:00:00Z,369.3991650496,15.2577064481709,0,4.87430746877252,5,0,0.183959112886747,368.826294817678,0.191104868391836,10
2019-07-19T22:00:00Z,368.153240666427,15.4773266689348,0,4.29512318315274,5,0,0.183974671575853,368.642335704791,-0.00599629469215847,10
2019-07-19T23:00:00Z,368.567927893179,15.5081692385588,0,4.06469111347402,5,0,0.183990231580865,368.458361033216,-0.0448299327914644,10
2019-07-20T00:00:00Z,364.510631391941,14.8178588178488,0,3.5863450788607,5,0,0.184005792901893,368.274370801635,0.646581771172903,10
2019-07-20T01:00:00Z,366.058635676195,15.1844633106921,0,3.17751032844871,5,0,0.18402135553905,368.090365008733,0.297876274620644,10
2019-07-20T02:00:00Z,363.076264846015,15.0384666515832,0,3.17849493493573,5,0,0.184036919492446,367.906343653194,0.440710784365139,10
2019-07-20T03:00:00Z,364.551399534044,15.0608235687986,0,2.92100631544362,5,0,0.184052484762192,367.722306733701,0.405989640837761,10
2019-07-20T04:00:00Z,367.392751551373,15.2168334150272,12.6536054362846,2.34233539703659,5,0.0125994203580899,0.184068051348401,367.538254248939,0.266966513019915,10
2019-07-20T05:00:00Z,367.173736902357,15.30454105808,142.692737631634,2.10016527552805,5,0.141659447305488,0.184083619251183,367.366785617949,0.167919208348141,10
2019-07-20T06:00:00Z,369.908266350165,15.4663229390717,266.740595828076,2.2687215574193,5,0.26285057241754,0.18409918847065,367.324361446003,0.00686457460223437,10
2019-07-20T07:00:00Z,365.831744893136,15.0986347243583,379.588753025275,2.3597067353603,5,0.370139110255529,0.184114759006913,367.40311282995,0.38177972263856,10
2019-07-20T08:00:00Z,366.36038995859,15.4652956950199,476.499026739231,1.70135533020037,5,0.459200677096506,0.184130330860083,367.589137181199,0.0161095010267414,10
2019-07-20T09:00:00Z,367.74584092581,15.3919939827271,553.402422200019,0.535957759471389,5,0.527453743713721,0.184145904030272,367.864207527435,0.0881805545463126,10
2019-07-20T10:00:00Z,366.099565658054,15.2710875530974,607.069978205415,0.931259661523642,5,0.573675492836133,0.184161478517592,368.207515367119,0.208892570809466,10
2019-07-20T11:00:00Z,365.902382090373,15.2725889540797,635.248342284809,1.08467008759519,5,0.597457633178135,0.184177054322153,368.597029381438,0.215161249764796,10
2019-07-20T12:00:00Z,365.742238337432,15.3538030497437,636.75438274669,1.63287014898119,5,0.598730036763011,0.184192631444067,369.010309960294,0.141138652559172,10
2019-07-20T13:00:00Z,365.381477907613,15.3809354402125,611.524865111082,2.17419739125559,5,0.57748805135924,0.184208209883446,369.424847365613,0.10137582388794,10
2019-07-20T14:00:00Z,367.85678940749,15.8473800432159,560.619107150731,2.39261494347461,5,0.533779028096534,0.184223789640401,369.818127207088,-0.345362420462099,10
2019-07-20T15:00:00Z,367.354756528929,15.7253348031355,486.1745010632,2.96243482396074,5,0.467950221942207,0.184239370715043,370.167682445544,-0.244934774431274,10
2019-07-20T16:00:00Z,366.396593843094,15.4229191648411,391.31677027502,3.57325268782528,5,0.381108592139206,0.184254953107484,370.451393296772,0.0870954066923709,10
2019-07-20T17:00:00Z,365.253527233749,14.9134760682152,280.028728946877,4.2762405376099,5,0.275666019409152,0.184270536817835,370.648246935804,0.58597686202504,10
2019-07-20T18:00:00Z,367.531692498991,14.9020388337301,156.983054605781,4.51532924812716,5,0.155750839466808,0.184286121846207,370.739642418395,0.586845912688071,10
2019-07-20T19:00:00Z,365.529906472619,14.6641502578195,27.34609531957,4.24567995573121,5,0.0272266466345454,0.184301708192713,370.711107136016,0.80834322398152,10
2019-07-20T20:00:00Z,366.075770143889,15.0647257299905,0,4.17687363683003,5,0,0.184317295857464,370.554032074458,0.426293775540693,10
2019-07-20T21:00:00Z,368.772143226461,15.3876111739749,0,3.56916988989427,5,0,0.184332884840571,370.3697147786,0.105162846793218,10
2019-07-20T22:00:00Z,369.679993067119,15.5425598324296,0,3.47036846152068,5,0,0.184348475142145,370.185381893759,-0.0306103093412227,10
2019-07-20T23:00:00Z,368.480877919776,15.6307587602856,0,2.61950695937251,5,0,0.184364066762299,370.001033418617,-0.128246399546636,10
2019-07-21T00:00:00Z,370.07456169272,15.2610817570054,0,3.23388929394184,5,0,0.184379659701143,369.816669351854,0.220707087673846,10
2019-07-21T01:00:00Z,372.117950622818,15.4109317839416,0,2.07536026916052,5,0,0.184395253958789,369.632289692153,0.0930450887695946,10
2019-07-21T02:00:00Z,371.823388651558,15.3004157836582,0,1.67866772411507,5,0,0.18441084953535,369.447894438195,0.192656138996821,10
2019-07-21T03:00:00Z,371.307986214999,15.497968412623,0,2.20435889591868,5,0,0.184426446430935,369.263483588659,-0.011227343645353,10
2019-07-21T04:00:00Z,374.656287281539,15.8493152003486,7.84224539980629,1.41092036468323,5,0.0078087775986754,0.184442044645658,369.079057142229,-0.335124832716304,10
2019-07-21T05:00:00Z,372.483563115121,15.7568634226008,106.071410783269,0.798255247800278,5,0.105445420573584,0.184457644179629,368.902423875182,-0.2445963654433,10
2019-07-21T06:00:00Z,370.358806613437,15.557441612423,199.826819002573,0.5,5,0.197816323773223,0.18447324503296,368.823411651576,-0.0539418396651999,10
2019-07-21T07:00:00Z,366.753635504161,15.0683405255095,285.154162991351,0.5,5,0.280594033080989,0.184488847205762,368.836754730316,0.454784191295757,10
2019-07-21T08:00:00Z,362.103992613285,14.8575119035723,358.454604819105,0.5,5,0.350334780814553,0.184504450698148,368.932859916191,0.649366042725062,10
2019-07-21T09:00:00Z,359.754445005686,14.5695984603077,416.636563311025,0.5,5,0.404586570533294,0.184520055510228,369.098690246307,0.924797695745141,10
2019-07-21T10:00:00Z,361.858662143718,14.8469960007006,457.246107179633,0.5,5,0.441794515014425,0.184535661642115,369.31875676133,0.67461352021017,10
2019-07-21T11:00:00Z,365.123559090438,15.0081328436006,478.570454097687,0.5,5,0.461097105683935,0.18455126909392,369.576015614703,0.498867148113669,10
2019-07-21T12:00:00Z,365.101437192097,14.8579808493138,479.710210448269,0.5,5,0.462119436099266,0.184566877865755,369.852561451293,0.658392266352711,10
2019-07-21T13:00:00Z,367.407236433654,15.2614783557548,460.617304907533,0.5,5,0.444844604479944,0.184582487957731,370.130114009526,0.24553922627029,10
2019-07-21T14:00:00Z,370.522906526623,15.701029874728,422.097015941341,0.861233068752148,5,0.409605785705644,0.18459809936996,370.390376126048,-0.196574472215399,10
2019-07-21T15:00:00Z,370.967429537382,15.6402637714164,365.774007702413,0.711612352016589,5,0.357201478056485,0.184613712102554,370.615383812384,-0.117099445163697,10
2019-07-21T16:00:00Z,369.178123285271,15.1089601060024,294.02380682658,1.31748369031165,5,0.289096473785229,0.184629326155624,370.787971578338,0.402053023691323,10
2019-07-21T17:00:00Z,368.37461673254,15.2837696820585,209.872610220509,2.03107496763221,5,0.207631668030781,0.184644941529282,370.892438725967,0.232064596944001,10
2019-07-21T18:00:00Z,370.428767596817,15.2943012716618,116.869649632028,3.19032408577478,5,0.116137952635368,0.18466055822364,370.915425452469,0.235439547368834,10
2019-07-21T19:00:00Z,369.711275130616,15.3290342462943,18.9374962624471,3.54408238696525,5,0.0188558499995967,0.184676176238809,370.846902846881,0.169091965437902,10
2019-07-21T20:00:00Z,372.054104295666,15.2418039994781,0,3.23630311654581,5,0,0.184691795574901,370.681082520641,0.273823823776639,10
2019-07-21T21:00:00Z,372.658532426526,15.8055454387061,0,3.76279424962502,5,0,0.184707416232028,370.496390725066,-0.263999832223773,10
2019-07-21T22:00:00Z,369.707944319379,15.6216858129156,0,2.91069512935995,5,0,0.184723038210302,370.311683308834,-0.0942396742964888,10
2019-07-21T23:00:00Z,368.998405627574,15.6445654300581,0,2.92228728258578,5,0,0.184738661509833,370.126960270624,-0.132647266961665,10
2019-07-22T00:00:00Z,368.038422358377,15.6179491000345,0,2.66585776293425,5,0,0.184754286130735,369.942221609114,-0.0884432878347193,10
2019-07-22T01:00:00Z,369.286557486325,15.5493034086477,0,1.34564812123428,5,0,0.184769912073119,369.757467322983,-0.0175984775582686,10
2019-07-22T02:00:00Z,368.123366769186,15.3984957234892,0,1.00166650563177,5,0,0.184785539337096,369.57269741091,0.126245573682754,10
2019-07-22T03:00:00Z,369.966459329384,15.4601875604424,0,0.865314169126312,5,0,0.184801167922779,369.387911871572,0.0667090584952093,10
2019-07-22T04:00:00Z,371.195213322513,15.7847192663504,6.19223915281103,0.59475235474218,5,0.00616583356237001,0.184816797830279,369.20311070365,-0.250109514693941,10
2019-07-22T05:00:00Z,372.924283364968,15.7844772647967,106.193416617535,1.02948090079491,5,0.105564260241221,0.184832429059707,369.024459739381,-0.239829836093261,10
2019-07-22T06:00:00Z,373.125189343085,15.79258203552,201.694886179699,0.669824691604133,5,0.199629076266016,0.184848061611177,368.945191570563,-0.263496115690454,10
2019-07-22T07:00:00Z,370.658846870257,15.634903767315,288.649987217744,0.5,5,0.283906808881277,0.184863695484799,368.959972585218,-0.088991484553385,10
2019-07-22T08:00:00Z,369.978313974855,15.3619857601999,363.374192312065,0.5,5,0.354869852699663,0.184879330680685,369.059015698614,0.159339583270555,10
2019-07-22T09:00:00Z,370.359774349164,15.3196047662316,422.701230832285,0.5,5,0.410028839495322,0.184894967198947,369.229006220634,0.241553800965497,10
2019-07-22T10:00:00Z,370.920617734446,15.5799404419912,464.117252555217,0.5,5,0.44782722795792,0.184910605039698,369.45414009293,-0.0297295770325741,10
2019-07-22T11:00:00Z,370.398722967492,15.6042068442979,485.867346431052,0.5,5,0.46741938586942,0.184926244203048,369.717056715849,-0.0666828253780548,10
2019-07-22T12:00:00Z,373.135916609256,15.9305259498659,487.029901003901,0.5,5,0.468446297660562,0.184941884689111,369.999549857515,-0.386561895369462,10
2019-07-22T13:00:00Z,373.051529745612,15.9538804662932,467.555655630637,0.762453825609133,5,0.450895710455923,0.184957526497996,370.283054270487,-0.419955849498992,10
2019-07-22T14:00:00Z,372.77160922197,16.0861738354459,428.269787790179,1.48770815143963,5,0.415092009351489,0.184973169629818,370.548992454445,-0.548002914073591,10
2019-07-22T15:00:00Z,372.763200198874,15.8349283031699,370.836948038197,2.58818778546262,5,0.361819066228935,0.184988814084686,370.779111294166,-0.283203118024637,10
2019-07-22T16:00:00Z,370.720353710993,15.5377901751178,297.690724172597,2.19556474749156,5,0.292537269943914,0.185004459862714,370.95594154631,-0.0084354347222429,10
2019-07-22T17:00:00Z,371.42270157121,15.4900828813936,211.93052340763,3.14818570703647,5,0.209613390106593,0.185020106964014,371.063474356392,0.0679396108313565,10
2019-07-22T18:00:00Z,370.94975010607,15.3372671287821,117.190241943258,3.6981405104652,5,0.116450362944608,0.185035755388696,371.088067639535,0.223596701797071,10
2019-07-22T19:00:00Z,374.046610512696,15.4474836423913,17.484286762273,4.42057922204288,5,0.0174090249664193,0.185051405136873,371.01948224709,0.107488796373587,10
2019-07-22T20:00:00Z,375.872427962015,16.0208713307134,0,4.71424550371268,5,0,0.185067056208657,370.85183986692,-0.473753827085323,10
2019-07-22T21:00:00Z,377.050124393451,16.3922812148828,0,4.64802149918901,5,0,0.185082708604161,370.666772810711,-0.829694844726368,10
2019-07-22T22:00:00Z,373.739877384188,16.0325581447892,0,5.25400777558653,5,0,0.185098362323495,370.481690102106,-0.477091079770965,10
2019-07-22T23:00:00Z,375.101094411924,16.1607875840812,0,4.849823998697,5,0,0.185114017366772,370.296591739783,-0.584279833955335,10
2019-07-23T00:00:00Z,368.068734553816,15.3977648298725,0,3.62973840688976,5,0,0.185129673734104,370.111477722416,0.167268711624302,10
2019-07-23T01:00:00Z,365.805788419669,15.0755564928067,0,3.27350506947163,5,0,0.185145331425602,369.926348048682,0.50429296413026,10
2019-07-23T02:00:00Z,364.961438289599,14.5035440119228,0,2.05687460266481,5,0,0.18516099044138,369.741202717257,1.05286105762146,10
2019-07-23T03:00:00Z,367.913633581822,14.8309453700194,0,2.30112358858466,5,0,0.185176650781548,369.556041726815,0.744335183205501,10
2019-07-23T04:00:00Z,367.074002911744,15.1397076746424,4.62503182089604,1.3556675487958,5,0.0046053204694683,0.185192312446219,369.370865076034,0.434985816930179,10
2019-07-23T05:00:00Z,368.533238301457,15.3610250025252,110.765461007293,1.61408794939842,5,0.110087312804611,0.185207975435505,369.190278084057,0.211598029045502,10
2019-07-23T06:00:00Z,368.001604157776,15.5142519752187,212.190053478972,1.11570244294748,5,0.209841589179509,0.185223639749518,369.115157421426,0.0709697017063844,10
2019-07-23T07:00:00Z,368.140077026364,15.2053590690671,304.580659764035,0.878597245552178,5,0.299040787228166,0.185239305388369,369.139775370856,0.375174036579105,10
2019-07-23T08:00:00Z,368.070832034718,14.9367567292244,384.003752125117,1.52951521128981,5,0.37393614305447,0.185254972352172,369.253576852696,0.644250297137247,10
2019-07-23T09:00:00Z,363.583200652641,14.3712350226052,447.077894403811,1.82706663075948,5,0.431970106986388,0.185270640641038,369.442258023398,1.21378445815332,10
2019-07-23T10:00:00Z,362.684931214962,14.2647588260873,491.117706580007,1.42766247888331,5,0.471623790115698,0.185286310255079,369.688957489744,1.30056852017818,10
2019-07-23T11:00:00Z,362.837187647062,14.3572941754381,514.248194758667,1.64039807004275,5,0.492129426352804,0.185301981194407,369.975294969605,1.22334095193771,10
2019-07-23T12:00:00Z,363.996896479022,15.0891640430601,515.484578987716,1.85306687914043,5,0.493188441922912,0.185317653459134,370.282122414763,0.498516971507748,10
2019-07-23T13:00:00Z,365.819838686794,15.6334503271223,494.774220239719,1.8747473159214,5,0.474797552680777,0.185333327049372,370.589993203227,-0.0759212149067333,10
2019-07-23T14:00:00Z,364.315228312445,15.6263789388145,452.998861517148,2.57508429559689,5,0.437234526191466,0.185349001965234,370.879457428858,-0.0363981093332561,10
2019-07-23T15:00:00Z,367.208358210679,15.4581103187372,391.937087666244,4.09782880311527,5,0.381207925262966,0.185364678206832,371.131342953084,0.109866677168364,10
2019-07-23T16:00:00Z,368.148087756412,15.2825022626342,314.188602171948,3.95071411854512,5,0.308128121535043,0.185380355774277,371.32718620014,0.282756041699197,10
2019-07-23T17:00:00Z,365.989212744801,15.1050544220919,223.063544847461,4.14112991100418,5,0.220405182796071,0.185396034667683,371.449933965901,0.475167965379694,10
2019-07-23T18:00:00Z,366.94025346122,14.852358935767,122.441562715,5.47838251563116,5,0.121635215032217,0.18541171488716,371.484943114029,0.712992402760003,10
2019-07-23T19:00:00Z,367.445699327747,15.0914548430933,16.6066341314726,5.62914771159997,5,0.0165351984201662,0.185427396432821,371.421166614174,0.484551140534553,10
2019-07-23T20:00:00Z,370.276199745487,15.4042051736038,0,5.44194598507791,5,0,0.185443079304779,371.252274416162,0.189270366075076,10
2019-07-23T21:00:00Z,373.497775252998,16.0696609126794,0,5.30537639790328,5,0,0.185458763503145,371.066831336857,-0.482578560312867,10
2019-07-23T22:00:00Z,373.305325847467,15.7303534480676,0,4.36964739263598,5,0,0.185474449028032,370.881372573354,-0.130002598381812,10
2019-07-23T23:00:00Z,371.41639261791,15.3973025147255,0,4.02872436496692,5,0,0.185490135879552,370.695898124326,0.194207934453991,10
2019-07-24T00:00:00Z,370.593134966865,14.8894662057672,0,3.22839413567132,5,0,0.185505824057816,370.510407988446,0.683422366778597,10
2019-07-24T01:00:00Z,372.094001984952,15.0701381875935,0,2.33799784925471,5,0,0.185521513562939,370.324902164388,0.509616312191083,10
2019-07-24T02:00:00Z,372.361919788665,14.9410948477884,0,2.07613345775567,5,0,0.18553720439503,370.139380650825,0.653003015408018,10
2019-07-24T03:00:00Z,374.07070937018,15.1092254245817,0,1.41185121904811,5,0,0.185552896554203,369.95384344643,0.480252448549192,10
2019-07-24T04:00:00Z,375.413874157413,15.6741079408879,3.72897822933182,1.32695596969772,5,0.00371308964487706,0.185568590040571,369.768290549876,-0.0700379188487631,10
2019-07-24T05:00:00Z,373.655077369217,15.705236342767,154.046536629988,1.26724196212379,5,0.152811237697949,0.185584284854244,369.58643504948,-0.107477353138678,10
2019-07-24T06:00:00Z,373.830479679638,15.4922455748443,297.773447321799,1.24650183665468,5,0.292363649764271,0.185599980995336,369.553662002324,0.0941591525207736,10
2019-07-24T07:00:00Z,373.04346232689,15.5532484741164,428.760572158767,1.21086933223323,5,0.414762544738958,0.185615678463959,369.660425671093,0.0400134385722214,10
2019-07-24T08:00:00Z,372.466918509393,15.4137995848239,541.403825433541,1.43830224048882,5,0.515027801982941,0.185631377260225,369.889572537368,0.196388299726117,10
2019-07-24T09:00:00Z,368.918154446896,14.7975102421038,630.883936194932,1.06563713800462,5,0.590746640100527,0.185647077384246,370.218968962091,0.794285637092913,10
2019-07-24T10:00:00Z,370.605047352693,15.1703885042936,693.372633454977,0.735204221983487,5,0.641325013232405,0.185662778836134,370.624068524807,0.417108337175639,10
2019-07-24T11:00:00Z,368.937627858104,15.1722144000448,726.196432963816,0.716437401493099,5,0.667043341091974,0.185678481616003,371.079730759203,0.437187240585835,10
2019-07-24T12:00:00Z,371.099498419838,15.5446556181995,727.951018183337,1.58963226133535,5,0.668286365688593,0.185694185723964,371.561095618679,0.0621717694797794,10
2019-07-24T13:00:00Z,373.40357391224,15.848613631236,698.561321842895,1.98225873795756,5,0.645116761937224,0.185709891160129,372.043687798644,-0.250330912055125,10
2019-07-24T14:00:00Z,378.494191753528,16.1403920121006,639.284737578772,2.33721491522529,5,0.597238298638598,0.185725597924612,372.503094669421,-0.533353876951142,10
2019-07-24T15:00:00Z,375.924454455798,15.8174099147676,552.657324252238,2.65668459789642,5,0.524352934211739,0.185741306017523,372.914607370135,-0.207123647319229,10
2019-07-24T16:00:00Z,377.612965990611,15.8872696588604,442.38530451298,3.07891454760507,5,0.426882532917199,0.185757015438976,373.253218998329,-0.2849359030041,10
2019-07-24T17:00:00Z,377.247402742572,15.4531917906712,313.186499677487,3.61533225709557,5,0.306917277018152,0.185772726189083,373.494344515807,0.161705742652159,10
2019-07-24T18:00:00Z,372.174052804161,15.0266427757765,170.588484890921,3.85264826320115,5,0.169051590941272,0.185788438267957,373.615489066636,0.578922034526952,10
2019-07-24T19:00:00Z,372.421855849394,15.5215081283759,20.6921001981098,4.39679951519022,5,0.0206025218240771,0.185804151675709,373.59875221931,0.0888103101034881,10
2019-07-24T20:00:00Z,374.174892314914,15.9811912861495,0,4.94029711357858,5,0,0.185819866412452,373.433550589458,-0.358762792770162,10
2019-07-24T21:00:00Z,375.537696146414,15.9833264716793,0,5.28217884234344,5,0,0.185835582478299,373.247730723045,-0.369931848758937,10
2019-07-24T22:00:00Z,373.635846945954,16.2270080779645,0,5.12996900928839,5,0,0.185851299873362,373.061895140567,-0.626206914721279,10
2019-07-24T23:00:00Z,373.528938446914,16.2411728705516,0,5.41906814405415,5,0,0.185867018597753,372.876043840694,-0.62506677096617,10
2019-07-25T00:00:00Z,373.307239342342,16.0363131607064,0,5.09038376582033,5,0,0.185882738651585,372.690176822096,-0.433312704669118,10
2019-07-25T01:00:00Z,373.225638839254,15.8342416931388,0,4.74489800761975,5,0,0.18589846003497,372.504294083445,-0.218260021275409,10
2019-07-25T02:00:00Z,372.853286354294,15.5028677832815,0,4.34416678360145,5,0,0.185914182748021,372.31839562341,0.113262058750108,10
2019-07-25T03:00:00Z,370.454982212724,15.7225424718876,0,4.21032194228571,5,0,0.185929906790849,372.132481440661,-0.0670472740447834,10
2019-07-25T04:00:00Z,371.177568260539,15.8448584802591,0.370495586461231,3.52887770463961,5,0.000368917773282972,0.185945632163569,371.94655153387,-0.214946424360327,10
2019-07-25T05:00:00Z,370.955769838519,15.8621459904342,66.1564794382915,2.85071903533363,5,0.0658257990649574,0.185961358866291,371.76097481948,-0.231475828846918,10
2019-07-25T06:00:00Z,374.525204052852,16.3193983104573,129.097848429585,3.30069956037382,5,0.128184229616902,0.18597708689913,371.640839259678,-0.68989632862485,10
2019-07-25T07:00:00Z,377.249614178373,16.3777211264546,186.488231920681,2.54984389462187,5,0.18459815725901,0.185992816262196,371.583046402396,-0.75426307857374,10
2019-07-25T08:00:00Z,376.62344431548,15.928562075211,235.859942103569,3.04847373514822,5,0.232641371991574,0.186008546955602,371.581651743393,-0.325333763759743,10
2019-07-25T09:00:00Z,374.609305553127,15.8600953278614,275.090080334477,2.39697288826958,5,0.270409652009301,0.186024278979462,371.628284568429,-0.210718208548466,10
2019-07-25T10:00:00Z,378.215692686534,16.3562612401485,302.49181812525,3.32351481355844,5,0.296539399914792,0.186040012333888,371.712669941459,-0.728923744015275,10
2019-07-25T11:00:00Z,381.739517190885,16.6173044830263,316.88692786786,3.50956336513639,5,0.31016886473178,0.186055747018991,371.82316932904,-0.992174901163662,10
2019-07-25T12:00:00Z,379.926261702785,16.6114791199525,317.6564445956,4.81134436660608,5,0.310880175361931,0.186071483034885,371.947282446753,-0.982778809653395,10
2019-07-25T13:00:00Z,380.361722057985,16.9311627878247,304.767280412354,5.23419053993323,5,0.298657235230478,0.186087220381683,372.07209113908,-1.28416316320602,10
2019-07-25T14:00:00Z,381.182098038726,17.0788141752896,278.773647215229,5.26765406603924,5,0.273880712589899,0.186102959059496,372.184661153929,-1.43385727674956,10
2019-07-25T15:00:00Z,385.054740097986,16.9638507701694,240.793226535949,5.93349999590075,5,0.237362450151757,0.186118699068438,372.272438907459,-1.31188491213386,10
2019-07-25T16:00:00Z,378.353696465609,16.4727887283322,192.459111156822,6.29038114430483,5,0.19040207476827,0.18613444040862,372.323682658542,-0.829994036919088,10
2019-07-25T17:00:00Z,376.359684453944,16.269098210123,135.849584929192,6.77361067775689,5,0.134832766119104,0.186150183080156,372.327950292902,-0.628998272578444,10
2019-07-25T18:00:00Z,371.94424087882,15.9585496166617,73.3987601414152,6.97519811447987,5,0.0730166395058909,0.186165927083159,372.276632875941,-0.318551962537459,10
2019-07-25T19:00:00Z,370.536145157429,15.8193950288173,7.79191487588601,7.56394914926821,5,0.00775864840805633,0.18618167241774,372.163483588363,-0.191216771814553,10
2019-07-25T20:00:00Z,375.517423093445,16.2433992628043,0,7.84932123541219,5,0,0.186197419084012,371.985060564354,-0.595803308150918,10
2019-07-25T21:00:00Z,375.379018066539,16.4046892171165,0,7.44788474777639,5,0,0.186213167082089,371.798863145269,-0.761812960891874,10
2019-07-25T22:00:00Z,378.347995406424,16.5406495238912,0,7.2331223282967,5,0,0.186228916412082,371.612649978187,-0.896979175591702,10
2019-07-25T23:00:00Z,373.190592609801,16.2484735179702,0,7.53280269903419,5,0,0.186244667074104,371.426421061775,-0.589196595363167,10
2019-07-26T00:00:00Z,373.566090397505,16.256693772923,0,7.13235102685748,5,0,0.186260419068268,371.240176394701,-0.594581638187653,10
2019-07-26T01:00:00Z,370.595528839912,15.5404719533194,0,7.13928146246425,5,0,0.186276172394687,371.053915975633,0.13531499540277,10
2019-07-26T02:00:00Z,369.958237226673,15.0439400784358,0,7.05705700094317,5,0,0.186291927053474,370.867639803238,0.613209194931745,10
2019-07-26T03:00:00Z,368.871582240276,15.3539427375288,0,6.6068036094842,5,0,0.18630768304474,370.681347876184,0.298858764388651,10
2019-07-26T04:00:00Z,370.43212373136,15.7957193893848,0,6.44621285970188,5,0,0.186323440368599,370.495040193139,-0.149802704126351,10
2019-07-26T05:00:00Z,373.125738921034,16.3251246675705,145.047449709734,5.75597609762736,5,0.143874522663103,0.186339199025163,370.308716752771,-0.669208033603472,10
2019-07-26T06:00:00Z,373.782969539498,16.5168823051752,285.87656470715,5.37414303446045,5,0.280449350521549,0.186354959014546,370.266252076409,-0.842176332711174,10
2019-07-26T07:00:00Z,375.90770249742,16.5237730647353,414.350279283377,5.93512842011095,5,0.39996928705417,0.186370720336859,370.360346467916,-0.867385580971934,10
2019-07-26T08:00:00Z,375.221545492511,16.2432595715079,524.916042501571,5.85659761464167,5,0.497500043388286,0.186386482992216,370.573945034633,-0.566172585094622,10
2019-07-26T09:00:00Z,377.594028183912,16.388288871482,612.795273512214,6.30641616680554,5,0.57081176299954,0.18640224698073,370.885058595029,-0.729266439477452,10
2019-07-26T10:00:00Z,376.631339667326,16.2143093897136,674.189888729983,6.12651078492282,5,0.619551160931637,0.186418012302512,371.269468111048,-0.549706087882375,10
2019-07-26T11:00:00Z,378.339644267134,16.3461556842592,706.446452552359,5.21399145655492,5,0.644215006384198,0.186433778957676,371.702601259677,-0.657596480420596,10
2019-07-26T12:00:00Z,383.468765738265,16.9884389284418,708.170857131972,5.03908634588735,5,0.64532580071832,0.186449546946335,372.160382487104,-1.32316728001793,10
2019-07-26T13:00:00Z,384.789891761919,17.1605092103604,679.288574817032,5.20748093117395,5,0.62297820105405,0.186465316268601,372.619258740876,-1.50878626209494,10
2019-07-26T14:00:00Z,384.415557908695,17.2132140253855,621.047879188288,4.98343705446918,5,0.576792281403296,0.186481086924587,373.055771625661,-1.55245045345967,10
2019-07-26T15:00:00Z,382.668149060774,17.036863132717,535.965895481377,5.64730521071685,5,0.506278453351011,0.186496858914407,373.44608282014,-1.3786822960643,10
2019-07-26T16:00:00Z,380.807833791594,16.608900595564,427.719812060462,5.90026136569219,5,0.411598881526316,0.186512632238172,373.765864414577,-0.938002227072903,10
2019-07-26T17:00:00Z,377.677317477261,16.0521541798943,300.987954712971,5.68960872874739,5,0.294600436652837,0.186528406895996,373.990950663865,-0.386627074922544,10
2019-07-26T18:00:00Z,379.440621229736,15.7136980230115,161.24759243174,6.28800782970957,5,0.159761151382826,0.186544182887991,374.099022693622,-0.0374176286249709,10
2019-07-26T19:00:00Z,379.007272291129,15.8463595754555,14.5382133880207,6.17885685476879,5,0.0144757085093018,0.18655996021427,374.072239662117,-0.156371360326754,10
2019-07-26T20:00:00Z,378.164735852816,15.7683252288161,0,5.62368221204534,5,0,0.186575738874947,373.900155410412,-0.103088164436221,10
2019-07-26T21:00:00Z,381.969259428882,16.0333824644172,0,5.4349389123532,5,0,0.186591518870134,373.713579671537,-0.3672162093947,10
2019-07-26T22:00:00Z,381.244058810561,16.1464287647603,0,5.26797006523995,5,0,0.186607300199943,373.526988152667,-0.471492759884004,10
2019-07-26T23:00:00Z,378.704001499992,15.7409813469153,0,5.9625198891885,5,0,0.186623082864489,373.340380852467,-0.0534031795161916,10
2019-07-27T00:00:00Z,375.747375020372,15.1438621459638,0,5.6559312100223,5,0,0.186638866863882,373.153757769603,0.539898125271212,10
2019-07-27T01:00:00Z,374.360817656341,14.986989371083,0,5.03980575882967,5,0,0.186654652198238,372.967118902739,0.695305137801547,10
2019-07-27T02:00:00Z,374.316571354792,15.1283656722417,0,4.15390655734265,5,0,0.186670438867668,372.780464250541,0.569851822035822,10
2019-07-27T03:00:00Z,374.421345908439,15.4628356735715,0,3.789739273661,5,0,0.186686226872285,372.593793811673,0.218227916446571,10
2019-07-27T04:00:00Z,376.91279208981,16.1591847219378,0,3.25140579840742,5,0,0.186702016212203,372.407107584801,-0.45569950307692,10
2019-07-27T05:00:00Z,380.347218560297,16.9344239701985,134.620893120887,3.27484819302081,5,0.133560066972026,0.186717806887533,372.220405568589,-1.26327993490111,10
2019-07-27T06:00:00Z,378.917075260129,17.0363607984199,268.11612543053,3.12908527196127,5,0.263156148935858,0.18673359889839,372.167247828673,-1.34605018613295,10
2019-07-27T07:00:00Z,378.650167411276,16.9490455847441,389.962597096727,3.57795892590456,5,0.376727058021192,0.186749392244886,372.243670378711,-1.2512526500909,10
2019-07-27T08:00:00Z,376.995591672699,16.45792517661,494.866481120419,3.58242262790065,5,0.469515472880876,0.186765186927134,372.433648044487,-0.75653860233369,10
2019-07-27T09:00:00Z,372.13668847113,16.0917713071381,578.270050010961,3.00292819116787,5,0.539324488349209,0.186780982945248,372.716398330441,-0.415044688575036,10
2019-07-27T10:00:00Z,371.306253882366,15.8536768952719,636.549694001297,2.76428279807661,5,0.585755603064255,0.186796780299339,373.068941835845,-0.167440428487284,10
2019-07-27T11:00:00Z,375.688896822407,16.0861019565351,667.173354931412,2.98832518621522,5,0.609243791763952,0.186812578989521,373.46790065861,-0.411672712294876,10
2019-07-27T12:00:00Z,379.434362392612,16.6302767944872,668.810535817477,3.54243530988195,5,0.610273852829058,0.186828379015907,373.890331871385,-0.937667410390361,10
2019-07-27T13:00:00Z,378.805303707673,16.7053595983814,641.390106554053,4.91075049730659,5,0.58894491539689,0.186844180378611,374.313777345198,-1.01411231338573,10
2019-07-27T14:00:00Z,378.77263800739,16.5947209405307,586.103394282382,5.49793544375958,5,0.544921957199587,0.186859983077744,374.715878080216,-0.887346223226969,10
2019-07-27T15:00:00Z,380.861962113713,16.7650772680959,505.352424158473,6.03147716947171,5,0.477780026851471,0.18687578711342,375.073940054338,-1.06217305582349,10
2019-07-27T16:00:00Z,379.368004375665,16.0811592441989,402.645559288756,5.73446412620752,5,0.387725127820488,0.186891592485753,375.364844294076,-0.384120407390456,10
2019-07-27T17:00:00Z,377.604585264348,16.0666162116338,282.445073933627,6.09241490635222,5,0.276569926963531,0.186907399194855,375.565677829411,-0.351743994241359,10
2019-07-27T18:00:00Z,377.195455219711,15.7901587839497,149.973282420058,5.65779008136144,5,0.148621735629156,0.186923207240839,375.65534035718,-0.0891017485668764,10
2019-07-27T19:00:00Z,376.069717378244,15.9194949842382,10.9856468220734,5.46614757514982,5,0.0109385798987682,0.186939016623818,375.617038885568,-0.202587705482768,10
2019-07-27T20:00:00Z,373.604477911727,16.170082906739,0,5.79859891107411,5,0,0.186954827343906,375.441038448843,-0.458416799074553,10
2019-07-27T21:00:00Z,372.820818281447,16.1555770811495,0,6.05416335074773,5,0,0.186970639401215,375.254083621498,-0.442713443389597,10
2019-07-27T22:00:00Z,375.061167693376,16.5467527146703,0,5.61968148012242,5,0,0.186986452795859,375.067112982097,-0.83018551094449,10
2019-07-27T23:00:00Z,375.230577828407,16.419396587922,0,5.05214301696861,5,0,0.187002267527951,374.880126529301,-0.7168525825149,10
2019-07-28T00:00:00Z,371.954029737747,15.4730549739748,0,4.55552089772289,5,0,0.187018083597603,374.693124261773,0.222829263156977,10
2019-07-28T01:00:00Z,370.44495349831,15.5814987127411,0,4.94254226752722,5,0,0.187033901004929,374.506106178176,0.13785373012777,10
2019-07-28T02:00:00Z,369.327467587315,15.6210537076092,0,3.33669195503283,5,0,0.187049719750043,374.319072277171,0.0784363123583514,10
2019-07-28T03:00:00Z,371.423864316342,15.8033813900029,0,2.88006462268025,5,0,0.187065539833056,374.132022557421,-0.098667508020816,10
2019-07-28T04:00:00Z,371.91697962371,16.1097861233006,0,2.98942841846886,5,0,0.187081361254083,373.944957017588,-0.396973557947113,10
2019-07-28T05:00:00Z,376.009243704403,16.5834214163612,77.1714544170132,2.60326790802589,5,0.0767400616745649,0.187097184013237,373.757875656334,-0.86152553638939,10
2019-07-28T06:00:00Z,375.824346354597,16.7878728543102,155.396502242253,1.86980096671322,5,0.153895810468718,0.18711300811063,373.647518533995,-1.06428029039247,10
2019-07-28T07:00:00Z,375.562017579705,16.3886285509388,226.833782485237,2.02888540039506,5,0.223264950128047,0.187128833546376,373.614301336353,-0.68823875962671,10
2019-07-28T08:00:00Z,373.5129848602,16.1728171785745,288.362892511407,2.37432537221674,5,0.281806883109975,0.187144660320588,373.650437452935,-0.450375712477851,10
2019-07-28T09:00:00Z,371.857964966202,15.8009501744779,337.29622164501,1.91472718583346,5,0.327361478102053,0.18716048843338,373.745099675725,-0.097413792816098,10
2019-07-28T10:00:00Z,373.870699824506,15.6198918198016,371.49634683989,1.9600813923708,5,0.358578285641171,0.187176317884864,373.885300665393,0.12511428289288,10
2019-07-28T11:00:00Z,374.545761468143,15.578783106957,389.469395983371,2.50576437013875,5,0.374732937604385,0.187192148675154,374.05670263315,0.135536804505072,10
2019-07-28T12:00:00Z,375.157559967333,15.7240160057397,390.430300695084,2.49578869754287,5,0.375531222286557,0.187207980804362,374.244243422079,0.0178528888222256,10
2019-07-28T13:00:00Z,378.295875076985,15.9157387951886,374.337088358157,2.85119335539047,5,0.360980752811122,0.187223814272603,374.432566663561,-0.192876914452938,10
2019-07-28T14:00:00Z,378.952483936292,16.1491129767516,341.892715496186,3.13793755269082,5,0.331374120687007,0.18723964907999,374.6063236021,-0.415405840836349,10
2019-07-28T15:00:00Z,377.166892350024,15.9732287150352,294.514362413496,3.44614631196711,5,0.287389657343088,0.187255485226635,374.750458073706,-0.25250592590379,10
2019-07-28T16:00:00Z,376.652837828443,15.8909064815941,234.271530318385,3.71956593351493,5,0.230277664917515,0.187271322712652,374.850592245823,-0.15974054276221,10
2019-07-28T17:00:00Z,374.74758696055,15.5543562283628,163.795644866244,4.55315681721121,5,0.162060592782995,0.187287161538154,374.893598588028,0.182974445558124,10
2019-07-28T18:00:00Z,374.824147179447,15.4939794902219,86.1651146679531,5.20483612734777,5,0.0856455021058511,0.187303001703255,374.868372019273,0.253799928132654,10
2019-07-28T19:00:00Z,375.371882129952,15.5637333566656,4.77086544365176,5.47905876665437,5,0.00475052197395492,0.187318843208068,374.766714519676,0.163745883395178,10
2019-07-28T20:00:00Z,378.205336670827,16.0301776868245,0,5.35428273663483,5,0,0.187334686052705,374.584146198441,-0.310820354284331,10
2019-07-28T21:00:00Z,378.178966098513,16.3084969155732,0,4.51849600616357,5,0,0.187350530237282,374.396811512389,-0.584502735561411,10
2019-07-28T22:00:00Z,374.894235952952,16.656257579185,0,3.92634647184451,5,0,0.18736637576191,374.209460982152,-0.917497907533822,10
2019-07-28T23:00:00Z,376.333070920265,16.6327006743608,0,4.13666937297068,5,0,0.187382222626703,374.02209460639,-0.891357366150181,10
2019-07-29T00:00:00Z,373.256715923256,16.2582742424751,0,3.41068739564233,5,0,0.187398070831775,373.834712383763,-0.521027107563391,10
2019-07-29T01:00:00Z,373.021317576869,15.9853376268854,0,2.90933580834183,5,0,0.187413920377239,373.647314312931,-0.243589954730323,10
2019-07-29T02:00:00Z,372.679918989973,15.6960546589357,0,2.99350980825701,5,0,0.187429771263208,373.459900392554,0.04333836381476,10
2019-07-29T03:00:00Z,372.026123949293,15.7077428053193,0,2.05367265574514,5,0,0.187445623489795,373.272470621291,0.0317928402019206,10
2019-07-29T04:00:00Z,370.64570343604,15.9659495288788,0,2.46718541427049,5,0,0.187461477057115,373.085024997801,-0.198487450927686,10
2019-07-29T05:00:00Z,367.33268887099,15.9562033488526,85.3014976813424,2.12422601542546,5,0.0847810933865656,0.187477331965279,372.897563520744,-0.209086775122695,10
2019-07-29T06:00:00Z,363.96234810787,15.8105327372328,173.764227774205,0.886904146673278,5,0.171697923289325,0.187493188214403,372.794867282165,-0.0507975984780577,10
2019-07-29T07:00:00Z,363.358909361469,16.1045964776414,254.595200645912,0.5,5,0.24936023858012,0.187509045804599,372.77907201724,-0.329664149442275,10
2019-07-29T08:00:00Z,365.325201543453,15.6387271114697,324.244304925395,0.5,5,0.314346822104326,0.18752490473598,372.840923210016,0.0980190787577196,10
2019-07-29T09:00:00Z,364.836710521992,15.2554396785755,379.652538991082,1.02655999443913,5,0.364450201760562,0.187540765008661,372.967745127384,0.494432733202757,10
2019-07-29T10:00:00Z,363.233844965663,14.9497212332247,418.386362891406,1.69421473948663,5,0.398492149674632,0.187556626622754,373.144654564136,0.80275207693021,10
2019-07-29T11:00:00Z,365.335311908201,15.2713811334479,438.744579872345,2.27385438548208,5,0.415985644699222,0.187572489578373,373.355590087188,0.494427961053946,10
2019-07-29T12:00:00Z,363.301297168606,14.8825597571997,439.833053255459,2.77361682347508,5,0.416806566153823,0.187588353875631,373.584003242308,0.869155752043307,10
2019-07-29T13:00:00Z,370.904160443883,15.7326555167561,421.603977087196,3.09329956853459,5,0.400988352773291,0.187604219514642,373.813221454587,0.0267373389169553,10
2019-07-29T14:00:00Z,372.64147316118,15.7871353966175,384.857975785276,3.25611520266652,5,0.368694638435492,0.18762008649552,374.026605587845,-0.0278207440804279,10
2019-07-29T15:00:00Z,371.719408398737,15.6473844958089,331.208940565265,3.16487657312503,5,0.320378089904224,0.187635954818377,374.207680139785,0.11511334511148,10
2019-07-29T16:00:00Z,371.15279792235,15.4429224960043,263.013147038047,3.95214364709979,5,0.257088199879389,0.187651824483328,374.340422274871,0.310652252018826,10
2019-07-29T17:00:00Z,368.486623900723,15.0757301586011,183.265767146491,4.27708400286475,5,0.180831687515502,0.187667695490485,374.409858650267,0.711274374585307,10
2019-07-29T18:00:00Z,366.008429933194,14.9369286115915,95.4693206563246,4.88940969103826,5,0.0948257434228204,0.187683567839963,374.403022642292,0.814164483286267,10
2019-07-29T19:00:00Z,363.033166673585,15.2496846529994,3.47984383620807,5.9534205375109,5,0.00346501287997601,0.187699441531875,374.310164817875,0.510967875770535,10
2019-07-29T20:00:00Z,364.85842485909,15.1745164782838,0,6.08348251112421,5,0,0.187715316566334,374.125930389223,0.594645952188121,10
2019-07-29T21:00:00Z,363.912391662564,15.5353041696354,0,5.85787394172899,5,0,0.187731192943455,373.938215072657,0.235261136071567,10
2019-07-29T22:00:00Z,364.694615661327,15.542793877195,0,6.03567622171855,5,0,0.18774707066335,373.750483879713,0.213014753744681,10
2019-07-29T23:00:00Z,366.666485519324,15.7082037235433,0,5.49984859780316,5,0,0.187762949726133,373.56273680905,0.0590445525429631,10
2019-07-30T00:00:00Z,367.848510270365,15.7955516182313,0,5.28583609079736,5,0,0.187778830131917,373.374973859324,-0.0395428394117497,10
2019-07-30T01:00:00Z,369.060680304598,15.783984795243,0,5.64530755889668,5,0,0.187794711880817,373.187195029192,-0.00356140310619425,10
2019-07-30T02:00:00Z,368.660887197463,15.951712334491,0,4.89548887984287,5,0,0.187810594972946,372.999400317312,-0.188408589947707,10
2019-07-30T03:00:00Z,369.20159218136,15.9276465242936,0,4.03350947684603,5,0,0.187826479408417,372.811589722339,-0.16515845990997,10
2019-07-30T04:00:00Z,373.28772656761,16.550159781384,0,3.17414509784612,5,0,0.187842365187345,372.62376324293,-0.775218131772634,10
2019-07-30T05:00:00Z,377.795231127228,16.9777132456081,110.120630580372,3.37536563933069,5,0.109263683552829,0.187858252309842,372.435920877743,-1.21402457542389,10
2019-07-30T06:00:00Z,376.205632307355,17.0267006720876,227.065351814963,3.36464025679123,5,0.222723005820148,0.187874140776023,372.357326308986,-1.2470727573473,10
2019-07-30T07:00:00Z,376.227215471108,17.2467998135468,333.98143184886,3.72618834313951,5,0.321975094021786,0.187890030586,372.39217517403,-1.47360600984149,10
2019-07-30T08:00:00Z,375.756669349017,16.9938279540722,426.146780778543,3.94881651180387,5,0.402734732848506,0.187905921739888,372.526260237466,-1.22011105496267,10
2019-07-30T09:00:00Z,376.939741803885,16.6617549429658,499.490794224414,4.03971151144399,5,0.463166752398835,0.187921814237801,372.741089048574,-0.896454957499825,10
2019-07-30T10:00:00Z,374.805269757998,16.0805307248416,550.774136950218,4.23311596445564,5,0.503127335691495,0.187937708079851,373.016333986735,-0.3227952297868,10
2019-07-30T11:00:00Z,374.469391775555,16.1661114394695,577.731812382683,4.44142810559298,5,0.523211593503895,0.187953603266154,373.331523614347,-0.371258485352024,10
2019-07-30T12:00:00Z,374.044665994324,16.4466632499029,579.173199177089,4.39129197745307,5,0.523991059969495,0.187969499796821,373.666781604584,-0.644058073957141,10
2019-07-30T13:00:00Z,376.441059502909,16.7570728956001,555.03463658169,4.74100552725085,5,0.505592379447066,0.187985397671968,374.002803164757,-0.958257898135102,10
2019-07-30T14:00:00Z,377.689626046116,16.6461495400101,506.3822360989,4.9236257515368,5,0.467641821660524,0.188001296891707,374.320410146532,-0.859464878990268,10
2019-07-30T15:00:00Z,373.91534546006,16.529041695094,435.364795262531,5.53006447690391,5,0.409580827434872,0.188017197456153,374.600050671301,-0.738818979247377,10
2019-07-30T16:00:00Z,375.233339340444,16.3093031380485,345.118893156301,5.33987050374897,5,0.331353841588903,0.18803309936542,374.821614301279,-0.515757162453054,10
2019-07-30T17:00:00Z,374.634586224126,16.0241810305686,239.630359255389,5.07878863087187,5,0.234374123045327,0.18804900261962,374.964935043503,-0.236302441602164,10
2019-07-30T18:00:00Z,373.940585826446,15.6222053515367,123.558234002661,5.90655248623935,5,0.122438400195817,0.188064907218868,375.011260163928,0.17522118797988,10
2019-07-30T19:00:00Z,372.623189633258,15.3847244987446,2.02899613323717,5.88030177269151,5,0.00202035272293891,0.188080813163277,374.945633656906,0.417324169191238,10
2019-07-30T20:00:00Z,374.307728941704,15.8930505715703,0,6.38310635999967,5,0,0.188096720452962,374.759573196465,-0.0885744561742194,10
2019-07-30T21:00:00Z,376.002908838393,16.2528456295372,0,6.64739317766567,5,0,0.188112629088036,374.571476476012,-0.444941341192543,10
2019-07-30T22:00:00Z,375.391590558446,16.5076543021584,0,6.02351432759919,5,0,0.188128539068612,374.383363846924,-0.714365965821338,10
2019-07-30T23:00:00Z,374.431306303022,16.0091614567944,0,5.27879864058278,5,0,0.188144450394805,374.195235307856,-0.207065429230023,10
2019-07-31T00:00:00Z,371.520670509927,15.6359246813725,0,4.63221480365286,5,0,0.188160363066729,374.007090857461,0.163013092077794,10
2019-07-31T01:00:00Z,372.068939993697,15.8022517673316,0,3.3657954141657,5,0,0.188176277084497,373.818930494394,-0.0138726321937554,10
2019-07-31T02:00:00Z,372.894582970125,15.7978546443943,0,3.10493204794214,5,0,0.188192192448223,373.63075421731,-0.0044352429948008,10
2019-07-31T03:00:00Z,375.516068782443,16.4736973557467,0,2.49020654115524,5,0,0.188208109158021,373.442562024861,-0.672786713233457,10
2019-07-31T04:00:00Z,377.678589078415,16.764019138868,0,1.54338721176699,5,0,0.188224027214004,373.254353915703,-0.956353214284027,10
2019-07-31T05:00:00Z,376.431412013269,16.8575311817816,124.375337213421,0.923289204801622,5,0.123195383640693,0.188239946616288,373.066129888489,-1.03903798869199,10
2019-07-31T06:00:00Z,380.304493903629,17.1187153645783,259.758514320725,1.2741908014723,5,0.252813481268588,0.188255867364985,373.001085325514,-1.30300010931,10
2019-07-31T07:00:00Z,382.129032714911,17.1450311862152,383.603552243453,1.66756343604521,5,0.36363251303224,0.188271789460209,373.065642939417,-1.34875885413784,10
2019-07-31T08:00:00Z,378.094609187081,16.3804477049098,490.409413648496,2.15973769110938,5,0.451128652061254,0.188287712902074,373.241003662989,-0.564434954771169,10
2019-07-31T09:00:00Z,378.622166036778,16.1246123391201,575.431919513109,1.94391270506702,5,0.514548337347092,0.188303637690695,373.503844602149,-0.322449861281341,10
2019-07-31T10:00:00Z,377.42989485519,15.6482221970689,634.894479456597,2.77707749189851,5,0.555291042483029,0.188319563826184,373.830089301805,0.173281251808605,10
2019-07-31T11:00:00Z,370.984668971638,15.6159093538906,666.155843028735,2.63987961798821,5,0.575275737499405,0.188335491308657,374.197060780462,0.188301930969941,10
2019-07-31T12:00:00Z,374.820088783243,15.6706706477545,667.827420658406,3.22933995240795,5,0.575839851422699,0.188351420138226,374.584001026653,0.131920435101397,10
2019-07-31T13:00:00Z,374.909689765401,15.7545816694616,639.834963016768,3.49725815082922,5,0.557207580907002,0.188367350315006,374.971489457938,0.0624838314963796,10
2019-07-31T14:00:00Z,373.014624594337,15.6229103056257,583.42185907697,4.46192587014227,5,0.518419466803426,0.188383281839111,375.34032968853,0.186458925259832,10
2019-07-31T15:00:00Z,371.641649225708,15.2497924744836,501.093906374823,5.0839519367138,5,0.457711142561673,0.188399214710655,375.670365873494,0.579605372104428,10
2019-07-31T16:00:00Z,372.406735954221,14.8945325537097,396.508006704454,4.70770498618996,5,0.373460730759451,0.188415148929752,375.939677801345,0.914977254105379,10
2019-07-31T17:00:00Z,370.619248322332,14.6263002504582,274.309731242983,5.57483780455953,5,0.265773221669888,0.188431084496515,376.124723383175,1.20010984279351,10
2019-07-31T18:00:00Z,372.536517739887,14.8340693685932,139.926970252553,5.57403189940848,5,0.13832219096757,0.188447021411058,376.202065520349,0.998288101251019,10
2019-07-31T19:00:00Z,376.035483904311,15.3649041749181,0,5.33589099532235,5,0,0.188462959673497,376.151940689905,0.455329255302062,10
2019-07-31T20:00:00Z,378.482731479844,15.9590609430945,0,5.16371535972638,5,0,0.188478899283943,375.963477730231,-0.12954345080977,10
2019-07-31T21:00:00Z,378.127030228017,16.4089257973087,0,4.52492422906706,5,0,0.188494840242513,375.774998830947,-0.588611519096038,10
2019-07-31T22:00:00Z,382.332560389133,16.8438656745869,0,4.12075659350817,5,0,0.188510782549319,375.586503990705,-1.02773062726944,10
2019-07-31T23:00:00Z,381.161512823417,16.5188836696599,0,3.32044094808896,5,0,0.188526726204476,375.397993208155,-0.713483387472636,10
2019-08-01T00:00:00Z,377.48419279801,16.3956318321581,0,3.62788885826995,5,0,0.188542671208098,375.209466481951,-0.574897804754431,10
2019-08-01T01:00:00Z,374.790855074365,15.969747020613,0,3.21756953219001,5,0,0.188558617560298,375.020923810743,-0.134545304598107,10
2019-08-01T02:00:00Z,369.309947062379,15.593194769273,0,1.85034657666801,5,0,0.188574565261191,374.832365193183,0.240046944732529,10
2019-08-01T03:00:00Z,372.676883900511,15.9727814423418,0,0.98686310762713,5,0,0.188590514310891,374.643790627922,-0.149596375677871,10
2019-08-01T04:00:00Z,373.744313900067,16.011947048395,0,0.569287296808881,5,0,0.188606464709512,374.455200113611,-0.177722593430196,10
2019-08-01T05:00:00Z,379.910560247997,16.755697381456,152.509753246021,0.5,5,0.150452867780144,0.188622416457169,374.266593648901,-0.943607683877311,10
2019-08-01T06:00:00Z,378.145210831498,16.7544920287017,322.833402570939,0.5,5,0.308519150342484,0.188638369553974,374.228424100224,-0.908896829916899,10
2019-08-01T07:00:00Z,375.76033523732,16.1288532464657,478.733706046377,0.5,5,0.436549401670249,0.188654324000042,374.348304881012,-0.298800744998603,10
2019-08-01T08:00:00Z,372.812217649975,15.5958694646702,613.245448867556,0.5,5,0.530887377080432,0.188670279795488,374.596199958683,0.242879760911338,10
2019-08-01T09:00:00Z,368.694705219348,15.0035814380191,720.35900076674,0.5,5,0.59456391932374,0.188686236940426,374.938417055968,0.841780078168734,10
2019-08-01T10:00:00Z,368.679658368977,14.9677599738458,795.288810459877,0.5,5,0.632947820902394,0.188702195434969,375.344294738351,0.866235673103736,10
2019-08-01T11:00:00Z,367.451923043603,15.044155995062,834.687211469358,0.5,5,0.650760802133598,0.188718155279232,375.788540363818,0.814259515650036,10
2019-08-01T12:00:00Z,373.299877258377,15.1057944110413,836.793987042049,0.5,5,0.650757054391891,0.188734116473329,376.250583010673,0.742274374390795,10
2019-08-01T13:00:00Z,377.309514561026,15.7869934938161,801.515011996138,0.5,5,0.633326006543155,0.188750079017374,376.712605948591,0.0635533145118977,10
2019-08-01T14:00:00Z,376.136908274225,15.7256018920923,730.426457986261,0.5,5,0.596440307416726,0.188766042911481,377.157181876117,0.13000187855519,10
2019-08-01T15:00:00Z,378.385231237465,16.0058063995891,626.704374306757,0.5,5,0.535876901836029,0.188782008155764,377.564856140622,-0.147844670477901,10
2019-08-01T16:00:00Z,381.336247385748,15.8763881296382,494.982790377207,0.515754095821675,5,0.446193097396771,0.188797974750339,377.911951034303,-0.0209400508062236,10
2019-08-01T17:00:00Z,377.49174880646,15.0406769199872,341.146679517373,1.06403487542538,5,0.323331982484676,0.188813942695318,378.169346156949,0.83426903024832,10
2019-08-01T18:00:00Z,381.160936206817,14.8856005561233,172.06903384455,1.8443212426101,5,0.169126494832057,0.188829911990816,378.303864196738,0.960868501263115,10
2019-08-01T19:00:00Z,379.655146316252,15.1694183240094,0,2.06865091485559,5,0,0.188845882636948,378.284160779579,0.699940072258146,10
2019-08-01T20:00:00Z,380.147232048158,15.3002214375322,0,1.73373247973834,5,0,0.188861854633827,378.095314896942,0.541240200987931,10
2019-08-01T21:00:00Z,380.386487273562,15.7485470033549,0,2.55168189724514,5,0,0.188877827981568,377.906453042309,0.102622950634329,10
2019-08-01T22:00:00Z,380.14622463124,15.7872287391937,0,2.53907922193815,5,0,0.188893802680285,377.717575214327,0.0654881494821521,10
2019-08-01T23:00:00Z,380.52277694445,15.8067153809557,0,2.12904828047399,5,0,0.188909778730092,377.528681411646,0.0430529162219434,10
2019-08-02T00:00:00Z,383.452923885845,16.1283364475061,0,1.80385480707734,5,0,0.188925756131104,377.339771632916,-0.267253702268672,10
2019-08-02T01:00:00Z,379.509481654315,15.7236119710637,0,1.60597005706309,5,0,0.188941734883434,377.150845876785,0.14413682456241,10
2019-08-02T02:00:00Z,377.868345464489,15.6866581340075,0,1.21791852221043,5,0,0.188957714987198,376.961904141902,0.167637132065075,10
2019-08-02T03:00:00Z,377.250914202812,15.8878581320612,0,0.607013811495568,5,0,0.188973696442509,376.772946426915,-0.020510516775589,10
2019-08-02T04:00:00Z,377.825148334362,16.0741646428392,0,0.61754336806431,5,0,0.188989679249482,376.583972730472,-0.202831393554778,10
2019-08-02T05:00:00Z,377.088286828506,15.9306897487754,127.215890696253,0.5,5,0.125699711711909,0.189005663408231,376.394983051223,-0.0634615895867577,10
2019-08-02T06:00:00Z,382.230595737358,15.908048571434,273.135617119035,0.5,5,0.262572657408046,0.189021648918871,376.331677099527,-0.0485604089935025,10
2019-08-02T07:00:00Z,380.504889281905,15.5711757835972,406.780007414082,0.5,5,0.37528739473864,0.189037635781515,376.405228108016,0.286551284869171,10
2019-08-02T08:00:00Z,376.363098741475,15.1784691165162,522.142778586298,0.5,5,0.459986025021049,0.189053623996278,376.591477866973,0.683014313358058,10
2019-08-02T09:00:00Z,371.593250500409,14.9515360698317,614.039265202067,0.5,5,0.518267677886092,0.189069613563275,376.862410267998,0.924908111898788,10
2019-08-02T10:00:00Z,373.853363590359,14.7476435879516,678.339430051067,0.5,5,0.553985622431091,0.189085604482619,377.191608332321,1.14267956818136,10
2019-08-02T11:00:00Z,373.527225395383,14.9169680461839,712.153477416006,0.5,5,0.570792448871724,0.189101596754426,377.556508350269,0.950781683713975,10
2019-08-02T12:00:00Z,379.757162604849,15.531691853841,713.96172706762,0.780537147624954,5,0.570901911946228,0.189117590378809,377.938199202387,0.358028434346252,10
2019-08-02T13:00:00Z,379.397663482129,15.7054242200161,683.682912152063,0.770372713291483,5,0.554644187613429,0.189133585355883,378.319983523954,0.160450308863107,10
2019-08-02T14:00:00Z,382.435034125905,16.4048029253625,622.677831508236,0.98524294650968,5,0.520406253741359,0.189149581685762,378.685494126212,-0.533017418800337,10
2019-08-02T15:00:00Z,382.901678179965,16.5765034141782,533.688192271595,1.52938415985504,5,0.464905119882416,0.189165579368562,379.016750798268,-0.698521305282545,10
2019-08-02T16:00:00Z,382.614415043803,16.379632764212,420.713391316988,2.13125091620128,5,0.384147672732789,0.189181578404395,379.292490338781,-0.503932488016706,10
2019-08-02T17:00:00Z,380.090174678668,16.2189598142513,288.830773262848,2.47535500053404,5,0.275639551694552,0.189197578793377,379.48745643311,-0.335926362735395,10
2019-08-02T18:00:00Z,380.133824445042,16.242765850719,143.967443051019,2.49418565250196,5,0.141803922794957,0.189213580535622,379.573898406011,-0.351916637307353,10
2019-08-02T19:00:00Z,381.405235949782,16.0949525280832,0,1.9363659764207,5,0,0.189229583631245,379.52648874827,-0.20073602051488,10
2019-08-02T20:00:00Z,383.113702001335,16.5596441638216,0,1.59768856506928,5,0,0.18924558808036,379.337259164639,-0.667019203444071,10
2019-08-02T21:00:00Z,387.095067036549,17.3330909488147,0,1.73215341426356,5,0,0.189261593883081,379.148013576559,-1.46189613556767,10
2019-08-02T22:00:00Z,383.30876881524,17.1542748662976,0,1.79978929019442,5,0,0.189277601039523,378.958751982676,-1.27268196041326,10
2019-08-02T23:00:00Z,384.57392726659,16.9733854663517,0,1.72953319211527,5,0,0.189293609549801,378.769474381636,-1.08816931053263,10
2019-08-03T00:00:00Z,381.535528889797,16.7067798306768,0,1.45337260270037,5,0,0.189309619414029,378.580180772086,-0.809847051560612,10
2019-08-03T01:00:00Z,378.621306218399,16.4667583230128,0,1.15858537948619,5,0,0.189325630632321,378.390871152672,-0.591167050862522,10
2019-08-03T02:00:00Z,378.142361858257,16.6776482276103,0,0.894515815669856,5,0,0.189341643204792,378.20154552204,-0.791927200878757,10
2019-08-03T03:00:00Z,377.691605113197,16.867035374908,0,1.87702399510449,5,0,0.189357657131557,378.012203878835,-0.966633214923911,10
2019-08-03T04:00:00Z,379.758589036844,16.8190110923876,0,1.5606686845128,5,0,0.18937367241273,377.822846221704,-0.914458641969483,10
2019-08-03T05:00:00Z,383.246289340986,16.9010760363072,105.764106726116,0.867540326385557,5,0.104642221375457,0.189389689048425,377.633472549291,-1.00191599160044,10
2019-08-03T06:00:00Z,385.902701635397,17.2333589758402,230.495771216774,1.15432239965882,5,0.222708177614585,0.189405707038757,377.548725081618,-1.31901373599439,10
2019-08-03T07:00:00Z,384.651107266315,16.8486071603036,344.805927406082,1.68582387242417,5,0.321360752294972,0.189421726383842,377.582027552194,-0.973998808924382,10
2019-08-03T08:00:00Z,382.470551463865,16.3899296326447,443.526219122617,2.02882108047786,5,0.396800939288416,0.189437747083792,377.713966578105,-0.487630656308469,10
2019-08-03T09:00:00Z,379.249918379773,16.1503360962908,522.193161703713,2.05234885911493,5,0.449625158777783,0.189453769138724,377.92132977031,-0.249766542082146,10
2019-08-03T10:00:00Z,378.018728159813,16.0198550459102,577.249951522026,1.55953269710845,5,0.482496151643551,0.189469792548751,378.181501159949,-0.127372396449944,10
2019-08-03T11:00:00Z,378.507496463745,15.7704192811532,606.207281337308,2.16854674833441,5,0.498167978741881,0.189485817313988,378.474527519043,0.127730564215917,10
2019-08-03T12:00:00Z,377.256511726777,15.9401247714565,607.755890457,2.98453525650031,5,0.498377298595994,0.18950184343455,378.783209680471,-0.0327190911846956,10
2019-08-03T13:00:00Z,377.727261478149,15.9393528897456,581.825760924975,2.83027685062293,5,0.483394609044523,0.189517870910552,379.092085135632,-0.020963474600446,10
2019-08-03T14:00:00Z,376.777967633454,16.1123900649241,529.589283274676,2.77539723301199,5,0.451963396373224,0.189533899742107,379.385961873766,-0.202366480072488,10
2019-08-03T15:00:00Z,377.632108219009,15.7438057059638,453.408248712042,2.88126122061592,5,0.401592254871464,0.189549929929331,379.648391370397,0.171468435083118,10
2019-08-03T16:00:00Z,377.933653223357,15.5990446713609,356.727064394345,2.8650828216031,5,0.329447646748668,0.189565961472339,379.860433695339,0.301666402189521,10
2019-08-03T17:00:00Z,378.654703215737,15.2206572143188,243.917019910248,3.17602494827825,5,0.234181170375668,0.189581994371244,380.000315380616,0.686145846172167,10
2019-08-03T18:00:00Z,378.982448315983,15.277590922345,120.078646210322,2.59188351200376,5,0.118486717609997,0.189598028626162,380.044914556621,0.63451565580079,10
2019-08-03T19:00:00Z,383.130762505967,15.6831639814852,0,2.83285581751564,5,0,0.189614064237208,379.973803245604,0.232016819086448,10
2019-08-03T20:00:00Z,386.479863811731,15.7138067727634,0,2.75326148167915,5,0,0.189630101204495,379.784189181367,0.206485227025328,10
2019-08-03T21:00:00Z,382.187095823097,15.4370378706869,0,3.28924695449748,5,0,0.18964613952814,379.594559080163,0.477356544429892,10
2019-08-03T22:00:00Z,382.185338882892,15.6719295835423,0,2.69469487564446,5,0,0.189662179208255,379.404912940635,0.253237167043923,10
2019-08-03T23:00:00Z,377.857649147281,15.2276966002734,0,3.27301318315867,5,0,0.189678220244957,379.215250761426,0.693696629886451,10
2019-08-04T00:00:00Z,380.311989422117,15.0248978825082,0,2.89026195005115,5,0,0.18969426263836,379.025572541182,0.881543894728507,10
2019-08-04T01:00:00Z,377.568578676487,14.558811547344,0,2.58737613007102,5,0,0.189710306388579,378.835878278543,1.36602916813924,10
2019-08-04T02:00:00Z,374.870135351751,14.671908292565,0,1.87701358023595,5,0,0.189726351495728,378.646167972155,1.23350917904049,10
2019-08-04T03:00:00Z,376.485701482104,14.7307664769405,0,0.758989533150691,5,0,0.189742397959922,378.456441620659,1.18662424028595,10
2019-08-04T04:00:00Z,376.23403761201,15.2156917815273,0,0.5,5,0,0.189758445781277,378.2666992227,0.712212551954255,10
2019-08-04T05:00:00Z,379.393676505905,15.8183794737956,129.626324903256,0.5,5,0.127602283188406,0.189774494959906,378.076940776919,0.0948325838773254,10
2019-08-04T06:00:00Z,377.725363674157,15.8023266265978,286.985556682055,0.5,5,0.270492269192249,0.189790545495925,378.014768565147,0.124032367408921,10
2019-08-04T07:00:00Z,375.533240415004,15.3373217823743,431.289561968341,0.5,5,0.381172194778222,0.189806597389448,378.095470288843,0.590498596775513,10
2019-08-04T08:00:00Z,376.720490250504,15.3033606924886,555.973824085492,0.5,5,0.458057600330002,0.18982265064059,378.286835886232,0.625413701246917,10
2019-08-04T09:00:00Z,374.325502677622,15.276269742621,655.366345805457,0.786731950395042,5,0.506889988071162,0.189838705249466,378.555070835921,0.646147149665855,10
2019-08-04T10:00:00Z,373.476020249217,15.4864401621953,724.945673513225,1.73176513917946,5,0.534762831167674,0.189854761216191,378.872122118743,0.452061532498737,10
2019-08-04T11:00:00Z,375.347734013076,15.7854302103001,761.546582125959,2.12169287177782,5,0.547068371331626,0.18987081854088,379.217030188694,0.155491133356266,10
2019-08-04T12:00:00Z,376.359358169073,15.9943571427806,763.504063978134,2.87334459349089,5,0.54669710720327,0.189886877223647,379.574227741485,-0.0632658906053784,10
2019-08-04T13:00:00Z,378.07051496773,16.2310429077748,730.729071491082,3.06268429690577,5,0.5340300671856,0.189902937264608,379.931037971464,-0.290513982603981,10
2019-08-04T14:00:00Z,383.48551063456,16.3323123654384,664.71256802601,2.77857448942062,5,0.506936220122798,0.189918998663877,380.275165101385,-0.403183417781387,10
2019-08-04T15:00:00Z,380.957626927167,16.1048292631522,568.457702643606,3.08820821513067,5,0.460680635544113,0.189935061421569,380.592182322844,-0.165853664476857,10
2019-08-04T16:00:00Z,380.100592566252,15.962528032562,446.343194200322,3.37289682887524,5,0.388344608478188,0.189951125537799,380.862927896967,-0.014927424087143,10
2019-08-04T17:00:00Z,374.993585072841,15.6991663024094,303.924139559502,3.16993736872415,5,0.283228006322909,0.189967191012682,381.061321379908,0.244540830911444,10
2019-08-04T18:00:00Z,373.969195357309,15.4029107002649,147.679307327765,3.36335723184405,5,0.144668740062348,0.189983257846333,381.154582195218,0.541003213203578,10
2019-08-04T19:00:00Z,374.275211678529,15.6144545495254,0,4.15423181961578,5,0,0.189999326038867,381.109267677434,0.342701223731345,10
2019-08-04T20:00:00Z,377.056927460927,16.1276423301099,0,3.99307053819358,5,0,0.190015395590398,380.919268351395,-0.190133386484047,10
2019-08-04T21:00:00Z,381.182847713647,16.7433529528403,0,4.69011659383961,5,0,0.190031466501042,380.729252955804,-0.789337107464639,10
2019-08-04T22:00:00Z,375.66390442999,16.1448097798678,0,4.06401438320375,5,0,0.190047538770914,380.539221489303,-0.195027963799495,10
2019-08-04T23:00:00Z,380.094115364579,16.3374870281905,0,3.23183213973854,5,0,0.190063612400128,380.349173950532,-0.396101033084288,10
2019-08-05T00:00:00Z,375.587871486937,15.902386646981,0,2.29939972756049,5,0,0.1900796873888,380.159110338132,0.0469090782076698,10
2019-08-05T01:00:00Z,373.829617373889,15.0174914399906,0,2.12571665748873,5,0,0.190095763737044,379.969030650743,0.929997294111898,10
2019-08-05T02:00:00Z,370.698840947007,14.6600859775074,0,1.66491470825119,5,0,0.190111841444976,379.778934887006,1.29904625317838,10
2019-08-05T03:00:00Z,369.264636422788,14.8553105095606,0,1.38713661554848,5,0,0.19012792051271,379.588823045561,1.10254644927882,10
2019-08-05T04:00:00Z,370.099762181494,15.0856717958047,0,1.49845828492881,5,0,0.190144000940361,379.398695125048,0.851009714060121,10
2019-08-05T05:00:00Z,370.293469705889,15.1115022333319,66.2387083362162,1.8222309967437,5,0.0657204959686005,0.190160082728046,379.208551124108,0.861232004881719,10
2019-08-05T06:00:00Z,370.728512894539,15.2864462120725,149.107942108567,1.41826697539387,5,0.145807446043453,0.190176165875877,379.084111537349,0.649724608582999,10
2019-08-05T07:00:00Z,373.368003948052,15.4308786043313,225.151820926548,2.02057592891245,5,0.215202232124643,0.190192250383972,379.039742817516,0.534741457336754,10
2019-08-05T08:00:00Z,372.22744763592,14.8502873752949,290.889467395569,1.93240317574125,5,0.270744413776207,0.190208336252444,379.064752799257,1.1022250082384,10
2019-08-05T09:00:00Z,367.548818332034,14.2379457753566,343.311767683923,1.86962947019589,5,0.311506931756454,0.190224423481408,379.145288876781,1.73399535223661,10
2019-08-05T10:00:00Z,365.951725514912,14.5111999708736,380.019112475482,1.47441259283609,5,0.337965021782485,0.190240512070981,379.266571385056,1.45526832242526,10
2019-08-05T11:00:00Z,367.103649872137,14.6611879483986,399.331238102919,1.31849061736372,5,0.351052471839914,0.190256602021276,379.414295894767,1.31641558419356,10
2019-08-05T12:00:00Z,367.787764933811,15.1245839825946,400.364139928611,1.64605435934421,5,0.351474920423574,0.190272693332409,379.575091764586,0.838635216221019,10
2019-08-05T13:00:00Z,370.511121346924,15.4228512718511,383.070537294707,2.14685146013181,5,0.339359308116294,0.190288786004495,379.736293991677,0.519099921423804,10
2019-08-05T14:00:00Z,373.593068370174,15.5864627771206,348.242037775877,2.14879853431406,5,0.31420742234965,0.190304880037649,379.885364513789,0.378717103308851,10
2019-08-05T15:00:00Z,373.132304183134,15.5527711962016,297.472901666926,3.0390746091665,5,0.275150744626421,0.190320975431987,380.009267056101,0.417038175417625,10
2019-08-05T16:00:00Z,370.313229474862,15.1886119906516,233.087065371041,3.94268519384105,5,0.221553884238733,0.190337072187623,380.094096825295,0.79356370718824,10
2019-08-05T17:00:00Z,367.53044093449,15.1606749752926,158.031764163144,3.39975164367439,5,0.153951919407048,0.190353170304672,380.125313637346,0.798857388713013,10
2019-08-05T18:00:00Z,369.526560643579,15.3650495222655,75.7426237027859,3.32965052695482,5,0.0750347601384962,0.19036926978325,380.088912386449,0.604785719495572,10
2019-08-05T19:00:00Z,370.804318671478,15.293067814699,0,3.78462191225075,5,0,0.190385370623472,379.973577876804,0.676135329745249,10
2019-08-05T20:00:00Z,373.668994030691,15.5868880475728,0,4.22892671326701,5,0,0.190401472825452,379.783192506181,0.403161274108638,10
2019-08-05T21:00:00Z,375.014316218954,15.8718666256892,0,4.22734908466687,5,0,0.190417576389307,379.592791033355,0.0881579909094971,10
2019-08-05T22:00:00Z,380.800896770427,16.3805638125983,0,3.99569377981026,5,0,0.190433681315151,379.402373456966,-0.3924732628175,10
2019-08-05T23:00:00Z,376.759640871015,16.31070919685,0,3.75766864170067,5,0,0.1904497876031,379.211939775651,-0.320389396495689,10
2019-08-06T00:00:00Z,376.507766892812,15.8698146287135,0,3.61927595055909,5,0,0.190465895253268,379.021489988048,0.109045782696547,10
2019-08-06T01:00:00Z,374.863009604414,15.6421119951585,0,3.32254713629019,5,0,0.190482004265771,378.831024092795,0.347689914542594,10
2019-08-06T02:00:00Z,373.231035687608,15.4703303708931,0,4.32593794112937,5,0,0.190498114640724,378.640542088529,0.517281020028825,10
2019-08-06T03:00:00Z,372.342472262402,15.5003676547647,0,3.56582475294488,5,0,0.190514226378243,378.450043973888,0.476238155383617,10
2019-08-06T04:00:00Z,374.006459222052,15.8683271899413,0,2.89045054886024,5,0,0.190530339478442,378.25952974751,0.109723094110339,10
2019-08-06T05:00:00Z,373.734436918504,16.0965767796396,71.713746935711,2.86418657242906,5,0.0710570891788586,0.190546453941437,378.068999408031,-0.130551977361528,10
2019-08-06T06:00:00Z,377.358058255254,16.371633529457,164.293958025755,3.09467176292334,5,0.159448973241714,0.190562569767343,377.949510043269,-0.368318926240105,10
2019-08-06T07:00:00Z,374.514007722021,16.383064054046,249.306037889846,2.97072882127147,5,0.23423060072843,0.190578686956276,377.918396446743,-0.381345722088195,10
2019-08-06T08:00:00Z,374.446768631597,16.2125107194858,322.833941264154,2.93594564883449,5,0.29220064075403,0.19059480550835,377.962048360515,-0.209807174112116,10
2019-08-06T09:00:00Z,373.528863611109,15.8189001621705,381.4906365853,2.91452791868957,5,0.333340746829181,0.190610925423681,378.063654195761,0.172189059151008,10
2019-08-06T10:00:00Z,375.779181255509,15.5644251464615,422.574128157242,3.57965822577673,5,0.359266122155376,0.190627046702385,378.206384017166,0.422257224004509,10
2019-08-06T11:00:00Z,376.50178494544,15.1812364293524,444.191922432602,3.61317472930795,5,0.371802008635267,0.190643169344576,378.375023092619,0.795977815986139,10
2019-08-06T12:00:00Z,376.384565687992,15.7806548095982,445.348204922173,3.75637534199478,5,0.372127540233973,0.19065929335037,378.55618193191,0.208601102679594,10
2019-08-06T13:00:00Z,377.644021112085,16.251572655256,425.989711965375,4.57137201335328,5,0.360407779313114,0.190675418719882,378.737650178794,-0.264398876135105,10
2019-08-06T14:00:00Z,377.675218368231,16.2074281568744,387.008184298108,5.39386894793801,5,0.33575019332846,0.190691545453228,378.907382539387,-0.223583552538467,10
2019-08-06T15:00:00Z,375.788929878054,15.727508746666,330.199289395422,5.54779600972722,5,0.296467073807437,0.190707673550522,379.052441187262,0.274324252602312,10
2019-08-06T16:00:00Z,374.596183610234,15.1882429484365,258.179904813808,5.65690960548367,5,0.240800580359135,0.190723803011881,379.158200587519,0.807030776539243,10
2019-08-06T17:00:00Z,376.324090358933,15.0802663546219,174.267572840735,6.51426397440329,5,0.168274211801047,0.19073993383742,379.208277364866,0.925445867734766,10
2019-08-06T18:00:00Z,375.711861885994,15.132209796449,82.3276793216673,7.1866321463012,5,0.0814041185265408,0.190756066027253,379.18581164283,0.862538625842528,10
2019-08-06T19:00:00Z,376.625081981766,14.8530420190737,0,7.67298860264758,5,0,0.190772199581497,379.076459695329,1.17131485710146,10
2019-08-06T20:00:00Z,374.463218339861,14.7572585273766,0,7.24667210689117,5,0,0.190788334500267,378.885687495747,1.27359543635862,10
2019-08-06T21:00:00Z,375.700554266921,14.9825726237198,0,6.46021015414571,5,0,0.190804470783678,378.694899161247,1.03867544031116,10
2019-08-06T22:00:00Z,372.009335972641,14.7181380237329,0,6.5900439659694,5,0,0.190820608431845,378.504094690464,1.28836005018919,10
2019-08-06T23:00:00Z,370.941565850827,14.7237830314706,0,6.27762276784168,5,0,0.190836747444885,378.313274082032,1.29143882667608,10
2019-08-07T00:00:00Z,371.135298021343,14.7664677510371,0,6.38338988440366,5,0,0.190852887822912,378.122437334587,1.22948635131477,10
2019-08-07T01:00:00Z,371.252008001325,14.6469448967339,0,5.34418426624752,5,0,0.190869029566042,377.931584446765,1.35096392678838,10
2019-08-07T02:00:00Z,372.399737711322,14.6475627350765,0,5.65087235763113,5,0,0.19088517267439,377.740715417199,1.36046997147296,10
2019-08-07T03:00:00Z,372.495728369021,15.2389825841837,0,5.01740423965399,5,0,0.190901317148073,377.549830244524,0.791673614422494,10
2019-08-07T04:00:00Z,375.18284132303,15.564478592484,0,4.50887122074549,5,0,0.190917462987204,377.358928927376,0.448287756059063,10
2019-08-07T05:00:00Z,377.424196654347,15.9742955870501,117.644146286826,4.24026561393926,5,0.115386510157473,0.1909336101919,377.168011464389,0.0511887980579538,10
2019-08-07T06:00:00Z,379.20941249509,16.0103001334543,274.574007298509,3.66347197254507,5,0.252629180215835,0.190949758762277,377.092464364355,0.0067046096072659,10
2019-08-07T07:00:00Z,379.695512631925,16.1193180409253,418.774385689736,3.55409918006306,5,0.350940604458371,0.19096590869845,377.154143785808,-0.104036949768139,10
2019-08-07T08:00:00Z,377.451283698942,15.8556111588163,543.560030264832,3.19308644025498,5,0.412883983452917,0.190982060000533,377.314118481568,0.166381360379834,10
2019-08-07T09:00:00Z,376.648248285728,15.570322768917,643.145773266913,3.31460253483761,5,0.448702569398652,0.190998212668644,377.536020405021,0.449603953232484,10
2019-08-07T10:00:00Z,374.553051597593,15.6175941080902,712.914735635714,3.06072109396226,5,0.467656779302284,0.191014366702897,377.793724761751,0.419448209136775,10
2019-08-07T11:00:00Z,375.479980302881,15.7200692878605,749.632369415808,2.94514401598051,5,0.475602099935096,0.191030522103408,378.07036717435,0.290474320405979,10
2019-08-07T12:00:00Z,373.323115283005,15.4012439604089,751.596414128619,3.5870360930632,5,0.475307273661723,0.191046678870293,378.354938752182,0.624848111225898,10
2019-08-07T13:00:00Z,374.470388780173,15.2920256162581,718.715815004312,4.8474698988812,5,0.467039802584039,0.191062837003666,378.639199346973,0.733969661562669,10
2019-08-07T14:00:00Z,378.041806965614,15.069477273027,652.514944357737,5.03523822447842,5,0.448619955786799,0.191078996503644,378.915176312553,0.956671151063703,10
2019-08-07T15:00:00Z,379.361695311635,15.0315174047624,556.062930401886,5.04264796010436,5,0.414876345659869,0.191095157370342,379.172717271837,0.990827342096324,10
2019-08-07T16:00:00Z,379.366950881724,15.0835237253334,433.8313698747,5.72915014620935,5,0.357078365824082,0.191111319603877,379.396498460126,0.953651100223988,10
2019-08-07T17:00:00Z,376.414668085612,14.7399506119287,291.487021041865,5.8219265215441,5,0.264512403621738,0.191127483204362,379.562465506347,1.27653028994109,10
2019-08-07T18:00:00Z,375.508287826437,14.6895429817153,135.629088002909,6.24623171785532,5,0.132211942878102,0.191143648171915,379.635850426764,1.35049806626635,10
2019-08-07T19:00:00Z,371.059880352373,13.939364774684,0,5.58612702973498,5,0,0.19115981450665,379.576918721471,2.0724871335673,10
2019-08-07T20:00:00Z,375.369268786458,14.7530319270066,0,5.76401883288174,5,0,0.191175982208683,379.385758906964,1.29749907147055,10
2019-08-07T21:00:00Z,374.575428512254,15.0826552374303,0,6.51415199471722,5,0,0.191192151278131,379.194582924755,0.960615382559444,10
2019-08-07T22:00:00Z,374.554469850811,14.8941112218113,0,6.33667482741397,5,0,0.191208321715108,379.003390773477,1.14390401631406,10
2019-08-07T23:00:00Z,374.583004180356,15.3809504255805,0,6.51337973183052,5,0,0.19122449351973,378.812182451762,0.633519837319889,10
2019-08-08T00:00:00Z,378.023009324984,15.3154373162779,0,6.11569866496734,5,0,0.191240666692113,378.620957958242,0.723701976397556,10
2019-08-08T01:00:00Z,375.904792317559,15.0797003988113,0,6.05153859237695,5,0,0.191256841232372,378.42971729155,0.954166026731092,10
2019-08-08T02:00:00Z,374.766532487043,15.1451960423006,0,5.3854784858585,5,0,0.191273017140624,378.238460450317,0.908981197962953,10
2019-08-08T03:00:00Z,377.012761814898,15.5249964985409,0,4.72421501816267,5,0,0.191289194416984,378.047187433177,0.50242700529658,10
2019-08-08T04:00:00Z,375.916320181113,15.869199640293,0,4.46783233292814,5,0,0.191305373061567,377.85589823876,0.159669068149586,10
2019-08-08T05:00:00Z,375.883367276574,15.8856856015742,102.916292022676,4.29762541633391,5,0.10116999730456,0.19132155307449,377.664592865698,0.158317804907927,10
2019-08-08T06:00:00Z,377.510524286961,16.4021757018737,244.972901784576,4.52869559587992,5,0.22741185176488,0.191337734455868,377.574441309928,-0.355227383377165,10
2019-08-08T07:00:00Z,374.163583774171,16.0184920539019,375.598240983239,4.70520074630226,5,0.320183452278791,0.191353917205817,377.610515427237,0.0239842865288289,10
2019-08-08T08:00:00Z,373.104697943615,15.6227194702981,488.696886068073,4.25581039126828,5,0.380412992732242,0.191370101324453,377.73934496231,0.425437035897803,10
2019-08-08T09:00:00Z,373.712148260705,15.7178403419043,578.991268773847,4.11283387049063,5,0.416302889650558,0.191386286811891,377.928387853718,0.330779211486511,10
2019-08-08T10:00:00Z,375.903155787573,15.9741924666285,642.267945444014,4.11566777141728,5,0.43586468279442,0.191402473668247,378.153304456557,0.0730510709589603,10
2019-08-08T11:00:00Z,374.014809251698,16.0403219463023,675.574210672832,4.56853850585905,5,0.444388096134672,0.191418661893637,378.397766665683,0.00667577872030453,10
2019-08-08T12:00:00Z,376.206883538983,16.2004800838688,677.355880603608,4.20164241867387,5,0.444424455009731,0.191434851488176,378.650736099924,-0.147047969915492,10
2019-08-08T13:00:00Z,375.102725250747,16.155465077014,647.529816444723,4.92603891001284,5,0.436182322562688,0.191451042451981,378.903725703445,-0.0895226495971084,10
2019-08-08T14:00:00Z,377.775411063795,16.253412743273,587.48780400903,5.24645417168955,5,0.417560870182233,0.191467234785168,379.148456983556,-0.17728008195797,10
2019-08-08T15:00:00Z,376.274417643791,15.9882618325575,500.031608244053,5.59557135395043,5,0.383766047656428,0.191483428487851,379.374550618953,0.0806767423308477,10
2019-08-08T16:00:00Z,374.075101698307,15.3531905238981,389.242233330002,6.17295144149803,5,0.327118940012177,0.191499623560148,379.566833238122,0.707266394318182,10
2019-08-08T17:00:00Z,369.751501311362,14.7635886430459,260.289489115022,6.33428722780119,5,0.238973831123214,0.191515820002173,379.702452554574,1.2856434402293,10
2019-08-08T18:00:00Z,371.074852785148,14.4831009348777,119.190750166889,6.14894877491897,5,0.116582984854618,0.191532017814043,379.749910565695,1.58849260667463,10
2019-08-08T19:00:00Z,369.681210174067,14.5758695694882,0,5.87832796898748,5,0,0.191548216995874,379.674961532735,1.50250001271676,10
2019-08-08T20:00:00Z,373.271640571825,14.8333604613267,0,5.59270812551943,5,0,0.191564417547781,379.483413315739,1.22979327113377,10
2019-08-08T21:00:00Z,373.653270564453,14.9438933275576,0,5.57178179325985,5,0,0.19158061946988,379.291848898192,1.12045498975861,10
2019-08-08T22:00:00Z,373.329034275631,14.9551971344038,0,4.72947832860132,5,0,0.191596822762287,379.100268278722,1.12473581362282,10
2019-08-08T23:00:00Z,373.717931189165,14.9897583765169,0,3.89936088506436,5,0,0.191613027425118,378.90867145596,1.08084749846492,10
2019-08-09T00:00:00Z,373.625569842007,14.771832700432,0,3.93677271178261,5,0,0.19162923345849,378.717058428534,1.32087752236088,10
2019-08-09T01:00:00Z,369.66481238866,14.2002342056856,0,3.22466912873057,5,0,0.191645440862517,378.525429195076,1.87050024511548,10
2019-08-09T02:00:00Z,366.187677103785,13.9007673239476,0,2.65045254282464,5,0,0.191661649637316,378.333783754213,2.15557718776045,10
2019-08-09T03:00:00Z,367.760256070137,14.505112686203,0,3.22045213349479,5,0,0.191677859783002,378.142122104576,1.57921687219646,10
2019-08-09T04:00:00Z,367.248623106453,14.6649128180543,0,2.67475782841763,5,0,0.191694071299692,377.950444244793,1.41370612950755,10
2019-08-09T05:00:00Z,368.548149246719,15.1965685883682,63.0893766092943,2.20833768711923,5,0.0624972025684797,0.191710284187502,377.758750173493,0.87702264457429,10
2019-08-09T06:00:00Z,372.80542622976,15.8518916127142,153.3378638081,2.21698259416302,5,0.148170004718796,0.191726498446548,377.629537091874,0.213050573268426,10
2019-08-09T07:00:00Z,369.091434314704,15.5243733097396,236.383721922079,2.44120895777137,5,0.219584200770951,0.191742714076945,377.585980598146,0.563141531932081,10
2019-08-09T08:00:00Z,368.141242651674,15.2487962837646,308.326097644871,2.73521112969123,5,0.273794755970682,0.191758931078809,377.61382208484,0.837130062904307,10
2019-08-09T09:00:00Z,363.783849555513,14.7318083332963,365.785693554795,3.92363348203557,5,0.311480332516568,0.191775149452257,377.695857909732,1.35215692351248,10
2019-08-09T10:00:00Z,362.51774384332,14.1916033656183,406.063501419802,4.89373230368067,5,0.334890975062765,0.191791369197405,377.815563092796,1.90642936909349,10
2019-08-09T11:00:00Z,362.331507452633,14.1133672900069,427.267580768067,5.56647658927125,5,0.34621471150635,0.191807590314368,377.958662698662,1.95974464122969,10
2019-08-09T12:00:00Z,366.48209004673,14.616482299146,428.40192764572,5.2174800079113,5,0.346739541390947,0.191823812803263,378.113069819854,1.47058592582747,10
2019-08-09T13:00:00Z,368.786022096174,15.0319053650944,409.413259193523,5.35858881261673,5,0.336554466946957,0.191840036664205,378.267985548441,1.05185530234904,10
2019-08-09T14:00:00Z,371.2504013823,15.4467143657664,371.193516464255,4.76557022641511,5,0.314532448081902,0.191856261897311,378.412699978724,0.645939520972823,10
2019-08-09T15:00:00Z,371.667708278417,15.5051860103314,315.537967917772,4.48788275716323,5,0.278577602085826,0.191872488502697,378.535376164909,0.587991847869249,10
2019-08-09T16:00:00Z,371.001084510302,15.0366555244817,245.060881568103,4.89413255669014,5,0.226371727263209,0.191888716480478,378.622081278492,1.05217330933209,10
2019-08-09T17:00:00Z,368.820495772826,14.7693069749616,163.072726854102,5.3315046540409,5,0.156911733076778,0.191904945830772,378.656564289275,1.30696461031094,10
2019-08-09T18:00:00Z,367.218643601408,14.5257076621467,73.4246743417889,5.03678101163394,5,0.0725961128838806,0.191921176553693,378.621571076521,1.56726434391299,10
2019-08-09T19:00:00Z,365.363212218884,14.5657951763476,0,4.94505123154066,5,0,0.191937408649358,378.502246012851,1.54275740232849,10
2019-08-09T20:00:00Z,366.792629019986,14.9084202215298,0,5.59025523550815,5,0,0.191953642117884,378.310308604202,1.16693422884527,10
2019-08-09T21:00:00Z,370.315304955218,15.4994821186495,0,5.45790664086811,5,0,0.191969876959385,378.118354962084,0.591382325083354,10
2019-08-09T22:00:00Z,373.969015476591,16.1398578891069,0,5.73445889667821,5,0,0.191986113173979,377.926385085125,-0.0373300231783331,10
2019-08-09T23:00:00Z,370.40462752777,16.0599791837178,0,5.61172517977475,5,0,0.192002350761782,377.734398971951,0.0278376885376129,10
2019-08-10T00:00:00Z,370.441140973272,16.0666940533337,0,5.07434945957333,5,0,0.192018589722909,377.542396621189,0.0230456855620111,10
2019-08-10T01:00:00Z,371.781524847593,15.6540724549076,0,4.30687317944096,5,0,0.192034830057477,377.350378031466,0.437057183655692,10
2019-08-10T02:00:00Z,370.109622902655,15.4209597298795,0,4.07551517367755,5,0,0.192051071765601,377.158343201409,0.673713928350881,10
2019-08-10T03:00:00Z,370.125146921085,15.5880535172805,0,3.37515231994967,5,0,0.192067314847399,376.966292129643,0.519292110840065,10
2019-08-10T04:00:00Z,373.608759388727,16.2602075400215,0,2.96041660716125,5,0,0.192083559302987,376.774224814795,-0.13522133783233,10
2019-08-10T05:00:00Z,374.460389557348,16.7852623592532,45.5679984320133,2.77790260424193,5,0.0452499282270612,0.192099805132479,376.582141255493,-0.673473011248977,10
2019-08-10T06:00:00Z,373.629891021749,17.0080386783168,113.232574772856,2.50903515454193,5,0.110880135154302,0.192116052335994,376.435291378587,-0.908621711806091,10
2019-08-10T07:00:00Z,373.182167330423,16.7864619032113,175.542668916915,1.95946252981278,5,0.168019593216252,0.192132300913646,376.354055461405,-0.683282087989419,10
2019-08-10T08:00:00Z,366.846790936649,15.8308234485304,229.55179403879,1.47540062346519,5,0.213915739319791,0.192148550865552,376.329942753708,0.268320516161707,10
2019-08-10T09:00:00Z,368.512894677755,15.6916190298434,272.705995152392,1.70551346068727,5,0.247735397430465,0.192164802191829,376.351709942162,0.412433029980048,10
2019-08-10T10:00:00Z,370.48323315911,16.0082675473043,302.964619185557,2.16315180745946,5,0.269833309130966,0.192181054892593,376.407280537401,0.0973067842629947,10
2019-08-10T11:00:00Z,373.843579789242,16.0929518861864,318.896812304839,2.55260858869927,5,0.280932890884975,0.192197308967959,376.484932791639,0.0349331608591376,10
2019-08-10T12:00:00Z,378.426111617361,16.506124272069,319.749181375939,3.08586789184314,5,0.281545689264547,0.192213564418044,376.573668373556,-0.384714650177749,10
2019-08-10T13:00:00Z,381.024185396409,17.2067256871004,305.481420020364,2.96543153690765,5,0.271691375558123,0.192229821242965,376.663000498402,-1.10765089416358,10
2019-08-10T14:00:00Z,384.251450351861,17.439520811229,276.768214602174,3.23254426306251,5,0.250886957423625,0.192246079442837,376.742462052717,-1.31375892528096,10
2019-08-10T15:00:00Z,382.014409233814,17.2848732890834,234.967340015498,3.9285791605686,5,0.218402194129734,0.192262339017777,376.801102930698,-1.15331553599875,10
2019-08-10T16:00:00Z,381.393522492756,17.1282242635281,182.055453942397,4.85347775287983,5,0.173811564600526,0.192278599967902,376.82724278581,-1.01053770557384,10
2019-08-10T17:00:00Z,378.014305936137,16.590301726085,120.534625708285,4.70356644198198,5,0.117795001814608,0.192294862293327,376.808775750443,-0.455463451273335,10
2019-08-10T18:00:00Z,376.263308608361,16.2028928805257,53.3140197490282,4.17893625114541,5,0.052891101404084,0.192311125994168,376.734275889964,-0.0769804899805076,10
2019-08-10T19:00:00Z,378.665207389687,16.4024170040501,0,4.34239354494666,5,0,0.192327391070543,376.594855865374,-0.272244642237651,10
2019-08-10T20:00:00Z,382.051558557637,17.0360174622386,0,4.50767582056426,5,0,0.192343657522568,376.402528474304,-0.914229569417182,10
2019-08-10T21:00:00Z,382.431583492376,17.1838631729472,0,4.79276003049877,5,0,0.192359925350358,376.210184816781,-1.04321121633366,10
2019-08-10T22:00:00Z,379.334786948223,17.4878567675419,0,5.20293246378209,5,0,0.192376194554031,376.017824891431,-1.35981942632989,10
2019-08-10T23:00:00Z,378.981472578915,17.5500534626774,0,4.86571672571022,5,0,0.192392465133702,375.825448696877,-1.42400059830818,10
2019-08-11T00:00:00Z,382.404426710478,17.2183520360184,0,3.92179438300324,5,0,0.192408737089489,375.633056231743,-1.08368447333065,10
2019-08-11T01:00:00Z,379.482011281733,17.142048273003,0,2.85490133770154,5,0,0.192425010421506,375.440647494654,-1.01190538672431,10
2019-08-11T02:00:00Z,378.736582214782,17.0428182433475,0,1.77504282739932,5,0,0.192441285129872,375.248222484232,-0.912878897559828,10
2019-08-11T03:00:00Z,381.457444943218,17.267899970602,0,1.42427414563611,5,0,0.192457561214701,375.055781199102,-1.12688904869461,10
2019-08-11T04:00:00Z,382.616410053334,17.3210552733482,0,1.29439338217715,5,0,0.192473838676111,374.863323637888,-1.18806509357089,10
2019-08-11T05:00:00Z,384.26091402151,17.6634970233924,51.4002277765701,0.773442034802939,5,0.0510095184734551,0.192490117514218,374.670849799212,-1.53147374300449,10
2019-08-11T06:00:00Z,383.89182118163,17.8310138120564,130.768804902207,1.17674619597792,5,0.127450269858284,0.192506397729139,374.529369200171,-1.69893550961316,10
2019-08-11T07:00:00Z,379.417807615536,17.7955051530513,203.911610154192,1.32842738068572,5,0.192964263672856,0.19252267932099,374.464313072301,-1.6706569321057,10
2019-08-11T08:00:00Z,379.218815359435,17.415991995701,267.346387806181,1.23019792376439,5,0.244475400683688,0.192538962289886,374.464754656652,-1.25992064159534,10
2019-08-11T09:00:00Z,379.390559714897,16.7154877986585,318.053071606038,1.6288182233637,5,0.281615413256918,0.192555246635946,374.516691095046,-0.580766180567724,10
2019-08-11T10:00:00Z,377.415302074768,16.7128070157875,353.617567106365,2.01034647543929,5,0.305465625393297,0.192571532359285,374.605751261667,-0.574110700880452,10
2019-08-11T11:00:00Z,379.470824991982,16.642434080387,372.346684284113,2.12636292032572,5,0.317351424737855,0.19258781946002,374.718645354701,-0.497816650021477,10
2019-08-11T12:00:00Z,379.949267947936,16.9187592812657,373.34874862233,2.65961470047993,5,0.318097209440433,0.192604107938267,374.843408959979,-0.780249860908869,10
2019-08-11T13:00:00Z,382.307614933883,17.292070900975,356.576052841154,3.57632820859013,5,0.307709313860215,0.192620397794143,374.968902061481,-1.16598580805372,10
2019-08-11T14:00:00Z,382.671344083955,17.0561691375195,322.827128193648,4.28094720037696,5,0.285372714069551,0.192636689027764,375.083990977547,-0.904183363631985,10
2019-08-11T15:00:00Z,383.275079963086,17.0444370204909,273.708727192334,4.87439687541383,5,0.249755777147282,0.192652981639247,375.176727002589,-0.89045313889896,10
2019-08-11T16:00:00Z,377.547522563364,16.3910968620902,211.559327730787,4.94749035992709,5,0.199727063282317,0.192669275628708,375.233829798096,-0.243558084486821,10
2019-08-11T17:00:00Z,379.028787187028,16.3366653346815,139.337800492435,5.25784927008983,5,0.135517741190753,0.192685570996264,375.24088758575,-0.19086079175332,10
2019-08-11T18:00:00Z,377.480888971496,16.0952162829065,60.482540079789,4.96783703606793,5,0.0599558632703446,0.192701867742032,375.183719755945,0.0492468869461068,10
2019-08-11T19:00:00Z,379.690791893931,15.9775482028808,0,5.19970864198385,5,0,0.192718165866128,375.050973751473,0.195746507623931,10
2019-08-11T20:00:00Z,381.782782555162,15.7163316975014,0,4.99937109334299,5,0,0.192734465368668,374.858255585606,0.435699428069618,10
2019-08-11T21:00:00Z,380.801595246966,16.2149640802576,0,4.53081147172928,5,0,0.192750766249769,374.665521120238,-0.0590681271297239,10
2019-08-11T22:00:00Z,383.230843333976,16.3484620801318,0,3.94890297249031,5,0,0.192767068509549,374.472770353988,-0.189890182987113,10
2019-08-11T23:00:00Z,380.737623849769,16.0895710473114,0,3.71159168823588,5,0,0.192783372148122,374.280003285478,0.0668727473731475,10
2019-08-12T00:00:00Z,378.680068525306,16.0783261042563,0,3.28813616060183,5,0,0.192799677165607,374.08721991333,0.105574596149685,10
2019-08-12T01:00:00Z,377.086261810443,15.7330885446188,0,2.55589783277006,5,0,0.192815983562119,373.894420236164,0.428045131943893,10
2019-08-12T02:00:00Z,376.484011721743,15.7610109453686,0,2.22268976125083,5,0,0.192832291337776,373.701604252602,0.390598460564772,10
2019-08-12T03:00:00Z,376.813947710049,16.1302978999228,0,2.60124181931856,5,0,0.192848600492693,373.508771961264,0.0365897919089547,10
2019-08-12T04:00:00Z,379.399113425746,16.8432766252101,0,2.99405044282859,5,0,0.192864911026988,373.315923360772,-0.667319411176441,10
2019-08-12T05:00:00Z,379.405108078755,16.8305225758041,55.1024448420044,2.36483913023688,5,0.0546724497779502,0.192881222940777,373.123058449744,-0.674461521820667,10
2019-08-12T06:00:00Z,377.44620886086,16.9496090240054,143.748856846638,1.86086563726936,5,0.139766480823052,0.192897536234177,372.984849676582,-0.765400272595037,10
2019-08-12T07:00:00Z,373.811371472207,16.3578404675483,225.504397521834,1.77223923440571,5,0.212098386417611,0.192913850907305,372.931718621171,-0.186338632841081,10
2019-08-12T08:00:00Z,374.947325574092,16.3483618270506,296.449961536115,1.61243559647654,5,0.26832025442708,0.192930166960277,372.950903156681,-0.180180491047842,10
2019-08-12T09:00:00Z,373.28275287854,16.1870298930227,353.184640084074,2.46291404803657,5,0.308394524426329,0.19294648439321,373.026293244147,-0.00710633871546884,10
2019-08-12T10:00:00Z,371.171295631909,15.8162265827118,392.988749834887,2.82854253692971,5,0.333913030672125,0.19296280320622,373.141741284181,0.342245448225883,10
2019-08-12T11:00:00Z,372.792775842606,15.9629512769812,413.954206058749,3.30037578588508,5,0.346608728594691,0.192979123399425,373.282691511647,0.225621737141859,10
2019-08-12T12:00:00Z,373.774037419604,16.0301701702212,415.075990250675,3.82825552492803,5,0.347505968735653,0.192995444972942,373.436321116842,0.138911869092171,10
2019-08-12T13:00:00Z,372.554468798758,15.94312217468,396.300327579368,4.02307922212011,5,0.336587589648242,0.193011767926885,373.590831640605,0.224277807785258,10
2019-08-12T14:00:00Z,370.134788728597,15.5787044921191,358.527264684719,4.71743320538684,5,0.312799890150698,0.193028092261374,373.734407462326,0.593521142294314,10
2019-08-12T15:00:00Z,369.066872594853,15.5754244578556,303.567524252358,4.45286643751891,5,0.274390157989377,0.193044417976524,373.854179260215,0.603635916197219,10
2019-08-12T16:00:00Z,373.274070187433,15.630345807881,234.055704622242,4.75592624989501,5,0.219739505632143,0.193060745072452,373.935525000228,0.540189037285528,10
2019-08-12T17:00:00Z,372.190589922675,15.718840635916,153.323985370987,5.56526610244559,5,0.14879305362495,0.193077073549275,373.962203760788,0.437419661131518,10
2019-08-12T18:00:00Z,372.464359594579,15.8414751025899,65.2423930279738,4.94674996379837,5,0.0646596311226426,0.19309340340711,373.917919740864,0.342482012720115,10
2019-08-12T19:00:00Z,373.455648273629,16.1094314079634,0,4.59013829797022,5,0,0.193109734646074,373.789485968579,0.0829056259710281,10
2019-08-12T20:00:00Z,377.086428607396,16.6825073999507,0,4.11753463788314,5,0,0.193126067266282,373.596376233933,-0.499606782779575,10
2019-08-12T21:00:00Z,379.062346239992,16.8223653058381,0,4.34728708111403,5,0,0.193142401267853,373.403250166667,-0.632127065628821,10
2019-08-12T22:00:00Z,380.600711485365,16.6191713857672,0,4.14904963947367,5,0,0.193158736650903,373.210107765399,-0.424060108405247,10
2019-08-12T23:00:00Z,378.968777369271,16.6278340853291,0,3.77052308429404,5,0,0.193175073415549,373.016949028748,-0.448738151647293,10
2019-08-13T00:00:00Z,377.233818275379,16.6314226452639,0,3.75251596929396,5,0,0.193191411561908,372.823773955333,-0.424380110066732,10
2019-08-13T01:00:00Z,378.858146424804,16.591730775456,0,2.5992179513608,5,0,0.193207751090096,372.630582543771,-0.408638893872508,10
2019-08-13T02:00:00Z,375.939931467974,16.2208971396679,0,2.62593954547586,5,0,0.19322409200023,372.437374792681,-0.0278921078206015,10
2019-08-13T03:00:00Z,375.155807220054,16.2671898367782,0,2.04757937982941,5,0,0.193240434292428,372.244150700681,-0.0552564896609313,10
2019-08-13T04:00:00Z,379.535955112576,16.8991208531387,0,1.88121806336137,5,0,0.193256777966806,372.050910266388,-0.701783472071258,10
2019-08-13T05:00:00Z,381.376022722554,17.0947417734914,71.4993562819399,2.03566014404864,5,0.0708166644911245,0.193273123023481,371.857653488421,-0.898779671183167,10
2019-08-13T06:00:00Z,378.616622560002,17.0908785031233,191.585349395963,1.54940887602121,5,0.183806573132143,0.19328946946257,371.735197029889,-0.904732083067694,10
2019-08-13T07:00:00Z,380.245891368282,17.0625774675835,302.423301929684,2.17257904680436,5,0.275556088143666,0.19330581728419,371.725714133559,-0.875401245692763,10
2019-08-13T08:00:00Z,381.532864557322,16.9483997344763,398.662941087707,2.06904204038758,5,0.342715866616961,0.193322166488458,371.807964404418,-0.753873143537645,10
2019-08-13T09:00:00Z,381.027812781134,16.6391060410993,475.658671102019,2.48618704791236,5,0.387834716726846,0.193338517075491,371.957358104546,-0.442191768258482,10
2019-08-13T10:00:00Z,374.430078964178,16.600183199058,529.693821371619,1.95228646893397,5,0.415280417403544,0.193354869045405,372.151854304198,-0.38105833971964,10
2019-08-13T11:00:00Z,378.350264330468,16.7837196669992,558.160054338175,1.84892150811462,5,0.428666026332762,0.193371222398318,372.373779852556,-0.585600975513615,10
2019-08-13T12:00:00Z,379.066594938747,17.5716929726272,559.683272877489,2.15619941999797,5,0.429881072808579,0.193387577134347,372.60907465649,-1.37814849507768,10
2019-08-13T13:00:00Z,382.499021657849,17.868354787293,534.189949515208,2.94459454346964,5,0.418882116615215,0.193403933253609,372.845568152165,-1.6550118740441,10
2019-08-13T14:00:00Z,382.427386445011,17.7224052974481,482.910675680816,3.37514941219809,5,0.393708397154006,0.19342029075622,373.071046335526,-1.5133029505193,10
2019-08-13T15:00:00Z,378.068029551269,17.3014735617201,408.320759673428,3.14782298512091,5,0.350723991690793,0.193436649642298,373.271334441924,-1.09159003578201,10
2019-08-13T16:00:00Z,372.950709769331,16.516061152581,314.020740742484,3.74621534199329,5,0.28559750051256,0.193453009911959,373.428621783972,-0.29110901752017,10
2019-08-13T17:00:00Z,372.884467738483,16.1736874290404,204.562587003218,4.13432988465855,5,0.195774798143531,0.193469371565321,373.520766274573,0.0477949372202308,10
2019-08-13T18:00:00Z,373.462148331453,16.3373781877455,85.2299668092794,4.77471485326629,5,0.0842751343669438,0.193485734602501,373.523071701151,-0.113133571540305,10
2019-08-13T19:00:00Z,372.67775461583,16.3663119584513,0,4.8146192999573,5,0,0.193502099023616,373.413861100916,-0.155006996020594,10
2019-08-13T20:00:00Z,373.602199034465,16.4651390141371,0,5.73972690422164,5,0,0.193518464828782,373.220359001892,-0.251808335447186,10
2019-08-13T21:00:00Z,372.304470870792,16.3834802232401,0,5.12196954632297,5,0,0.193534832018117,373.026840537063,-0.168071378281524,10
2019-08-13T22:00:00Z,371.321276797247,16.3590197600696,0,5.16002505753601,5,0,0.193551200591738,372.833305705045,-0.149784742852765,10
2019-08-13T23:00:00Z,364.178443087203,15.8978008704405,0,5.53316718244944,5,0,0.193567570549763,372.639754504453,0.309054161110908,10
2019-08-14T00:00:00Z,365.184725092586,15.4820403794948,0,4.93719183285986,5,0,0.193583941892307,372.446186933903,0.741893139115048,10
2019-08-14T01:00:00Z,366.577248138959,15.4315918674608,0,4.77931023160843,5,0,0.193600314619488,372.252602992011,0.787850296107673,10
2019-08-14T02:00:00Z,366.606226768706,15.4541597056405,0,4.4744718682397,5,0,0.193616688731424,372.059002677391,0.768362178372412,10
2019-08-14T03:00:00Z,363.448780875168,15.108461308175,0,3.8617480258474,5,0,0.193633064228231,371.86538598866,1.12711636470228,10
2019-08-14T04:00:00Z,366.463504505077,15.2545937158894,0,4.16737373255449,5,0,0.193649441110027,371.671752924432,0.963518033723308,10
2019-08-14T05:00:00Z,367.31451460861,15.7879368154821,49.6320570528802,3.6858564224433,5,0.0493111774820008,0.193665819376928,371.478103483322,0.45794927129474,10
2019-08-14T06:00:00Z,369.515672580267,16.0708094766416,136.853680666724,3.06808835252534,5,0.134029233926507,0.193682199029052,371.333748841427,0.152271419129174,10
2019-08-14T07:00:00Z,367.162181812781,16.1507982058581,217.422605267339,2.09225037002151,5,0.207825404110361,0.193698580066517,371.274095876324,0.0857618736424928,10
2019-08-14T08:00:00Z,368.8596179012,15.7448526917888,287.422233196728,2.45109369804859,5,0.266978754014749,0.193714962489438,371.288222700368,0.473803633390198,10
2019-08-14T09:00:00Z,367.990231110481,15.493057770558,343.449758966697,1.98175829330406,5,0.310475155107032,0.193731346297934,371.361486491894,0.740922643336727,10
2019-08-14T10:00:00Z,367.245650965153,15.6046185534978,382.781585640812,2.40241688255526,5,0.338909324953848,0.193747731492121,371.478230300702,0.620244380918289,10
2019-08-14T11:00:00Z,367.987129065938,15.5134053723556,403.50572368961,2.83234073474806,5,0.353307853411982,0.193764118072117,371.623391894164,0.712968547804541,10
2019-08-14T12:00:00Z,371.512217844202,15.9407940037791,404.614736176972,2.10056904374136,5,0.354335206272799,0.193780506038039,371.782935629504,0.281640234811644,10
2019-08-14T13:00:00Z,375.207809868993,16.2178694101933,386.054712048082,2.54428083027991,5,0.341936512264,0.193796895390004,371.943490329739,0.0182098908507255,10
2019-08-14T14:00:00Z,378.122171852041,16.5675323805429,348.727886840971,2.98056852090087,5,0.315352046371962,0.193813286128129,372.091629946613,-0.322426775034217,10
2019-08-14T15:00:00Z,381.963857237754,16.4692336017331,294.448783424241,3.69766698233902,5,0.273498089692864,0.193829678252532,372.213168706857,-0.232201860885534,10
2019-08-14T16:00:00Z,377.171196204435,15.9698415558032,225.856004837141,3.64854898036109,5,0.215761054229907,0.19384607176333,372.292837118297,0.267505810254207,10
2019-08-14T17:00:00Z,372.595755184212,15.5600430457509,146.28396713774,4.47540715953212,5,0.143124714943651,0.19386246666064,372.314752100764,0.676966994280415,10
2019-08-14T18:00:00Z,373.088483345976,15.2924218052408,59.6008075519029,5.10634704236773,5,0.059173623703058,0.193878862944579,372.264014349047,0.956970915942032,10
2019-08-14T19:00:00Z,375.739312116458,15.9386114216905,0,6.18132534100101,5,0,0.193895260615265,372.129309109806,0.315643082600082,10
2019-08-14T20:00:00Z,378.529354284593,16.2073334309049,0,6.73863840141085,5,0,0.193911659672815,371.935413849191,0.0157263191297801,10
2019-08-14T21:00:00Z,379.138604183269,16.5862381831082,0,6.19512793338627,5,0,0.193928060117346,371.741502189518,-0.345017838741209,10
2019-08-14T22:00:00Z,376.739860778257,16.8492526823015,0,5.9618420237699,5,0,0.193944461948976,371.5475741294,-0.5929494911261,10
2019-08-14T23:00:00Z,377.990156571062,16.787512264773,0,5.38560015928065,5,0,0.193960865167821,371.353629667451,-0.523278736478583,10
2019-08-15T00:00:00Z,373.722579275979,15.9813693033868,0,4.3686081197049,5,0,0.193977269774,371.159668802283,0.274410758452438,10
2019-08-15T01:00:00Z,369.205933324062,15.5083323690332,0,3.17317189551535,5,0,0.193993675767629,370.965691532509,0.74160929261401,10
2019-08-15T02:00:00Z,366.90629443399,15.3854577173882,0,2.77697700383488,5,0,0.194010083148826,370.771697856742,0.873120852880876,10
2019-08-15T03:00:00Z,365.468227356105,15.2595082805768,0,1.89839493848103,5,0,0.194026491917709,370.577687773593,0.996416923297093,10
2019-08-15T04:00:00Z,366.896713951823,15.6948366379114,0,1.71984017356083,5,0,0.194042902074394,370.383661281675,0.565425274320286,10
2019-08-15T05:00:00Z,368.854194017487,15.9627056916123,81.2598997448392,1.79760650598911,5,0.0805086998282286,0.194059313618999,370.189618379601,0.298164103767214,10
2019-08-15T06:00:00Z,366.030225870706,15.7738976589335,231.046197397442,2.1224407794077,5,0.221191202821583,0.194075726551641,370.07606776581,0.498642253131537,10
2019-08-15T07:00:00Z,366.640511738397,15.7822244111857,369.520746581863,1.88678884978046,5,0.334310746911764,0.194092140872438,370.10318324208,0.480055684839987,10
2019-08-15T08:00:00Z,367.639425613238,15.747637129014,489.903997202652,2.33548299494994,5,0.415861275628974,0.194108556581507,370.243401848119,0.508373846938663,10
2019-08-15T09:00:00Z,362.88002611126,15.6811292851982,586.302127737779,2.87865317783083,5,0.469825138494986,0.194124973678966,370.465154567167,0.590356310797211,10
2019-08-15T10:00:00Z,363.654886896593,15.8707789504333,653.995599767224,3.17691573011844,5,0.502312734488414,0.194141392164932,370.740854731983,0.383712340460926,10
2019-08-15T11:00:00Z,365.471893596764,15.9936198395937,689.670220990227,3.16293840792684,5,0.518158510196248,0.194157812039522,371.049026074306,0.267152358867326,10
2019-08-15T12:00:00Z,368.676453483596,16.2339871151861,691.579404159224,3.85867355816396,5,0.519812380787467,0.194174233302854,371.373026772463,0.0070019379895658,10
2019-08-15T13:00:00Z,369.701098560465,16.3910146452158,659.629677925061,3.38528140406186,5,0.507178703339275,0.194190655955045,371.698664919948,-0.122824662926778,10
2019-08-15T14:00:00Z,369.30203406926,16.148780736506,595.385263083664,4.32005630524867,5,0.477641585426935,0.194207079996213,372.011652967332,0.125024750953874,10
2019-08-15T15:00:00Z,366.848637012771,15.7735603983268,501.991490176529,5.18133857385046,5,0.426290943248065,0.194223505426476,372.295087472762,0.477966124249799,10
2019-08-15T16:00:00Z,367.54481555962,15.9492922666441,384.02080782874,5.40822134779683,5,0.347093701567616,0.19423993224595,372.527154910584,0.346098197477202,10
2019-08-15T17:00:00Z,364.962113999067,15.2445909976336,247.248921074049,5.73495670593553,5,0.236196067800359,0.194256360454753,372.680008679906,1.01733872583905,10
2019-08-15T18:00:00Z,363.47100959445,15.177304462677,98.3720196698066,5.13075729524128,5,0.0973011865148767,0.194272790053004,372.721948387251,1.08227525924163,10
2019-08-15T19:00:00Z,365.386735795136,15.4324060054211,0,4.91694243914817,5,0,0.194289221040818,372.624976783713,0.838052739886903,10
2019-08-15T20:00:00Z,363.94926536469,15.2686309607089,0,4.71142192980009,5,0,0.194305653418314,372.430687562672,1.00936206123455,10
2019-08-15T21:00:00Z,362.013575634144,15.4404106880423,0,5.39815629488079,5,0,0.19432208718561,372.236381909254,0.831437436089602,10
2019-08-15T22:00:00Z,363.090905034692,15.1748838121165,0,4.53032164394766,5,0,0.194338522342823,372.042059822068,1.1075855295081,10
2019-08-15T23:00:00Z,361.545238149705,15.1335941146147,0,3.83140097427545,5,0,0.19435495889007,371.847721299725,1.13625017683932,10
2019-08-16T00:00:00Z,360.305117237841,15.1459836476315,0,3.61140400994483,5,0,0.194371396827469,371.653366340835,1.14133275069484,10
2019-08-16T01:00:00Z,362.187578626127,15.4170128311735,0,3.34035785606405,5,0,0.194387836155137,371.458994944008,0.86550713344654,10
2019-08-16T02:00:00Z,361.593539702853,15.0876517262334,0,2.85197968717546,5,0,0.194404276873193,371.264607107853,1.2137386971273,10
2019-08-16T03:00:00Z,363.325062609506,15.41572951154,0,2.49067540198278,5,0,0.194420718981753,371.07020283098,0.871818165397999,10
2019-08-16T04:00:00Z,364.883063714561,15.4611142339838,0,2.47653796433495,5,0,0.194437162480936,370.875782111998,0.82343760487632,10
2019-08-16T05:00:00Z,365.433815214748,15.7138244236629,33.7188007326759,2.04611918714949,5,0.0335508549587811,0.194453607370859,370.681344949517,0.573786016105571,10
2019-08-16T06:00:00Z,365.754236145855,15.7683518922573,99.0873765132772,2.29499186448288,5,0.0980561285985116,0.194470053651639,370.520442197105,0.524650873100227,10
2019-08-16T07:00:00Z,362.246978937859,15.4563475389401,159.569725403502,2.49137379426465,5,0.15639386069669,0.194486501323395,370.424028272052,0.824321657084588,10
2019-08-16T08:00:00Z,362.063659854744,15.4722435125831,212.183323393332,3.1855431784054,5,0.205536257643057,0.194502950386243,370.385935631425,0.807686527091662,10
2019-08-16T09:00:00Z,360.248343128096,15.4956981476593,254.333672713791,3.1004786217574,5,0.243568071577504,0.194519400840302,370.396968938682,0.804133875013513,10
2019-08-16T10:00:00Z,360.307895691623,15.5528398724556,283.942242501154,2.78780917247698,5,0.269504976488223,0.194535852685689,370.446017609419,0.740504290985007,10
2019-08-16T11:00:00Z,358.922005313044,15.4639371654654,299.548965943972,3.11755000419184,5,0.282948609560529,0.194552305922522,370.520986733222,0.814994916920604,10
2019-08-16T12:00:00Z,361.673210586352,15.8914489793691,300.384239542382,3.8018589147905,5,0.283766180171476,0.194568760550919,370.60938303686,0.393899754468924,10
2019-08-16T13:00:00Z,369.510716140095,16.2314425133167,286.406874030291,4.70967059350574,5,0.271911808450357,0.194585216570997,370.698580456481,0.0658434881375105,10
2019-08-16T14:00:00Z,366.457110489335,16.2005683407935,258.306125513021,5.84956786331275,5,0.24743566896755,0.194601673982874,370.77590704836,0.108704895860616,10
2019-08-16T15:00:00Z,364.757232629517,15.9757940370402,217.4677066603,5.29247274230304,5,0.21067593452625,0.194618132786667,370.828741043345,0.324881627508751,10
2019-08-16T16:00:00Z,361.91061804808,15.625337043984,165.905454021046,5.39698508073459,5,0.162578133312462,0.194634592982495,370.844798845084,0.674590565128108,10
2019-08-16T17:00:00Z,360.123862014914,15.442537466106,106.16202110209,6.17429844690664,5,0.105020613439615,0.194651054570475,370.812742385414,0.854089428761426,10
2019-08-16T18:00:00Z,361.436020366562,15.2010036052976,41.1834942640184,5.8794818542657,5,0.040967902963807,0.194667517550725,370.723111944283,1.09425251934591,10
2019-08-16T19:00:00Z,363.316197035697,15.2531786554871,0,5.77266872756232,5,0,0.194683981923362,370.569412329696,1.04418117531418,10
2019-08-16T20:00:00Z,368.09218619173,15.6538488313449,0,5.20780927623378,5,0,0.194700447688505,370.374728347773,0.655592593894324,10
2019-08-16T21:00:00Z,366.268293276037,15.4434793032321,0,4.73665990754876,5,0,0.194716914846271,370.180027900084,0.856930154386117,10
2019-08-16T22:00:00Z,370.4155693721,16.0172308183836,0,4.2267789871459,5,0,0.194733383396778,369.985310985238,0.29213183509398,10
2019-08-16T23:00:00Z,369.843066098996,15.7200976159012,0,3.59966999567677,5,0,0.194749853340144,369.790577601842,0.585648956961498,10
2019-08-17T00:00:00Z,369.121206724581,15.4367879815291,0,3.51400385227576,5,0,0.194766324676486,369.595827748502,0.874809022608469,10
2019-08-17T01:00:00Z,365.531638293946,15.2416183476639,0,2.2423628687857,5,0,0.194782797405923,369.401061423825,1.07983160319069,10
2019-08-17T02:00:00Z,365.964140508073,15.3267896274846,0,1.886740744617,5,0,0.194799271528572,369.206278626419,0.993693891302502,10
2019-08-17T03:00:00Z,368.269482020877,15.5174809641898,0,2.16186674458119,5,0,0.19481574704455,369.01147935489,0.795828133094369,10
2019-08-17T04:00:00Z,368.493338167398,15.3728829337495,0,1.25453901972443,5,0,0.194832223953977,368.816663607846,0.93219513193442,10
2019-08-17T05:00:00Z,368.921934661199,15.7536102303548,53.7274397117835,1.20671981608553,5,0.0534165270245797,0.194848702256969,368.621831383891,0.568398294872915,10
2019-08-17T06:00:00Z,369.445764463602,16.0493332779019,163.598646278072,0.536845905617927,5,0.160635437455102,0.194865181953645,368.480399208659,0.269524534476072,10
2019-08-17T07:00:00Z,368.771919705252,16.2461925855025,265.343539312426,0.5,5,0.254866782567831,0.194881663044123,368.446169464161,0.0624365948917435,10
2019-08-17T08:00:00Z,364.784246289297,16.2167505469285,353.908220632434,0.5,5,0.331081651046584,0.194898145528519,368.506154583685,0.113289684709828,10
2019-08-17T09:00:00Z,365.140400587428,16.049800271096,424.893482881336,1.01305006759804,5,0.387574406384893,0.194914629406953,368.642338089202,0.280210687774004,10
2019-08-17T10:00:00Z,367.706894737382,16.3056127950682,474.773328073792,1.32812476297717,5,0.424734051300126,0.194931114679542,368.83499786618,0.00995752377416809,10
2019-08-17T11:00:00Z,367.152310797457,16.2038816087788,501.070111863837,1.31848214464006,5,0.443620222419916,0.194947601346404,369.064800802801,0.14668648605502,10
2019-08-17T12:00:00Z,366.810496213653,16.4260928124794,502.477613724462,2.00493672844367,5,0.444956324911557,0.194964089407657,369.313473423874,-0.13248274376911,10
2019-08-17T13:00:00Z,369.393134010453,16.4151655082691,478.925919865569,1.71773171549819,5,0.428662471226508,0.194980578863419,369.563465659378,-0.0824559422140497,10
2019-08-17T14:00:00Z,371.304340268233,16.3197294199317,431.584896009519,2.46521070402403,5,0.393877265106901,0.194997069713808,369.797147551741,0.00296447872974581,10
2019-08-17T15:00:00Z,366.941533380291,15.9087059277187,362.806077523685,2.45845294743919,5,0.339460336556056,0.195013561958941,369.996027747134,0.421972146218113,10
2019-08-17T16:00:00Z,368.482689392739,15.9587680302613,276.005863358103,2.35447756390671,5,0.265000753046642,0.195030055598938,370.140474521731,0.360739408128623,10
2019-08-17T17:00:00Z,364.156951929881,15.5254588381586,175.495815808645,2.74407482697274,5,0.172174186896525,0.195046550633915,370.210445219179,0.803332643148777,10
2019-08-17T18:00:00Z,362.489418474656,15.4639681278204,66.2684954989998,2.13769187513003,5,0.0658465858281282,0.195063047063991,370.187572855442,0.862394579269528,10
2019-08-17T19:00:00Z,364.532348078498,15.572221591553,0,2.04031070540877,5,0,0.195079544889283,370.058356394206,0.766505328835979,10
2019-08-17T20:00:00Z,366.282058149829,15.9768978485415,0,1.79747623999371,5,0,0.19509604410991,369.863276849317,0.362670569036137,10
2019-08-17T21:00:00Z,365.945126275512,16.1940466418214,0,1.3347555805374,5,0,0.19511254472599,369.668180805207,0.149507098577012,10
2019-08-17T22:00:00Z,366.10766339229,16.274146396407,0,1.34832873792468,5,0,0.195129046737641,369.473068260481,0.0673487917248664,10
2019-08-17T23:00:00Z,366.773079063545,16.6324505811173,0,1.23767964243367,5,0,0.19514555014498,369.277939213744,-0.294561958988506,10
2019-08-18T00:00:00Z,362.487131788851,16.0858868499096,0,1.23777941565413,5,0,0.195162054948126,369.082793663599,0.253149339596715,10
2019-08-18T01:00:00Z,360.767378331964,15.7555177792927,0,1.68779011027313,5,0,0.195178561147197,368.88763160865,0.604369558930743,10
2019-08-18T02:00:00Z,362.866492991736,15.868661685803,0,1.29163031562094,5,0,0.195195068742311,368.692453047503,0.482351149107809,10
2019-08-18T03:00:00Z,365.161441232246,16.2840661723199,0,1.81794704530009,5,0,0.195211577733586,368.497257978761,0.0590909730617712,10
2019-08-18T04:00:00Z,367.847517955068,16.821012545796,0,0.728958259631301,5,0,0.19522808812114,368.302046401028,-0.461005850494309,10
2019-08-18T05:00:00Z,372.094635803442,17.5485928803263,58.7617355885873,0.5,5,0.058421611487897,0.195244599905092,368.106818312907,-1.19783265091094,10
2019-08-18T06:00:00Z,371.930584760283,17.6630779399939,185.938343090537,0.5,5,0.182365387419916,0.195261113085558,367.969995324489,-1.31657357031891,10
2019-08-18T07:00:00Z,367.860521962667,17.1799766136684,303.810838923115,0.5,5,0.290821008137022,0.195277627662658,367.957099598823,-0.841436888814743,10
2019-08-18T08:00:00Z,363.892960184312,16.8497326846152,406.481037452607,0.5,5,0.377906821494907,0.19529414363651,368.052642979298,-0.496266614562387,10
2019-08-18T09:00:00Z,362.350569251012,16.4157952183682,488.811456133145,0.5,5,0.441935826016195,0.195310661007231,368.235255657156,-0.0593722191064872,10
2019-08-18T10:00:00Z,362.194543740232,16.6323392507293,546.68238841869,0.5,5,0.483757623700281,0.19532717977494,368.481880822165,-0.286239059830836,10
2019-08-18T11:00:00Z,365.964867087722,17.1072978755009,577.198048494194,0.90008863108267,5,0.504924080406699,0.195343699939755,368.77031126609,-0.76352991261068,10
2019-08-18T12:00:00Z,370.067528383777,17.5877372886215,578.83147261303,1.35621876636615,5,0.506446320947408,0.195360221501794,369.079891646558,-1.24603044911938,10
2019-08-18T13:00:00Z,372.204205181318,17.6635683128515,551.500926367155,2.14549986247234,5,0.488237741529437,0.195376744461175,369.390977746003,-1.31605413578691,10
2019-08-18T14:00:00Z,373.329895990558,17.9268493326006,496.57399457006,3.04269963178049,5,0.449137865361026,0.195393268818017,369.683838743072,-1.55863886385346,10
2019-08-18T15:00:00Z,371.393509114787,17.505509133762,416.799149100122,2.64999640607242,5,0.387508452722911,0.195409794572437,369.937583339615,-1.14207783894022,10
2019-08-18T16:00:00Z,369.850654053693,17.0569217464003,316.16821896002,3.29716976742068,5,0.302476682534224,0.195426321724554,370.129681997765,-0.706194964331187,10
2019-08-18T17:00:00Z,366.847182218754,16.4696260366903,199.716644370711,3.40955090681189,5,0.195686389330154,0.195442850274487,370.236732358575,-0.12419419340703,10
2019-08-18T18:00:00Z,367.159253673429,16.433027237052,73.2715099240233,3.44452268730425,5,0.0728009334415894,0.195459380222352,370.236975897631,-0.0983671581466393,10
2019-08-18T19:00:00Z,369.947704699353,16.6928499328848,0,3.13459020682536,5,0,0.195475911568269,370.11431745085,-0.338465885097561,10
2019-08-18T20:00:00Z,370.212034732026,16.9595172902719,0,3.0445778429585,5,0,0.195492444312356,369.918841539282,-0.589738539953564,10
2019-08-18T21:00:00Z,370.555142336448,17.2433633974774,0,2.44000705375974,5,0,0.195508978454731,369.72334909497,-0.889066311912638,10
2019-08-18T22:00:00Z,373.907519720871,17.7477280115529,0,1.97889013372915,5,0,0.195525513995513,369.527840116515,-1.37717499494339,10
2019-08-18T23:00:00Z,374.97697995732,17.4090467034919,0,1.79975758992893,5,0,0.195542050934819,369.332314602519,-1.02297008717914,10
2019-08-19T00:00:00Z,371.781324754409,17.438654668852,0,1.44349467547195,5,0,0.195558589272767,369.136772551585,-1.09028629953699,10
2019-08-19T01:00:00Z,370.031908064066,17.1591922124816,0,1.47090320270994,5,0,0.195575129009477,368.941213962312,-0.789140407481492,10
2019-08-19T02:00:00Z,368.964582218015,16.9622749353349,0,0.5,5,0,0.195591670145066,368.745638833302,-0.599530209533074,10
2019-08-19T03:00:00Z,371.550145541516,17.2767980757225,0,0.5,5,0,0.195608212679653,368.550047163157,-0.893470231090777,10
2019-08-19T04:00:00Z,376.023812044511,17.9232034805767,0,0.5,5,0,0.195624756613357,368.354438950477,-1.54815400523171,10
2019-08-19T05:00:00Z,375.826548870865,18.3191860030607,28.5097261403592,0.5,5,0.0283796490861034,0.195641301946294,368.158814193864,-1.93939395710019,10
2019-08-19T06:00:00Z,376.090900281566,18.430875699162,94.0541796111295,0.5,5,0.0933457842929515,0.195657848678584,367.991552541004,-2.05161363912157,10
2019-08-19T07:00:00Z,373.712860626659,18.4479552978079,154.857206640805,0.5,5,0.152842163632453,0.195674396810346,367.889240476618,-2.0668984773025,10
2019-08-19T08:00:00Z,374.506347657514,18.3466794345866,207.853626274653,0.5,5,0.203739872067018,0.195690946341697,367.84640824344,-1.96338546152689,10
2019-08-19T09:00:00Z,374.721562061815,18.1607947414839,250.371801522438,0.5,5,0.2437471864931,0.195707497272755,367.854457169166,-1.78926867234175,10
2019-08-19T10:00:00Z,375.268062181035,18.0164257336139,280.268320988937,0.5,5,0.271381453199691,0.19572404960364,367.902496858386,-1.62110879729335,10
2019-08-19T11:00:00Z,375.352209330541,18.0843121241924,296.036051780308,0.5,5,0.285802834360945,0.19574060333447,367.978154261982,-1.68527069333309,10
2019-08-19T12:00:00Z,372.509352865282,17.8617960613485,296.880116560962,0.5,5,0.286627311350895,0.195757158465362,368.068216493008,-1.47830485665193,10
2019-08-19T13:00:00Z,373.551187188806,18.3095552999911,282.757964632085,0.5,5,0.273812505158122,0.195773714996436,368.159086645894,-1.9251209866875,10
2019-08-19T14:00:00Z,375.504811935396,18.1363688647514,254.381516982595,0.5,5,0.247663039988824,0.19579027292781,368.237125436056,-1.76727825670447,10
2019-08-19T15:00:00Z,374.294882522634,17.945467353159,213.18127717699,1.36616315525223,5,0.208952275465389,0.195806832259602,368.288998203117,-1.55506542701007,10
2019-08-19T16:00:00Z,371.484183258805,17.4211505268691,161.234217309454,1.38865830061771,5,0.159108693705277,0.195823392991931,368.302143646323,-1.05368474359497,10
2019-08-19T17:00:00Z,372.306431855476,17.147590945197,101.159074412318,1.88890289301209,5,0.100372961128931,0.195839955124915,368.265428947036,-0.758374720575036,10
2019-08-19T18:00:00Z,367.310219730981,16.6867668382037,35.9843355997383,2.686798223462,5,0.0358151457169268,0.195856518658673,368.16996195304,-0.309156965001935,10
2019-08-19T19:00:00Z,369.313552800197,17.1203286767778,0,2.9276596994978,5,0,0.195873083593323,368.009920580099,-0.734637908093739,10
2019-08-19T20:00:00Z,370.397862536552,17.275418226522,0,2.90992903077672,5,0,0.195889649928983,367.814047496505,-0.882050627141151,10
2019-08-19T21:00:00Z,369.87836468193,17.4835160746294,0,3.02294182072641,5,0,0.195906217665773,367.618157846576,-1.08200771678349,10
2019-08-19T22:00:00Z,367.735149911365,17.3056823181235,0,2.93405055224614,5,0,0.19592278680381,367.42225162891,-0.894158247789427,10
2019-08-19T23:00:00Z,368.656951655325,17.2123639574502,0,2.28294529668512,5,0,0.195939357343213,367.226328842107,-0.817876410480315,10
