time,DO,T,I0,wind,zmix,gpp_true,r_true,DO_bio,zeta,z_sensor
2019-06-01T00:00:00Z,290.814721465219,19.5160849748675,0,3.27538471137481,6,0,0.968199321135355,290,0.11228783914855,1
2019-06-01T01:00:00Z,288.449603073313,19.3620787790623,0,2.81378939088442,6,0,0.958515521426986,288.934436767703,0.156927669373263,1
2019-06-01T02:00:00Z,289.303110392069,19.2332159858048,0,2.22998604467785,6,0,0.951677970983317,287.899425118258,0.282788749352991,1
2019-06-01T03:00:00Z,286.812145240101,19.1961811783444,0,1.74424776575879,6,0,0.948094788231337,286.888977752898,0.151913793712585,1
2019-06-01T04:00:00Z,288.437032354518,19.2192465748225,36.2109566472874,1.73353487797034,6,0.267253554199934,0.947978582331966,285.893969488331,-0.101842740564329,1
2019-06-01T05:00:00Z,287.110401955864,19.2875223420583,196.337090252577,2.21280640252826,6,1.31321174427259,0.951341508463715,285.17045349667,-0.13588685120837,1
2019-06-01T06:00:00Z,288.24766625252,19.3956263677552,348.485651277706,2.66155185473929,6,1.95146114609033,0.957994945018044,285.484691555368,-0.274882939351894,1
2019-06-01T07:00:00Z,288.91441324036,19.5226271440458,486.474536346366,2.46376327095827,6,2.26240640785863,0.967553689232279,286.4188555209,-0.0723252826844794,1
2019-06-01T08:00:00Z,287.531807363349,19.7218841328074,604.696978319073,2.6677235598768,6,2.40419236101904,0.979446391491796,287.646714867104,-0.0539740074574845,1
2019-06-01T09:00:00Z,289.272772448588,19.889560607673,698.349360567769,2.46862669114454,6,2.47067971057573,0.992935286661579,288.9881943068,0.0981478538033008,1
2019-06-01T10:00:00Z,290.076540041128,20.0933388602867,763.626397622795,1.9846951353144,6,2.50380376692288,1.00714865997403,290.372575744116,0.155678263391273,1
2019-06-01T11:00:00Z,294.719421452777,20.3134035500121,797.875751608232,2.46979798375535,6,2.52055888582581,1.02112855736335,291.772467527479,0.00941684497911624,1
2019-06-01T12:00:00Z,296.350964033463,20.4983213503543,799.705802087561,2.94560710543867,6,2.52689791267412,1.03389392353422,293.150103334224,0.098112771404554,1
2019-06-01T13:00:00Z,295.780798950734,20.6468472013767,769.042190413082,3.9778317032986,6,2.52276764878161,1.04451592614141,294.492505012638,0.0649247517606805,1
2019-06-01T14:00:00Z,297.904386250486,20.7534670526944,707.130841067981,4.24699135521628,6,2.50212371159353,1.05219845310329,295.763448238467,0.0195332084470791,1
2019-06-01T15:00:00Z,300.650480217898,20.7962300099702,616.487337237793,3.85590846999479,6,2.44802798352161,1.05635374367543,296.977756873586,0.0795027462359616,1
2019-06-01T16:00:00Z,299.370359213374,20.793395499477,500.794707584067,4.30634471734849,6,2.31938531573226,1.05666195019261,298.141701059095,0.247765082609734,1
2019-06-01T17:00:00Z,300.477460095761,20.7313323037926,364.753777350086,3.92772269131842,6,2.02581463835997,1.0531048376781,299.143445695812,0.348451646234922,1
2019-06-01T18:00:00Z,301.22397696032,20.6423514904122,213.892164335513,3.66474755362999,6,1.41570179010679,1.0459677538189,299.871654568621,0.0353973205585646,1
2019-06-01T19:00:00Z,301.182637069022,20.4989044672387,54.3396806193364,3.60465171320092,6,0.399429605091515,1.03580952312586,300.011924961038,0.0569662867856918,1
2019-06-01T20:00:00Z,301.606629166588,20.3302578263309,0,3.45524967549036,6,0,1.02340553546905,299.157592464349,-0.0625237285258203,1
2019-06-01T21:00:00Z,299.280162259523,20.1683183554119,0,2.81753527424196,6,0,1.00967347439384,297.937879878269,-0.118856182567571,1
2019-06-01T22:00:00Z,295.801903935866,19.9484923267064,0,3.13583463297094,6,0,0.995592856594677,296.772613595312,-0.0759082363591743,1
2019-06-01T23:00:00Z,293.692180025259,19.6960092348154,0,3.03619969029975,6,0,0.982128668836661,295.624966493698,0.139578030573971,1
2019-06-02T00:00:00Z,292.920917575154,19.5419193500303,0,2.34680212775552,6,0,0.970166528664639,294.508617709,0.150987607192875,1
2019-06-02T01:00:00Z,289.531025830454,19.3638145554877,0,1.66250493038454,6,0,0.960463053210499,293.435042282704,0.405989703470135,1
2019-06-02T02:00:00Z,289.2777644744,19.2486663614359,0,0.813865884919791,6,0,0.953611610089546,292.394031479573,0.467350223929116,1
2019-06-02T03:00:00Z,288.565523067699,19.1836165347212,0,0.665402407810286,6,0,0.950021146952284,291.377502203744,0.511484302597893,1
2019-06-02T04:00:00Z,286.98666666207,19.1816850255141,38.7474278730617,0.769732417069934,6,0.285957159320084,0.949904704943348,290.370898045299,0.460232344866376,1
2019-06-02T05:00:00Z,289.069508389521,19.2641200721983,201.014177146152,0.5,6,1.35349881736393,0.953274463938395,289.652990198236,0.37243826263652,1
2019-06-02T06:00:00Z,291.802712694259,19.3762213171957,355.139258372304,0.641899729226282,6,2.02512981897562,0.959941419083576,290.000742145263,0.137552001794604,1
2019-06-02T07:00:00Z,291.148131100473,19.5285988351479,494.880150417609,0.5,6,2.36574706259297,0.969519584953226,291.007857000334,0.125670849879755,1
2019-06-02T08:00:00Z,293.331798697839,19.7013987765273,614.576934306359,0.587321146615535,6,2.52657410858471,0.981436451052686,292.339396945556,0.275202223560266,1
2019-06-02T09:00:00Z,294.156194668661,19.906308980377,709.381536661124,1.1942749831082,6,2.60363368200888,0.994952753240384,293.809877868642,0.24253434322402,1
2019-06-02T10:00:00Z,295.924258625857,20.1108429140149,775.454090997595,1.07438405393724,6,2.6421048930158,1.00919500558052,295.325626305718,0.205048624626057,1
2019-06-02T11:00:00Z,298.741221622384,20.3126580744753,810.11846366163,1.42441793259201,6,2.66101871539666,1.02320330761628,296.856094820106,0.209642396078586,1
2019-06-02T12:00:00Z,301.966085300094,20.5089544309815,811.970645148561,2.01241486404524,6,2.66721940669068,1.03599461072379,298.372798653088,0.162922832821939,1
2019-06-02T13:00:00Z,301.972880973253,20.6540775711761,780.935616636118,2.2258027042472,6,2.66067500909431,1.04663819533692,299.854529396272,0.078644347605297,1
2019-06-02T14:00:00Z,301.020541818064,20.7938005688596,718.270388468362,2.70309375510008,6,2.63451411117603,1.05433633181696,301.299532894475,-0.0870317232113978,1
2019-06-02T15:00:00Z,303.678852012868,20.8574896037637,626.513087523062,3.27134710864694,6,2.56990458835406,1.05850006519496,302.679517141902,-0.154649768360331,1
2019-06-02T16:00:00Z,303.331085470392,20.8292571978861,509.380155574553,4.12762386993328,6,2.4227824930867,1.05880889793256,303.951866768026,0.178500700194878,1
2019-06-02T17:00:00Z,306.856457061937,20.7565844574987,371.615822422089,4.78890298307263,6,2.10079639179875,1.05524455800282,305.016310861483,0.353986836270448,1
2019-06-02T18:00:00Z,308.399373334663,20.6339147885746,218.799950566709,4.79721079049396,6,1.4583047169101,1.0480929728681,305.71065838576,0.430919899885883,1
2019-06-02T19:00:00Z,307.25880229683,20.4930303285392,57.1220342949038,5.14536156339934,6,0.419926812351263,1.03791410247055,305.771014475668,0.369140284035223,1
2019-06-02T20:00:00Z,308.51985575688,20.3492551705357,0,5.78271224273479,6,0,1.02548491213348,304.789659114549,0.0977602828212498,1
2019-06-02T21:00:00Z,304.919310133742,20.1716693607233,0,5.36737306221129,6,0,1.0117249499708,303.376519715989,0.0427660963211994,1
2019-06-02T22:00:00Z,305.359218434896,19.9675305232942,0,5.73882537913983,6,0,0.997615722879376,302.035214050836,-0.0433443168045827,1
2019-06-02T23:00:00Z,306.511486378073,19.7577359445393,0,4.82199783141932,6,0,0.984124178304479,300.711442122423,-0.0160529369526411,1
2019-06-03T00:00:00Z,303.35655109885,19.5526089234848,0,4.06893231491843,6,0,0.972137733207119,299.480129109697,0.21919150834034,1
2019-06-03T01:00:00Z,302.438969954943,19.3965955081957,0,3.73100795993429,6,0,0.962414542029619,298.31592666974,0.426953686057342,1
2019-06-03T02:00:00Z,300.377980793569,19.2510638071532,0,2.59561316375565,6,0,0.955549178003951,297.190083715312,0.60791771249486,1
2019-06-03T03:00:00Z,297.436726400743,19.2359436877322,0,2.36119323589325,6,0,0.951951419688967,296.117843031642,0.437482619622302,1
2019-06-03T04:00:00Z,295.649420517295,19.2426954445674,22.7075837713303,1.11884355860976,6,0.168024596618313,0.951834741090735,295.062493927667,0.321960283110845,1
2019-06-03T05:00:00Z,296.202819909859,19.2850460222554,113.223205675583,0.563239371273883,6,0.815211166371614,0.955211346832234,294.202240800128,0.289909709228952,1
2019-06-03T06:00:00Z,294.039778456725,19.4208726677961,199.166837392371,0.5,6,1.35610154939273,0.96189184803562,293.992624074572,0.0389571698447759,1
2019-06-03T07:00:00Z,293.886325584971,19.5860740008208,277.068046879607,0.5,6,1.75892938185605,0.971489475022011,294.315284123664,-0.0465440506484583,1
2019-06-03T08:00:00Z,295.804064360521,19.7729818708123,343.781157743109,0.5,6,2.03482973095925,0.983430554058005,295.02602652044,-0.0642200198211085,1
2019-06-03T09:00:00Z,293.896047328054,19.9802164457494,396.612272681319,0.650148183802207,6,2.21191689398101,0.996974318949768,295.993560594693,-0.101143298768558,1
2019-06-03T10:00:00Z,296.411067742941,20.1708072976403,433.42805394206,0.53559900666235,6,2.31674159847706,1.01124550899459,297.114538457934,-0.0181474966463308,1
2019-06-03T11:00:00Z,298.712325946337,20.3647142248902,452.741868200796,0.716421569934224,6,2.36737404616733,1.02528227338995,298.318106802219,0.02169450929895,1
2019-06-03T12:00:00Z,299.889144396813,20.5527903026526,453.773817301962,0.756200812539721,6,2.37254586985338,1.0380995661333,299.546455782073,0.0441684835811552,1
2019-06-03T13:00:00Z,301.59173103709,20.6968433825134,436.482230802329,1.65688603436781,6,2.33220566153296,1.04876477660315,300.757345972708,0.043002999307296,1
2019-06-03T14:00:00Z,303.568070831547,20.8142512083869,401.565348637167,1.53113492763192,6,2.23756765072508,1.05647855431709,301.886592831624,-0.122444341549679,1
2019-06-03T15:00:00Z,304.74033761597,20.8613557864801,350.433125962607,2.29168976777196,6,2.07066481931394,1.06065074765522,302.909404709049,0.173754629843404,1
2019-06-03T16:00:00Z,305.558362145171,20.8579934937361,285.150298703908,3.09939408115717,6,1.80528000928163,1.0609602078856,303.726770814738,0.235545812567194,1
2019-06-03T17:00:00Z,306.849480350481,20.7982855905943,208.353008841469,3.25298015787247,6,1.41360651836296,1.05738862585581,304.235366064099,0.390868284994777,1
2019-06-03T18:00:00Z,306.258026938311,20.7011220469355,123.142356132889,2.93964172313954,6,0.883670060100289,1.05022250998159,304.347304633911,0.397976818637362,1
2019-06-03T19:00:00Z,304.131757957389,20.5620281847127,32.9591746874506,3.41278635809139,6,0.243601850531554,1.04002295794334,303.95780547998,0.327018010494683,1
2019-06-03T20:00:00Z,302.445437391221,20.3888201007414,0,3.05069170801492,6,0,1.02756851371869,302.923800319254,0.210223384319976,1
2019-06-03T21:00:00Z,302.892325697285,20.1940273877372,0,2.6372409489636,6,0,1.01378059377854,301.691347639394,0.0789565762155889,1
2019-06-03T22:00:00Z,300.647264167065,19.9936060558364,0,2.22708573342646,6,0,0.99964269926589,300.504897833563,0.00199235549960793,1
2019-06-03T23:00:00Z,297.995627411093,19.7849975707508,0,1.63871762962173,6,0,0.986123742289961,299.360283277986,0.0434539160358488,1
2019-06-04T00:00:00Z,297.040215708802,19.5961503308403,0,2.0994092445797,6,0,0.97411294288401,298.256845455884,0.0838685206512241,1
2019-06-04T01:00:00Z,297.847020123266,19.4476757339586,0,2.04418795802413,6,0,0.964369995924331,297.164447765429,0.121985446405238,1
2019-06-04T02:00:00Z,294.597388489502,19.3688136292763,0,1.84417128325719,6,0,0.957490682709166,296.092911326885,-0.0471126480920813,1
2019-06-04T03:00:00Z,292.743867762392,19.3212391348603,0,1.26024857678894,6,0,0.953885614393967,295.040682283052,-0.151821792934688,1
2019-06-04T04:00:00Z,290.798166465675,19.3219304376863,39.3559193618588,1.41234341370139,6,0.290627331746757,0.95376869872573,294.008057528253,-0.335884914183463,1
2019-06-04T05:00:00Z,292.010483844412,19.3777777316931,189.356379967409,0.728547039519295,6,1.30777010085246,0.957152165125043,293.267835165246,-0.13061601110266,1
2019-06-04T06:00:00Z,293.329969285322,19.5038302821798,331.732566141832,0.5,6,2.02125933782123,0.963846239909799,293.549440395827,-0.35173005419099,1
2019-06-04T07:00:00Z,294.143669892951,19.645211492396,460.751821208665,0.890793812796207,6,2.4385524906928,0.97346336755443,294.535173152627,-0.278921827519911,1
2019-06-04T08:00:00Z,295.380647133047,19.8035349184037,571.219294021628,0.514513209685397,6,2.66284250001667,0.985428708723309,295.916832014445,-0.32720152884331,1
2019-06-04T09:00:00Z,296.845043175534,20.0167193415395,658.687105250836,0.666774105236749,6,2.78062324500916,0.99899999211843,297.505158044675,-0.356386759538394,1
2019-06-04T10:00:00Z,296.557801811784,20.2161211324042,719.633437480808,0.569696850027397,6,2.84161456811201,1.01330017866418,299.185120443051,-0.249350652191787,1
2019-06-04T11:00:00Z,300.50134019792,20.4311707115202,751.604338209008,0.728186056502619,6,2.87007527414103,1.02736546324954,300.901600077037,-0.366539504475315,1
2019-06-04T12:00:00Z,303.977023722279,20.618976710709,753.312526167154,1.09630051586728,6,2.87561634848675,1.04020879843502,302.618661879389,-0.419714951149287,1
2019-06-04T13:00:00Z,304.281047226791,20.78036060308,724.689222612353,1.44647847629046,6,2.8582915289996,1.05089567870145,304.309434543015,-0.522359128782267,1
2019-06-04T14:00:00Z,306.756384444452,20.8905490508437,666.886920644994,2.30213324846766,6,2.80869043069634,1.05862512942947,305.951203026379,-0.582186197605929,1
2019-06-04T15:00:00Z,308.401690515626,20.9667530305611,582.232981049151,2.98287017021565,6,2.70313646995814,1.06280579991685,307.491082339511,-0.720914513863138,1
2019-06-04T16:00:00Z,308.224355764346,20.9708303126528,474.135923079709,3.69502095081457,6,2.4934488321156,1.06311588891497,308.874903920058,-0.695491898519013,1
2019-06-04T17:00:00Z,312.651400366863,20.9072975354916,346.948183318413,4.343137540505,6,2.09611034445722,1.05953705007049,309.994231262561,-0.505986527767753,1
2019-06-04T18:00:00Z,312.881982152965,20.7947033054366,205.790868497349,5.10191184410456,6,1.40947511136179,1.05235637393291,310.666547631009,-0.34392740968052,1
2019-06-04T19:00:00Z,311.548090866398,20.6599672890232,56.3475584691852,5.27548807729633,6,0.414864395464268,1.04213609823257,310.598355501332,-0.403771466476831,1
2019-06-04T20:00:00Z,310.090294898211,20.4704357439954,0,5.52611701175422,6,0,1.02965634880896,309.544837172684,-0.464946462627338,1
2019-06-04T21:00:00Z,309.97850493508,20.2726581265989,0,5.24355242174038,6,0,1.01584041428615,308.091980348515,-0.399450519723062,1
2019-06-04T22:00:00Z,309.078335027316,20.0737131380668,0,4.96889642569882,6,0,1.00167379410521,306.703680632884,-0.256380052938821,1
2019-06-04T23:00:00Z,308.82076440541,19.8540000520809,0,4.89213169078664,6,0,0.988127369031161,305.375497473738,-0.351471348943418,1
2019-06-05T00:00:00Z,305.369822337249,19.6767294235251,0,4.3734477596509,6,0,0.976092165833027,304.089965654285,-0.269773295760018,1
2019-06-05T01:00:00Z,302.875496173473,19.490254200501,0,3.80613173658005,6,0,0.966329422950962,302.867546915415,-0.0346244065454841,1
2019-06-05T02:00:00Z,303.379198943766,19.4046883355263,0,3.50627586748803,6,0,0.959436132204044,301.699384030857,-0.0607065826472633,1
2019-06-05T03:00:00Z,300.802089417191,19.3481084094473,0,3.75028765102545,6,0,0.95582373903602,300.563576204028,-0.104430558703808,1
2019-06-05T04:00:00Z,300.299912506827,19.3411013025124,35.2835010970531,2.76475766722286,6,0.260772379854482,0.955706585816095,299.431976311516,-0.198848829487392,1
2019-06-05T05:00:00Z,298.853830913182,19.4311137284323,164.39154888131,2.25684861081477,6,1.15932854291791,0.95909692681285,298.602260519352,-0.381241966128407,1
2019-06-05T06:00:00Z,297.040226385743,19.5417290121883,286.898545292366,2.20027087877783,6,1.84787095734019,0.965804602758059,298.682740620404,-0.447257640650352,1
2019-06-05T07:00:00Z,299.259296419135,19.6798684109028,397.885289906663,2.20526693670788,6,2.3019639241427,0.975441270682775,299.441408169058,-0.385518134340173,1
2019-06-05T08:00:00Z,300.627276602284,19.817042812802,492.895171615364,1.571323531672,6,2.57624660717649,0.987430923280844,300.634999049243,-0.316728810329862,1
2019-06-05T09:00:00Z,301.817836335348,20.0230327859929,568.113121369063,1.35087089745327,6,2.73422396178734,1.00102978109199,302.096673345207,-0.063821082749364,1
2019-06-05T10:00:00Z,304.924338285766,20.2463762817294,620.518804157294,1.07629797135338,6,2.820705726355,1.01535902305435,303.696114409612,-0.0589557463074903,1
2019-06-05T11:00:00Z,306.348533416747,20.4387644957854,648.007898883948,1.3591712314927,6,2.86099601680999,1.02945288577764,305.362002113867,-0.114492483104137,1
2019-06-05T12:00:00Z,307.886167720967,20.6145181660355,649.476596212547,2.28151368970373,6,2.86609777763374,1.04232231631883,307.034199867285,-0.0844741091729286,1
2019-06-05T13:00:00Z,309.882513069578,20.7892229243328,624.865921417298,2.66262102956449,6,2.83613355694248,1.05303091041098,308.650376681865,-0.270410768069652,1
2019-06-05T14:00:00Z,313.373283727796,20.8763373237901,575.164102480467,2.96908926613934,6,2.76044497137674,1.06077606599785,310.192774956101,-0.281317052004399,1
2019-06-05T15:00:00Z,313.312391506016,20.9593584288507,502.366888346428,4.31293443874436,6,2.61440893487756,1.06496523085852,311.620895216582,-0.40451585127057,1
2019-06-05T16:00:00Z,312.94069521298,20.9486506110094,409.39741073086,4.36676090987516,6,2.35447494866607,1.06527594990192,312.788893727809,-0.149216791036778,1
2019-06-05T17:00:00Z,313.107729691667,20.901189679142,299.988807389666,4.67672734252868,6,1.91862300923553,1.0616898394982,313.682995614482,-0.0807403031820302,1
2019-06-05T18:00:00Z,311.621944005983,20.7952004285699,178.534320045064,4.71507428059986,6,1.25123136727384,1.05449457351341,314.114109341929,-0.0882518398218667,1
2019-06-05T19:00:00Z,310.035015332904,20.6723469143244,49.9108862034129,4.4233496665469,6,0.368095349100672,1.04425353204421,313.886161079612,-0.259220449291469,1
2019-06-05T20:00:00Z,311.353004468268,20.4847218451204,0,4.68854337062195,6,0,1.03174842600602,312.824254497656,-0.33093572675761,1
2019-06-05T21:00:00Z,309.547423794998,20.3273468156533,0,4.36289325175337,6,0,1.01790441997992,311.405400737356,-0.502015210451446,1
2019-06-05T22:00:00Z,309.043885309063,20.125305621564,0,4.53408022745542,6,0,1.00370901576529,310.049010610046,-0.586827349383536,1
2019-06-05T23:00:00Z,307.71051349455,19.8977259138984,0,4.07471460827899,6,0,0.99013506678287,308.717083674428,-0.38082054838878,1
2019-06-06T00:00:00Z,307.689904719819,19.7011879676972,0,3.67247088212404,6,0,0.978075410208421,307.450202193813,-0.305695560532125,1
2019-06-06T01:00:00Z,307.630654253569,19.5654670664208,0,2.94735859894235,6,0,0.968292831182201,306.236108697229,-0.330760555599694,1
2019-06-06T02:00:00Z,304.933613340156,19.4368299513546,0,2.428772767521,6,0,0.961385534503692,305.080362947557,-0.250668223530937,1
2019-06-06T03:00:00Z,305.513999148188,19.3843171341053,0,2.22569826849231,6,0,0.957765801600053,303.961858645039,-0.308890792144254,1
2019-06-06T04:00:00Z,304.345064959159,19.3686846838448,32.7587288904715,1.04679889073373,6,0.242225699779894,0.957648410345779,302.861302130304,-0.305721225474375,1
2019-06-06T05:00:00Z,305.382558250959,19.4355169208446,148.267707251759,0.5,6,1.05792209138678,0.961045639907925,302.036784407526,-0.208466702092493,1
2019-06-06T06:00:00Z,302.56242124131,19.5277305301859,257.838384074801,0.5,6,1.71519309393804,0.967766944648709,302.032929171752,-0.351112332611286,1
2019-06-06T07:00:00Z,305.020652582768,19.6851009855951,357.082320833194,0.5,6,2.18068553545063,0.977423192555857,302.676168131237,-0.228557298976746,1
2019-06-06T08:00:00Z,304.150688773881,19.8565640329842,442.024677467442,0.5,6,2.48307297006879,0.989437205979584,303.768669121994,-0.0909990921429571,1
2019-06-06T09:00:00Z,304.935087152691,20.0386221068331,509.263409551196,0.5,6,2.66815837558035,1.00306369423303,305.142739846296,0.144860726339658,1
2019-06-06T10:00:00Z,307.358068726847,20.247412296538,556.105524297532,0.5,6,2.77366702781015,1.01742205064741,306.67804459723,0.180877755759897,1
2019-06-06T11:00:00Z,310.401680991538,20.4396110191717,580.674938186925,0.5,6,2.82327390058783,1.03154454957428,308.293545773031,0.2557000067893,1
2019-06-06T12:00:00Z,309.186966039938,20.6389566973262,581.987616388071,0.5,6,2.82798698348708,1.04444012849225,309.933445040628,-0.0490027077647792,1
2019-06-06T13:00:00Z,309.987393402448,20.7967380931407,559.990984546612,0.821243709404488,6,2.78799825038552,1.05517048052873,311.554471121851,0.0589419016975466,1
2019-06-06T14:00:00Z,312.443249517776,20.8917156301886,515.566034451801,1.46916726421558,6,2.69276615730524,1.0629313728839,313.107903686602,0.10953129039312,1
2019-06-06T15:00:00Z,312.853011040166,20.9297234314472,450.492039246621,2.161221114794,6,2.51931531899002,1.06712904937692,314.527601508928,0.119197726337315,1
2019-06-06T16:00:00Z,315.28262591314,20.9593618091365,367.375291379976,1.78879950245206,6,2.230852249435,1.06744039974573,315.728409956976,0.0410830958819352,1
2019-06-06T17:00:00Z,315.912501329742,20.8748403013347,269.544717432437,2.56005071994017,6,1.78208739075846,1.06384700300826,316.654350585719,0.220882165239171,1
2019-06-06T18:00:00Z,314.737393015682,20.7732271136214,160.918550568381,3.39691703361801,6,1.14240896112498,1.05663711753231,317.089434276378,0.304921178772317,1
2019-06-06T19:00:00Z,317.852268228555,20.6412189804918,45.8474005445738,3.22380155415544,6,0.338443939665383,1.04637526810193,316.836315501983,0.22598879116422,1
2019-06-06T20:00:00Z,317.559537395777,20.4768452333571,0,2.48065460515563,6,0,1.03384475392906,315.812625209714,0.0923466300027291,1
2019-06-06T21:00:00Z,315.12068519686,20.3146929202443,0,1.7716164058771,6,0,1.01997261936342,314.524682647387,-0.131355748542959,1
2019-06-06T22:00:00Z,312.467613288667,20.1005377875969,0,0.876528648758013,6,0,1.00574837263109,313.298854550549,-0.164737218974691,1
2019-06-06T23:00:00Z,310.338627559019,19.8843856151917,0,0.870439567089824,6,0,0.992146843816651,312.128290751509,-0.102851410346717,1
2019-06-07T00:00:00Z,313.242795777445,19.6989255234666,0,0.928087242918915,6,0,0.980062684181008,310.981184376961,-0.0291632291557083,1
2019-06-07T01:00:00Z,311.073973588681,19.5546979396714,0,1.28536451339386,6,0,0.970260228707144,309.853946743218,-0.066749760783096,1
2019-06-07T02:00:00Z,308.900289795845,19.4416503707135,0,1.1099242936621,6,0,0.9633388976395,308.736105417586,0.0819582795109607,1
2019-06-07T03:00:00Z,306.053134968016,19.3870324701893,0,1.19198204783784,6,0,0.95971181008722,307.636914705188,0.105742749188233,1
2019-06-07T04:00:00Z,303.21223733951,19.3973227289806,40.7874553774986,0.665023122446087,6,0.301331421818459,0.959594180314951,306.545391569808,-0.111330569110345,1
2019-06-07T05:00:00Z,302.420060748442,19.4799802300532,179.845374980512,0.5,6,1.26542762344502,0.96299831243882,305.7691558865,-0.406372772702456,1
2019-06-07T06:00:00Z,304.608953984192,19.5904101712953,311.717667763594,0.5,6,1.99892177396354,0.969733273666449,305.955900258247,-0.394835033175572,1
2019-06-07T07:00:00Z,306.362074036261,19.7176049170663,431.135446028461,0.5,6,2.47876392396045,0.979409141339045,306.86506954228,-0.338101996576887,1
2019-06-07T08:00:00Z,308.19940213337,19.8843251798142,533.327435616021,0.5,6,2.76615895251593,0.991447565085263,308.236750659765,-0.12881171078226,1
2019-06-07T09:00:00Z,310.940985323094,20.0844079558778,614.210609641417,0.5,6,2.93020065437411,1.00510173992111,309.873881237299,-0.106217118144847,1
2019-06-07T10:00:00Z,313.824243835678,20.289395522847,670.55332367331,0.5,6,3.01903349702256,1.01948926994286,311.6501227477,-0.117657566782975,1
2019-06-07T11:00:00Z,315.360450464807,20.4827294943443,700.104434377603,0.5,6,3.05966559625349,1.03364046325694,313.488867063837,-0.00299091802194207,1
2019-06-07T12:00:00Z,315.873495171117,20.6767107645085,701.683242758515,0.5,6,3.06385864840162,1.04656224368053,315.342065645267,-0.0713261380122888,1
2019-06-07T13:00:00Z,318.102467299141,20.8281736153122,675.226668362368,0.894441842060935,6,3.03190813105918,1.05731439786957,317.174930089599,-0.132680962674926,1
2019-06-07T14:00:00Z,320.225319446864,20.929330481564,621.79176962375,1.20578743890338,6,2.95278572445213,1.06509105896734,318.944177666654,0.0175207860156821,1
2019-06-07T15:00:00Z,321.869334905163,20.9713718973301,543.513509654934,1.06293776291564,6,2.80065851200536,1.06929726438681,320.60540209321,0.0615822357565637,1
2019-06-07T16:00:00Z,320.285590179043,21.0050984432386,443.519454924118,1.62915237469164,6,2.52918107025131,1.06960924736378,322.107506067557,-0.0674110616512238,1
2019-06-07T17:00:00Z,322.957239638423,20.9306062718574,325.804814991656,1.30362638219919,6,2.07092878132043,1.06600854948804,323.306069996174,0.0946380603396773,1
2019-06-07T18:00:00Z,326.641628389473,20.8255074704041,195.07281602552,1.54091851662019,6,1.36273135072734,1.05878401481674,324.062880263887,0.267359975379297,1
2019-06-07T19:00:00Z,327.153042961513,20.6625742058349,56.5467858877499,1.77178322718581,6,0.416771672648752,1.04850131514714,324.108316279195,0.417000825389034,1
2019-06-07T20:00:00Z,325.315676044156,20.5103719495101,0,3.03418809374885,6,0,1.0359453412148,323.212092728083,0.0645601248048304,1
2019-06-07T21:00:00Z,323.792214247677,20.3428689095458,0,3.21453019212932,6,0,1.02204502095747,321.840769844967,-0.240564768450042,1
2019-06-07T22:00:00Z,321.799131137063,20.1599878691351,0,2.53178768572838,6,0,1.00779187310461,320.486723228709,-0.391758175184386,1
2019-06-07T23:00:00Z,320.391818140859,19.9661159382326,0,2.48686843483651,6,0,0.994162708420876,319.209506603152,-0.452897033074338,1
2019-06-08T00:00:00Z,318.202072749603,19.7738266334264,0,2.1676819599461,6,0,0.982053995938209,317.962743632155,-0.367117529309814,1
2019-06-08T01:00:00Z,315.308250287619,19.6086552408539,0,1.94273589762395,6,0,0.97223162363132,316.75759006132,-0.215971767327914,1
2019-06-08T02:00:00Z,314.818882626459,19.4861603668212,0,0.917836722965709,6,0,0.965296229659177,315.583227885242,-0.260090533267917,1
2019-06-08T03:00:00Z,314.990961764772,19.4257816214152,0,1.32897905321427,6,0,0.961661772514928,314.458483583639,-0.0237747183820401,1
2019-06-08T04:00:00Z,312.065373892004,19.4174550192223,22.1694073555417,1.26940244563742,6,0.164107584473474,0.96154390374004,313.332155612361,-0.112394601763594,1
2019-06-08T05:00:00Z,313.561565496387,19.4957764758413,95.4795182860654,0.862917107973808,6,0.697330059926419,0.964954952450398,312.376270708051,-0.222785136820694,1
2019-06-08T06:00:00Z,314.531661273678,19.5876745457405,164.983411713921,0.5,6,1.17239314592668,0.971703597912408,311.9619406025,-0.185370140684367,1
2019-06-08T07:00:00Z,313.587280275803,19.7313317161496,227.910368427099,0.5,6,1.56279433067546,0.981399125214299,312.020834016751,-0.0989818299141317,1
2019-06-08T08:00:00Z,314.829582456659,19.8874197685445,281.751853733229,0.5,6,1.86092386576141,0.993462008880408,312.456041594111,0.0383009045710937,1
2019-06-08T09:00:00Z,315.170337328883,20.0678999902529,324.361518264191,0.5,6,2.07198031329758,1.00714392655284,313.170837361839,0.356688298119261,1
2019-06-08T10:00:00Z,317.507986523713,20.2929073687273,354.040760541552,0.5,6,2.206083043378,1.02156068945749,314.07506879466,0.375689148630749,1
2019-06-08T11:00:00Z,320.017037354579,20.5215831648727,369.606440417042,0.5,6,2.27248006022759,1.03574063546064,315.090224506054,0.156968941642819,1
2019-06-08T12:00:00Z,320.841981934108,20.6710918762216,370.438044043851,0.561372774207729,6,2.27646871101864,1.0486886706266,316.148633391476,0.0667393038818004,1
2019-06-08T13:00:00Z,320.450136204527,20.8488963257085,356.502420183511,0.5,6,2.21820516013402,1.05946267126629,317.188248706799,-0.117147546657029,1
2019-06-08T14:00:00Z,320.25097304561,20.9724554144781,328.355101754494,0.5,6,2.09267738852093,1.0672551331459,318.152448890001,-0.246279555387706,1
2019-06-08T15:00:00Z,322.665883952389,21.0409686559091,287.118159940032,0.5,6,1.89080921271054,1.07146988482108,318.977132934511,-0.334418069351696,1
2019-06-08T16:00:00Z,323.102531681992,21.0621835401275,234.435473684094,0.5,6,1.60236425288224,1.07178250169155,319.591441232817,-0.167910448999413,1
2019-06-08T17:00:00Z,323.539438898454,20.9928380283246,172.407197722633,0.5,6,1.22147359850006,1.06817448784294,319.915007288996,-0.0792028650045457,1
2019-06-08T18:00:00Z,320.989823473065,20.8709304156438,103.506041531594,0.5,6,0.754326478084928,1.06093527421175,319.861948437434,0.0222759210028429,1
2019-06-08T19:00:00Z,321.515270641851,20.746145194591,30.4786966669903,0.5,6,0.225468123657068,1.05063168193897,319.352511143531,-0.0631859939943925,1
2019-06-08T20:00:00Z,318.31373490325,20.600242854879,0,0.766250027878118,6,0,1.0380501965175,318.33099273782,-0.256801006884228,1
2019-06-08T21:00:00Z,319.722142049318,20.3797375063319,0,1.32945295161799,6,0,1.0241216333002,317.09912438554,-0.210790190232997,1
2019-06-08T22:00:00Z,318.00273585349,20.1906229709049,0,1.07470123835353,6,0,1.00983952560493,315.873480964118,-0.281494813236137,1
2019-06-08T23:00:00Z,316.189809844745,19.9428056241139,0,0.5,6,0,0.996182668900754,314.681463600303,-0.108090478438286,1
2019-06-09T00:00:00Z,312.696001652448,19.7645147399264,0,0.5,6,0,0.984049353684078,313.526404730892,-0.129601709752703,1
2019-06-09T01:00:00Z,312.311783663538,19.6297164733458,0,0.5,6,0,0.974207024076729,312.392199061608,-0.0526176830460411,1
2019-06-09T02:00:00Z,310.934741372848,19.5180199991585,0,0.5,6,0,0.967257538626785,311.275652469453,-0.0113847899790209,1
2019-06-09T03:00:00Z,311.000239699646,19.4678593246142,0,0.5,6,0,0.963615696916875,310.172753048583,-0.0694817415128139,1
2019-06-09T04:00:00Z,308.018817847909,19.4532782968216,40.4224521631655,0.5,6,0.298710913456777,0.963497588653758,309.078933734562,0.019778405931844,1
2019-06-09T05:00:00Z,308.01657564874,19.5046229010264,170.450744006776,0.5,6,1.20952262920839,0.966915568003872,308.287563857783,-0.0659621957215834,1
2019-06-09T06:00:00Z,308.440130947807,19.6215899248548,293.698419659942,0.5,6,1.92838827547157,0.973677925504172,308.403777398337,-0.0634776082245008,1
2019-06-09T07:00:00Z,306.914333501218,19.7835590764691,405.262624694904,0.5,6,2.42379836597827,0.983393152380204,309.228020476477,-0.125932069374051,1
2019-06-09T08:00:00Z,308.975895745984,19.9559205502432,500.705279012088,0.5,6,2.73650607979112,0.995480545664379,310.530555469446,-0.104657580769829,1
2019-06-09T09:00:00Z,308.94729595971,20.1096257259856,576.2296258951,0.5,6,2.92279005944915,1.00919026254186,312.123971468803,0.117785437603378,1
2019-06-09T10:00:00Z,310.313631749743,20.3202331580622,628.831268899491,0.5,6,3.0263629521726,1.0236363177254,313.878757734662,0.297954865579196,1
2019-06-09T11:00:00Z,312.724879613859,20.510841934282,656.417688252008,0.5,6,3.07369890772411,1.03784507483793,315.710727846704,0.383099375531505,1
2019-06-09T12:00:00Z,315.165002332806,20.7242784266624,657.891482337964,0.5,6,3.07695359894417,1.05081941809119,317.563757330228,0.0924477782178937,1
2019-06-09T13:00:00Z,317.282903999743,20.8599065586349,633.194022888535,1.5529030955858,6,3.03660909338299,1.06161530956959,319.3954129221,0.219945529741703,1
2019-06-09T14:00:00Z,317.477495968911,20.9532651983157,583.30778724274,2.20322043900491,6,2.94161072546789,1.06942360433542,321.127957474561,0.261141107790353,1
2019-06-09T15:00:00Z,318.262484267667,21.0288838901335,510.217274905533,1.63557153020514,6,2.76694001479888,1.07364691963076,322.709802351127,0.247187636323893,1
2019-06-09T16:00:00Z,320.474351586558,21.0306230777006,416.830063160951,2.36001225700836,6,2.47057361784352,1.0739601716827,324.136757938354,0.374956958431386,1
2019-06-09T17:00:00Z,319.766232986378,20.9907733517358,306.861142187686,2.41418624009354,6,1.99692363471269,1.07034482699646,325.215404493986,0.30354687244169,1
2019-06-09T18:00:00Z,321.385430473662,20.8908905154123,184.685130884247,2.70322579131764,6,1.3018174079204,1.06309090458036,325.817208519382,0.18162942782042,1
2019-06-09T19:00:00Z,323.265425458432,20.7386995932252,55.1622523324116,3.45248389300658,6,0.406786126643769,1.05276637725438,325.711571425198,0.139486540435155,1
2019-06-09T20:00:00Z,323.425317102513,20.5854999486395,0,4.21772355657785,6,0,1.04015932850901,324.66755599706,-0.0938083271110655,1
2019-06-09T21:00:00Z,320.24658260467,20.3908268932498,0,3.29439534206209,6,0,1.0262024649471,323.174958739427,-0.146536249987417,1
2019-06-09T22:00:00Z,316.936366838307,20.1824304410846,0,2.50148592076782,6,0,1.0118913385682,321.799280760672,-0.0167881649570318,1
2019-06-09T23:00:00Z,318.409954976996,19.981106009661,0,2.48380728038075,6,0,0.998206733578372,320.510431971084,-0.0999205130982035,1
2019-06-10T00:00:00Z,317.214210989151,19.830010819333,0,1.93385774819919,6,0,0.98604876563934,319.250591036884,-0.086208635281594,1
2019-06-10T01:00:00Z,315.516724474675,19.6383462934817,0,1.42298435840346,6,0,0.976186438181871,318.044336809564,0.0274600017846149,1
2019-06-10T02:00:00Z,315.863461217103,19.5429518710929,0,1.62613187240858,6,0,0.969222832622769,316.878940658814,-0.0350695436184373,1
2019-06-10T03:00:00Z,314.587734364532,19.4887607358949,0,1.09965144984108,6,0,0.965573591343085,315.721175618609,-0.0861850035978338,1
2019-06-10T04:00:00Z,315.273225704299,19.4780307582291,43.0562798970122,0.5,6,0.318084332593292,0.965455243105141,314.590766924914,-0.0405784684744057,1
2019-06-10T05:00:00Z,313.80508474818,19.5410030155882,178.151766561822,0.5,6,1.26034400917197,0.968880167176827,313.795502495249,0.00210321033374961,1
2019-06-10T06:00:00Z,315.948643783088,19.6293406614798,306.174040649528,0.5,6,1.99533244401059,0.975656264575824,313.939198113435,0.0112948135032223,1
2019-06-10T07:00:00Z,315.078764100096,19.8004092580951,422.040195733199,0.5,6,2.4938732189642,0.985391231052,314.806847557789,-0.178969569052195,1
2019-06-10T08:00:00Z,318.777885979617,19.9695282252352,521.149963394424,0.603319919848125,6,2.80337268923916,0.997503183753393,316.155651933148,-0.0929630969322037,1
2019-06-10T09:00:00Z,321.182696491813,20.1248052972887,599.568359048631,0.5,6,2.98494620120226,1.01124075631893,317.789862192637,0.121223681168088,1
2019-06-10T10:00:00Z,321.775359946993,20.3577246864904,654.181913808464,0.5,6,3.08455239568019,1.02571616329802,319.582419932047,0.240664925200295,1
2019-06-10T11:00:00Z,323.16345422723,20.5648168609319,682.822289465088,0.919751943638101,6,3.12944743845111,1.03995379005895,321.447911030706,0.157891390344497,1
2019-06-10T12:00:00Z,322.164950410219,20.7814071538108,684.352368665041,1.88735206838211,6,3.13202092945358,1.05295449485283,323.320189783435,-0.272893189260466,1
2019-06-10T13:00:00Z,324.868890487603,20.9628750768367,658.711402218742,1.12476478750361,6,3.0928516246468,1.0637723216482,325.12419207925,-0.355192824302512,1
2019-06-10T14:00:00Z,326.644755935215,21.0419193099076,606.917421043634,1.25202936549808,6,3.00087454428136,1.07159648146982,326.904109358338,-0.325122598662979,1
2019-06-10T15:00:00Z,326.224304134078,21.0908401434325,531.026816979866,2.05287421889024,6,2.83059598427269,1.07582837778507,328.568019330855,-0.283297942531985,1
2019-06-10T16:00:00Z,328.203730659403,21.0945427950331,434.052697253415,2.67835418194036,6,2.53813238395977,1.07614226630905,330.001297259741,-0.168105042499621,1
2019-06-10T17:00:00Z,329.078812510813,21.0244455505543,319.845254183673,3.15999394093499,6,2.06330612318724,1.07251957589024,331.086228695633,-0.0152652415994423,1
2019-06-10T18:00:00Z,331.871277377398,20.9435621782888,192.938899852597,2.72148281212345,6,1.35480328658013,1.06525091480362,331.652936934275,-0.0141126936568043,1
2019-06-10T19:00:00Z,332.478632376203,20.7794024187103,58.3722349931021,2.75907351001358,6,0.43024446608458,1.05490540988816,331.561107561788,0.114686253804506,1
2019-06-10T20:00:00Z,332.329386142159,20.6006312033266,0,1.91843996899037,6,0,1.04227274587879,330.560572561882,0.0761746437014413,1
2019-06-10T21:00:00Z,329.136256372225,20.4290215147304,0,1.93568946462513,6,0,1.02828752447105,329.217810310127,-0.166405629893652,1
2019-06-10T22:00:00Z,327.561165328177,20.1978718984478,0,1.42416936910588,6,0,1.01394732044775,327.901070418752,-0.0266437021166212,1
2019-06-10T23:00:00Z,325.739301475494,19.9885330514298,0,0.654116739394608,6,0,1.00023491079272,326.638882484646,0.167557174289708,1
2019-06-11T00:00:00Z,325.114868942542,19.7871476976302,0,0.523421465909269,6,0,0.988052240041421,325.429435856003,0.371034956987469,1
2019-06-11T01:00:00Z,322.190130512515,19.6453170989217,0,1.0460285407134,6,0,0.978169874101785,324.244493734684,0.277407198375576,1
2019-06-11T02:00:00Z,323.006028715344,19.5414926063026,0,0.5,6,0,0.971192119743992,323.063511840715,0.264428648438756,1
2019-06-11T03:00:00Z,323.03316184112,19.4709489516667,0,0.5,6,0,0.967535463859934,321.911162480272,0.301790440776986,1
2019-06-11T04:00:00Z,322.736097299757,19.5008263108076,35.2329248657007,0.5,6,0.260529042261323,0.967416875159577,320.768160367391,0.189241196322912,1
2019-06-11T05:00:00Z,320.1003113991,19.5375891341738,143.340728608604,0.5,6,1.03045891518094,0.970848758063267,319.889681509009,0.10290089691519,1
2019-06-11T06:00:00Z,319.069806034112,19.655882156084,245.767562827915,0.5,6,1.67242427182812,0.977638623277972,319.778398241516,0.321491269943859,1
2019-06-11T07:00:00Z,319.968310344975,19.8062978338743,338.453983084876,0.5,6,2.1511388481985,0.987393369461623,320.299085899662,0.224321119698674,1
2019-06-11T08:00:00Z,320.944352653093,19.9929770966431,417.726583126834,0.5,6,2.47938995035077,0.999529931480569,321.282340343034,0.0527126748689695,1
2019-06-11T09:00:00Z,320.757681300676,20.163385646103,480.443581624325,0.5,6,2.68951752406331,1.01329541633193,322.57295694491,0.183064794587987,1
2019-06-11T10:00:00Z,325.213020892696,20.3968860980454,524.119339216269,0.5,6,2.81254918034963,1.02780023474416,324.049629885566,0.126570160780896,1
2019-06-11T11:00:00Z,324.827459164115,20.5816488314054,547.022870925765,0.5,6,2.87002830266114,1.04206678981143,325.623700826156,0.107477009977829,1
2019-06-11T12:00:00Z,325.6591631976,20.8036833572773,548.246449640727,0.5,6,2.87276394194824,1.05509390970786,327.229685009785,-0.137305883842232,1
2019-06-11T13:00:00Z,327.279579958485,20.9533635078547,527.741581723255,0.5,6,2.82136041769387,1.06593371638883,328.814496109795,-0.0173080471024467,1
2019-06-11T14:00:00Z,330.033869774335,21.0718167015259,486.320928939863,1.11849815095936,6,2.70626440830337,1.07377377350121,330.327137582738,-0.113746033851236,1
2019-06-11T15:00:00Z,332.254591862438,21.1240769713905,425.626100541415,1.67486466504366,6,2.50721510787747,1.07801426827146,331.685607915411,-0.134574619055234,1
2019-06-11T16:00:00Z,334.701694779401,21.1149224212368,348.062591977241,2.0383646875088,6,2.19406341472958,1.07832879456067,332.802877562012,-0.0270257154144462,1
2019-06-11T17:00:00Z,336.254466744574,21.0460533797867,256.704448793033,2.02816776966937,6,1.73377939258533,1.07469874348408,333.576940168383,0.213445246921025,1
2019-06-11T18:00:00Z,336.361142806984,20.9197152565672,155.172434132661,1.96639141616414,6,1.1097684341396,1.0674153137806,333.893938829457,0.286210275980403,1
2019-06-11T19:00:00Z,333.972499972443,20.811227867082,47.4905283857429,1.76696765958157,6,0.35063310701676,1.05704878865296,333.601922176076,0.0502118861073395,1
2019-06-11T20:00:00Z,333.975289055433,20.6657105744072,0,1.2930909367839,6,0,1.04439045733396,332.582520660859,-0.0563602078561571,1
2019-06-11T21:00:00Z,334.36482487584,20.4322673454335,0,1.55362178125536,6,0,1.03037682046233,331.263088762733,-0.0736075418907378,1
2019-06-11T22:00:00Z,331.468989554172,20.2614434003884,0,0.90190110034963,6,0,1.01600747971407,329.955840539255,-0.104341647280955,1
2019-06-11T23:00:00Z,332.094496762524,20.0329130779397,0,0.94112659361879,6,0,1.00226720889975,328.703873400857,0.0583956821993648,1
2019-06-12T00:00:00Z,327.822350468835,19.8299098187543,0,0.5,6,0,0.990059785144484,327.474720984926,0.188335342683652,1
2019-06-12T01:00:00Z,327.146462062139,19.6936139000752,0,0.5,6,0,0.980157340008077,326.279804535043,0.325374752841535,1
2019-06-12T02:00:00Z,326.501588476108,19.5537745198738,0,0.648656982057425,6,0,0.97316540810377,325.103039284029,0.437874721984401,1
2019-06-12T03:00:00Z,325.687571410563,19.5129822620154,0,0.5,6,0,0.96950132255019,323.937073996374,0.481691766638025,1
2019-06-12T04:00:00Z,325.380711792018,19.5243522074988,45.3252223133158,0.5,6,0.33474128583008,0.969382492898844,322.783790818951,0.162943517667396,1
2019-06-12T05:00:00Z,322.698723045165,19.5989954106806,181.660613879007,0.5,6,1.2825421619283,0.972821348773636,321.969160094117,-0.00723538266952786,1
2019-06-12T06:00:00Z,321.461978241334,19.7003648550345,310.807967789414,0.5,6,2.01661894847205,0.979625009777785,322.099041447434,-0.103625003947858,1
2019-06-12T07:00:00Z,321.076182512268,19.8497962697308,427.657117216596,0.5,6,2.51004779682595,0.989399575857731,322.951908747495,-0.165910461763878,1
2019-06-12T08:00:00Z,321.85710606782,20.0201927240417,527.584516813348,0.5,6,2.81332335757504,1.00156079719595,324.280724792084,-0.171462605771827,1
2019-06-12T09:00:00Z,326.328496040402,20.2309156989431,606.636189458497,0.5,6,2.98934504023198,1.0153542510459,325.89058689153,-0.119239739766785,1
2019-06-12T10:00:00Z,327.432038728358,20.4424085913489,661.684179193109,0.5,6,3.08469494454991,1.02988854065003,327.651152214723,0.00144740163171667,1
2019-06-12T11:00:00Z,329.030550196977,20.6393941148679,690.55031973991,0.5,6,3.12675769074048,1.04418408280078,329.480294439452,-0.113875396450699,1
2019-06-12T12:00:00Z,331.776300055511,20.8454660537124,692.092421271492,0.5,6,3.12798244750398,1.05723767147052,331.324875678008,-0.34408476309588,1
2019-06-12T13:00:00Z,334.254192113398,21.0140971311153,666.249465146334,0.772596114866473,6,3.0891237883891,1.06809950269628,333.145755537915,-0.447613939660984,1
2019-06-12T14:00:00Z,337.121564258163,21.146462396387,614.044018324794,1.51528575097604,6,2.99944709627259,1.07595548939985,334.897154856752,-0.628350425663617,1
2019-06-12T15:00:00Z,336.71202515179,21.1761610178184,537.541771930289,1.84885783259715,6,2.83380841891469,1.08020460009562,336.503693272146,-0.408172100372244,1
2019-06-12T16:00:00Z,336.156061336599,21.1861118307328,439.769804953996,2.19955160958119,6,2.54819113653394,1.0805197654459,337.908801557034,-0.293866650431054,1
2019-06-12T17:00:00Z,338.010707213937,21.107082354195,324.596807285538,2.25900696679447,6,2.08074238949912,1.07688233875599,338.993890567036,-0.093936483186134,1
2019-06-12T18:00:00Z,337.65510021986,20.9930542697549,196.580001464439,2.40631994396272,6,1.37609668767269,1.06958411042846,339.607317175373,0.00839441540642582,1
2019-06-12T19:00:00Z,339.017059950423,20.839790692559,60.7848202287154,2.35180171139634,6,0.4477806677639,1.05919652237934,339.512639837283,-0.00805447203373108,1
2019-06-12T20:00:00Z,337.043269268991,20.6517121592484,0,3.51949764107086,6,0,1.04651247159934,338.513047204067,0.108807200046415,1
2019-06-12T21:00:00Z,336.441994772319,20.487219995175,0,3.71844655201435,6,0,1.03247036152869,336.978218014776,-0.10324033836162,1
2019-06-12T22:00:00Z,334.790478947668,20.2615959372825,0,4.03347393489238,6,0,1.01807182485486,335.456356945999,-0.00201447755768619,1
2019-06-12T23:00:00Z,333.632916702239,20.0686837151784,0,3.56814985997189,6,0,1.00430363627236,333.9363306194,0.0584950925462341,1
2019-06-13T00:00:00Z,332.269149070354,19.857640667704,0,3.15874690278164,6,0,0.992071409219467,332.499922731325,0.0837019113617653,1
2019-06-13T01:00:00Z,332.134985192082,19.7173955847626,0,3.96437895834156,6,0,0.982148844088957,331.130985650665,0.197315496966185,1
2019-06-13T02:00:00Z,330.505357167257,19.5902374744362,0,3.19020008568858,6,0,0.975142705831903,329.715093820322,0.324799393608598,1
2019-06-13T03:00:00Z,328.970081027077,19.5669789961196,0,2.52305840217147,6,0,0.971471175513044,328.389104574967,0.198648999969059,1
2019-06-13T04:00:00Z,328.874076157424,19.5784394756748,53.987243555804,2.1179129483151,6,0.398157698062621,0.971352104421139,327.125257177576,-0.037691824887564,1
2019-06-13T05:00:00Z,326.714131920099,19.6281976286997,213.548220693214,2.30485700556809,6,1.47919109050468,0.974797947434861,326.290194799892,-0.157113085187251,1
2019-06-13T06:00:00Z,325.096875599487,19.7234813968108,364.671710786249,0.811598664101112,6,2.25543273968718,0.981615432259025,326.521739496429,-0.108161159298855,1
2019-06-13T07:00:00Z,326.339274933405,19.8842084482877,501.386685438507,1.60884403810487,6,2.72668601593777,0.991409858505745,327.585692066187,-0.094238358027068,1
2019-06-13T08:00:00Z,329.562111466917,20.0664117198812,618.291409980151,1.13537926214435,6,2.9879872361968,1.00359578926656,329.069628816068,-0.164312147818442,1
2019-06-13T09:00:00Z,331.864965979556,20.2753764658213,710.766870983935,0.726222445892775,6,3.12654336296058,1.01741726894309,330.812214972639,-0.210023848872782,1
2019-06-13T10:00:00Z,333.636037679042,20.487993153515,775.159277743438,0.80774424539023,6,3.1962731562157,1.0319810896193,332.681808882949,-0.243685960739522,1
2019-06-13T11:00:00Z,336.501766955623,20.7085233957798,808.924426911866,1.4002175267003,6,3.22509938568583,1.04630567775008,334.590662893912,-0.329448619379308,1
2019-06-13T12:00:00Z,338.035300452827,20.8827685789026,810.728226321487,1.40260467007693,6,3.22477002958011,1.05938578897293,336.472846427888,-0.408647210730237,1
2019-06-13T13:00:00Z,339.259625390528,21.0783969081326,780.499406194917,1.02456055750673,6,3.19604826834279,1.07026968949342,338.327590556271,-0.399630185512182,1
2019-06-13T14:00:00Z,341.82719849655,21.1609246127945,719.432335079724,1.28006576679357,6,3.12904300746205,1.07814163815427,340.150742126907,-0.459477921176032,1
2019-06-13T15:00:00Z,344.423043132292,21.2155383553494,629.93982924616,1.87626108074845,6,2.99869757056744,1.08239938228157,341.874373690866,-0.506122791763538,1
2019-06-13T16:00:00Z,347.050565894869,21.2012932480909,515.55782009224,2.65362224660932,6,2.75534166768292,1.08271518799136,343.412444668556,-0.281394958114781,1
2019-06-13T17:00:00Z,348.366502866516,21.1408363924403,380.805646234848,3.46863190600469,6,2.31566343997352,1.07907037070221,344.627985040752,-0.106527055445249,1
2019-06-13T18:00:00Z,346.320708830366,21.0200562128998,231.007490275143,3.51420028250985,6,1.58067640436014,1.07175731368249,345.310054681808,0.10539674938003,1
2019-06-13T19:00:00Z,345.507463353995,20.8736201053403,72.0820154362501,4.27681988776937,6,0.529662472066451,1.0613486199158,345.261244670399,-0.11357259648144,1
2019-06-13T20:00:00Z,345.319408074646,20.6981228539244,0,4.79906693912045,6,0,1.04863879741747,344.081607425734,-0.168349306487357,1
2019-06-13T21:00:00Z,342.914719207784,20.5092907382596,0,4.49457952196738,6,0,1.03456815629535,342.332914508353,-0.0790221928362671,1
2019-06-13T22:00:00Z,342.467648745401,20.3056634430513,0,4.68686258495395,6,0,1.02014036437507,340.669676876971,-0.0257729711790872,1
2019-06-13T23:00:00Z,339.524490403115,20.1041707988897,0,4.84246789618841,6,0,1.00634420130048,339.022466223723,-0.0903679881401877,1
2019-06-14T00:00:00Z,339.304674021079,19.9141281363327,0,3.88305824851492,6,0,0.994087120554107,337.396276014345,0.0847491429040801,1
2019-06-14T01:00:00Z,338.719224363694,19.7620322536125,0,4.14029311007937,6,0,0.984144394549273,335.920460365336,0.0577483742206735,1
2019-06-14T02:00:00Z,337.472789096991,19.6589847488836,0,3.6780082145422,6,0,0.977124021074707,334.446123154919,0.0309516056199101,1
2019-06-14T03:00:00Z,337.321340232444,19.6065146346995,0,3.47662600179216,6,0,0.973445030864141,333.042335841972,0.124974189442404,1
2019-06-14T04:00:00Z,335.581364813872,19.5915502638786,29.521014161043,3.05563800728768,6,0.21839215634304,0.973325717841113,331.673236797571,-0.0177282684479881,1
2019-06-14T05:00:00Z,334.679364829212,19.6471808084329,115.441767220487,2.4428348923256,6,0.837374445513179,0.97677856219038,330.566552074478,-0.0235554654698147,1
2019-06-14T06:00:00Z,332.2213236519,19.7710951957212,196.807199074144,2.86424570066595,6,1.37346555045383,0.983609898922084,330.123390439412,-0.114642088854565,1
2019-06-14T07:00:00Z,332.855937611513,19.932877158648,270.406637483835,3.26405374710301,6,1.79637727185288,0.993424225687878,330.176260937413,-0.278485800347114,1
2019-06-14T08:00:00Z,331.196721140844,20.0899613228142,333.335855577484,2.73323626319597,6,2.10470943162868,1.00563491607641,330.602151127923,-0.287822878625657,1
2019-06-14T09:00:00Z,332.291784948417,20.322023575724,383.111672366549,2.77236682257094,6,2.3133056716118,1.01948447852297,331.356627913527,-0.314331594617595,1
2019-06-14T10:00:00Z,335.301486381947,20.5130358242291,417.76993883275,3.14414543106215,6,2.4405987766274,1.03407789027312,332.289797857605,-0.306528124989549,1
2019-06-14T11:00:00Z,335.30070920234,20.7212445060108,435.943043062386,2.60497384963648,6,2.50127312699839,1.04843158340016,333.288450815358,-0.344715374571816,1
2019-06-14T12:00:00Z,336.619871427633,20.9405345368397,436.913876082983,2.72842099761421,6,2.50337926429787,1.06153827106519,334.366632391006,-0.406111962005916,1
2019-06-14T13:00:00Z,338.120152225799,21.0929201445827,420.644128915454,3.2949133246851,6,2.44758264424294,1.07244428572126,335.40954965501,-0.475917730030346,1
2019-06-14T14:00:00Z,337.661749867547,21.1588759523374,387.775804242794,3.51859868681838,6,2.32711010784102,1.08033222877121,336.31730516515,-0.243215564218864,1
2019-06-14T15:00:00Z,338.952626243935,21.2514420967699,339.605883044981,3.01713849071398,6,2.12828437558036,1.08459862387164,337.061166557657,-0.344855588840719,1
2019-06-14T16:00:00Z,339.247712389522,21.2263371118307,278.035145852292,2.75171011733126,6,1.83289268628971,1.08491507124204,337.649324668466,-0.270325988425695,1
2019-06-14T17:00:00Z,341.442344032442,21.1755425082588,205.493168125524,2.68784159686424,6,1.42472886160782,1.08126284833727,337.965508792608,-0.104936431350492,1
2019-06-14T18:00:00Z,340.867918906492,21.0527264749119,124.842449438312,3.02324013002245,6,0.901806847538345,1.07393493249611,337.884605556325,0.152948409045664,1
2019-06-14T19:00:00Z,338.967071991607,20.9095787776912,39.2654595149494,2.41456947426666,6,0.290147090911378,1.06350509012882,337.260948157186,0.137426582726966,1
2019-06-14T20:00:00Z,337.777235305055,20.7245351036892,0,2.71686068492631,6,0,1.05076944354864,336.104410066227,0.199607379276909,1
2019-06-14T21:00:00Z,333.322025219056,20.5389471455637,0,3.14452563223623,6,0,1.03667021340507,334.65822362655,-0.0953290303123751,1
2019-06-14T22:00:00Z,330.350402790844,20.3157325562624,0,2.76499554081002,6,0,1.02221310679692,333.203908388353,0.0351821270882793,1
2019-06-14T23:00:00Z,332.596335270104,20.1390010405675,0,2.95132774380212,6,0,1.00838891239109,331.815365266634,-0.029901741120669,1
2019-06-15T00:00:00Z,328.400471313584,19.9404763382417,0,3.06781395386792,6,0,0.996106927452985,330.441632018285,0.0115422745734958,1
2019-06-15T01:00:00Z,327.508523749109,19.7912140707133,0,2.70530896397354,6,0,0.986143999610542,329.086590022497,-0.0426323047262981,1
2019-06-15T02:00:00Z,329.511711425745,19.6771245245915,0,2.1820162925565,6,0,0.979109361995054,327.783327259244,0.00589499072677159,1
2019-06-15T03:00:00Z,326.253186681104,19.6283190789875,0,1.74795204858482,6,0,0.975422896735616,326.532242070632,0.169068845232192,1
2019-06-15T04:00:00Z,323.416345734295,19.6045796347598,37.682101115152,0.63814613984893,6,0.278489223756207,0.975303341289906,325.316316131624,0.333994862603891,1
2019-06-15T05:00:00Z,323.540387598009,19.6909263573272,145.915703311843,0.654737658821865,6,1.04366731701766,0.978763201200177,324.424836906061,0.0660740440921815,1
2019-06-15T06:00:00Z,323.872152148945,19.7741546062839,248.397971527045,0.643947271561561,6,1.66916359010095,0.985608417984015,324.295425662975,0.0539563374612229,1
2019-06-15T07:00:00Z,324.242373261218,19.9118859014803,341.089520428622,0.512106365029909,6,2.12290599124378,0.995442685703172,324.781716157659,0.231995644110633,1
2019-06-15T08:00:00Z,323.151163377065,20.0742800283124,420.336870350613,0.5,6,2.42466830459249,1.00767818602654,325.70858782063,0.279054803153561,1
2019-06-15T09:00:00Z,325.514289784646,20.2824093831871,483.016450860195,0.5,6,2.61208294718432,1.0215558883023,326.916657279829,0.336652643742479,1
2019-06-15T10:00:00Z,325.452073612321,20.4832950727373,526.6577177106,0.5,6,2.71863479148468,1.03617895125013,328.288207363428,0.335247786193685,1
2019-06-15T11:00:00Z,327.690872887675,20.6967064255635,549.540530469133,0.5,6,2.76661292986659,1.05056180850958,329.7408808723,0.362110413354558,1
2019-06-15T12:00:00Z,328.798020561171,20.8705503575566,550.762952636683,1.0170101951637,6,2.76704995190892,1.06369512661536,331.216230359055,0.417254894013124,1
2019-06-15T13:00:00Z,331.455589424219,21.0405865027895,530.276801886111,1.69514940462565,6,2.72087254046846,1.07462330033897,332.650217419309,0.375943072464963,1
2019-06-15T14:00:00Z,330.799243098047,21.1402586471616,488.889549190637,1.62717370804218,6,2.61899589327826,1.08252727027576,333.979731241772,0.349496094124894,1
2019-06-15T15:00:00Z,334.018889249857,21.1922245971172,428.232491987245,1.66339600263208,6,2.44119062538636,1.08680233392653,335.194379119807,0.34025412611055,1
2019-06-15T16:00:00Z,333.417469143132,21.1676199308805,350.696455844347,1.98886064087029,6,2.15552682856167,1.08711942426129,336.217399984946,0.495791830486618,1
2019-06-15T17:00:00Z,334.232514776066,21.1278204374868,259.337558981827,1.92747425165579,6,1.72363586232451,1.08345978069402,336.926567095694,0.524137313413266,1
2019-06-15T18:00:00Z,333.506371125778,21.0263901662731,157.756753977859,1.77631818818158,6,1.12034985267496,1.07611697584096,337.211303011519,0.520030945671414,1
2019-06-15T19:00:00Z,332.157362328504,20.8937126860794,49.9578945810531,2.5660355683079,6,0.368485861982099,1.06566594190289,336.914407974356,0.577779107450276,1
2019-06-15T20:00:00Z,333.33205338732,20.719436082492,0,2.15977410807516,6,0,1.05290441877095,335.821428796858,0.470868322269307,1
2019-06-15T21:00:00Z,331.704458745741,20.5234856062307,0,2.26971048635533,6,0,1.03877654151817,334.419668943682,0.329239182192658,1
2019-06-15T22:00:00Z,331.436959317897,20.3375760356874,0,1.50469047734554,6,0,1.02429006065996,333.038127099837,0.194212378723952,1
2019-06-15T23:00:00Z,329.682449688648,20.12450035158,0,1.33899428330133,6,0,1.01043777796825,331.734329599623,0.303127175832462,1
2019-06-16T00:00:00Z,328.768443384607,19.9229300579427,0,1.34934167405137,6,0,0.998130838237552,330.464565704861,0.527110146670989,1
2019-06-16T01:00:00Z,329.448964238994,19.7722549197869,0,1.53549465474654,6,0,0.988147667510987,329.217372750836,0.485451645299942,1
2019-06-16T02:00:00Z,327.636778667279,19.6804914807074,0,0.737838683746608,6,0,0.981098736772399,327.981174383485,0.493223872702284,1
2019-06-16T03:00:00Z,325.177022238446,19.6354079584959,0,0.5,6,0,0.97740478127613,326.790826459011,0.398975807338299,1
2019-06-16T04:00:00Z,324.738442245743,19.6326715658291,56.2605207296394,0.5,6,0.414430244357915,0.977284982915177,325.615945590612,0.160223942858559,1
2019-06-16T05:00:00Z,324.004220277591,19.7342480856419,216.065507656598,0.5,6,1.47814883684653,0.980751872640815,324.859365179503,-0.115492785961848,1
2019-06-16T06:00:00Z,324.453289253895,19.8261386780972,367.362357741223,0.5,6,2.20691970696192,0.987610997678566,325.162761502963,-0.178627841699492,1
2019-06-16T07:00:00Z,326.056482003973,19.9691430370593,504.193367145011,0.5,6,2.62310904572357,0.997465246867529,326.183101793409,-0.0443576687590154,1
2019-06-16T08:00:00Z,327.032661973992,20.1261839095309,621.170461830101,0.5,6,2.83985151753938,1.00972560753508,327.601511335726,0.268762606584057,1
2019-06-16T09:00:00Z,328.877145979995,20.3323194930284,713.687366876474,0.5,6,2.94803780750994,1.02363150681513,329.214066008647,0.178343514866322,1
2019-06-16T10:00:00Z,329.986227258786,20.5378066897702,778.100990441751,0.725022085933907,6,2.99912883375846,1.03828428120656,330.909394844064,0.173907419016408,1
2019-06-16T11:00:00Z,331.165506969941,20.7490671208204,811.874879902151,1.00187341762084,6,3.01816383188077,1.05269636185471,332.622592022535,0.109226572902135,1
2019-06-16T12:00:00Z,333.393296266902,20.9846418329803,813.679101218949,1.02308757917141,6,3.01533144629354,1.06585636450953,334.317373313498,-0.194825754771222,1
2019-06-16T13:00:00Z,335.368672095086,21.1461440043753,783.44260852266,1.57396864028608,6,2.99146116469803,1.07680674232392,335.98303683843,-0.380528639150188,1
2019-06-16T14:00:00Z,338.313820300209,21.2508856592374,722.356041727458,1.89228666807823,6,2.93843962376003,1.08472677171131,337.571717094792,-0.487455699890292,1
2019-06-16T15:00:00Z,338.882197704977,21.3043541161279,632.824842012544,1.5390403427859,6,2.83464004328836,1.08901052152538,339.066164274657,-0.472722204066406,1
2019-06-16T16:00:00Z,342.353830713887,21.3380829083233,518.374531369346,1.55794995129409,6,2.63412718751537,1.08932825613088,340.468996748448,-0.550646724168246,1
2019-06-16T17:00:00Z,342.818401130537,21.2492750631675,383.511886076787,1.21867559100395,6,2.25205676952335,1.08566117682365,341.6635372002,-0.336134342979093,1
2019-06-16T18:00:00Z,342.332945707083,21.150056167763,233.547470757201,1.93596208406408,6,1.57213147115004,1.07830345270688,342.498327335785,-0.317741036759822,1
2019-06-16T19:00:00Z,341.560776427506,20.9999245250115,74.3865211923571,2.78461133701363,6,0.545387312850885,1.06783118414057,342.611169145835,-0.168191815837248,1
2019-06-16T20:00:00Z,342.585708185749,20.8068174183908,0,3.85827188078759,6,0,1.05504373188036,341.637222364465,-0.210006784955152,1
2019-06-16T21:00:00Z,343.591990846036,20.6408375275311,0,4.69449408869182,6,0,1.04088714931257,340.025367666498,-0.529047403097077,1
2019-06-16T22:00:00Z,341.182903578749,20.4380566791523,0,4.17223617480204,6,0,1.02637123452108,338.343467459788,-0.571596158421348,1
2019-06-16T23:00:00Z,338.767798251069,20.2432922473825,0,3.36927656079086,6,0,1.01249080647312,336.769727493848,-0.581073738766646,1
2019-06-17T00:00:00Z,335.583697898041,20.0109796295886,0,2.79095125053078,6,0,1.00015886124617,335.31968533128,-0.327974593344718,1
2019-06-17T01:00:00Z,330.853462986551,19.8675559533176,0,2.98656751551221,6,0,0.99015540650557,333.951610724565,-0.179624612302312,1
2019-06-17T02:00:00Z,330.606282927722,19.7731103816735,0,2.18293485760161,6,0,0.983092153602816,332.591413893944,-0.18074437777461,1
2019-06-17T03:00:00Z,331.302990709549,19.7121417471833,0,1.5290175340532,6,0,0.979390692650897,331.309898381207,-0.168134864666544,1
2019-06-17T04:00:00Z,330.451521189741,19.7205672194719,58.21527843625,0.907759479886098,6,0.42844813135883,0.979270650881141,330.077483962658,-0.266623051379706,1
2019-06-17T05:00:00Z,331.987972458632,19.7664581283313,222.069741284352,0.558057668096337,6,1.50311923127384,0.98274458470547,329.303948774411,-0.395891640748314,1
2019-06-17T06:00:00Z,332.505855602451,19.8659675556258,377.186585181113,0.688853381741417,6,2.21002364293348,0.989617646256214,329.611488089675,-0.18056474990822,1
2019-06-17T07:00:00Z,333.127745797735,20.0081913788759,517.46253884308,0.5,6,2.59316596843816,0.999491917513751,330.610562801457,-0.168502836859293,1
2019-06-17T08:00:00Z,335.919214955372,20.1797086821024,637.378264858297,0.5,6,2.78257955151283,1.01177718903725,331.979559225337,-0.0645458299266877,1
2019-06-17T09:00:00Z,335.858101329911,20.3925696929238,732.215525099702,0.5,6,2.87263515833373,1.02571134261284,333.515502038001,-0.084293783749971,1
2019-06-17T10:00:00Z,336.796215367157,20.5990840763645,798.242825859121,0.5,6,2.91308160684213,1.04039388881622,335.116295951316,0.00678640958157174,1
2019-06-17T11:00:00Z,339.843089102002,20.7770243115313,832.862238255813,0.862610035779076,6,2.92690026766923,1.05483525222974,336.731141854349,0.0948378800340794,1
2019-06-17T12:00:00Z,341.128916867521,20.992050517036,834.711617082185,1.36070433111078,6,2.92314971510859,1.06802199365182,338.32101307309,-0.253730247162779,1
2019-06-17T13:00:00Z,343.229191130087,21.158543695304,803.718196155019,1.68194494121639,6,2.90260310510283,1.07899462067174,339.856747088114,-0.372963101548023,1
2019-06-17T14:00:00Z,344.19433253244,21.2930542116803,741.10145139433,2.55287034629867,6,2.85819093046365,1.08693074213966,341.328241323305,-0.532745405257819,1
2019-06-17T15:00:00Z,344.693166075148,21.3170303652507,649.325118978347,3.21975380320134,6,2.7704105294032,1.09122319576575,342.661981046261,-0.279264226759271,1
2019-06-17T16:00:00Z,345.010114269718,21.2893132460699,532.000256481887,3.07864267053745,6,2.59563966976424,1.09154157595103,343.821011684667,0.0111242845301708,1
2019-06-17T17:00:00Z,345.695199342705,21.2284125774049,393.743161182029,4.46140529393384,6,2.2473062179704,1.08786704579575,344.814223516224,0.158255406798137,1
2019-06-17T18:00:00Z,344.460560023129,21.1223780380805,239.993735917686,4.38199587132877,6,1.59415257979755,1.080494372102,345.273982929533,0.354155998536613,1
2019-06-17T19:00:00Z,344.638263986092,20.9741527298662,76.8014491314188,4.05455800345402,6,0.562158157987127,1.07000082576248,345.104543828598,0.16652162241959,1
2019-06-17T20:00:00Z,343.632633234957,20.8052908714351,0,4.26262796215477,6,0,1.05718739169066,343.974022315729,0.135506969474307,1
2019-06-17T21:00:00Z,341.294240033835,20.6197130559334,0,4.28948291215843,6,0,1.0430020454838,342.286933724227,-0.079834975446052,1
2019-06-17T22:00:00Z,338.759758045637,20.4481412085987,0,4.16722801089387,6,0,1.02845663695456,340.636013241816,-0.110356418878501,1
2019-06-17T23:00:00Z,336.40235653353,20.2206763411756,0,3.28974992726341,6,0,1.01454800636404,339.040698709072,-0.119353708311942,1
2019-06-18T00:00:00Z,335.959716163377,20.0468863247755,0,3.01881361571522,6,0,1.00219100483414,337.580132623826,-0.054779890320042,1
2019-06-18T01:00:00Z,336.095749001988,19.8728960182148,0,2.82988228022095,6,0,0.992167224866023,336.1753227838,0.112583575544231,1
2019-06-18T02:00:00Z,335.589550137182,19.7763227705773,0,3.40583979687544,6,0,0.985089620699032,334.811776267045,-0.0011240516057808,1
2019-06-18T03:00:00Z,334.385872411146,19.7245636788175,0,2.67104062263021,6,0,0.981380639041723,333.417452193995,-0.0596958370681124,1
2019-06-18T04:00:00Z,333.795408320329,19.724420489288,25.348432524714,2.63377466400326,6,0.187529200343971,0.981260353368601,332.099707184556,-0.120581919426847,1
2019-06-18T05:00:00Z,333.00128891181,19.8106414246353,96.1858717918179,1.96715691540872,6,0.698789505470803,0.984741345603969,330.979395811618,-0.244880427419085,1
2019-06-18T06:00:00Z,332.58068317562,19.9063451005237,163.241131562918,1.88865385692381,6,1.14455897196211,0.991628371984202,330.414059707442,-0.24339929885772,1
2019-06-18T07:00:00Z,330.45054392659,20.0439219700696,223.877493743341,1.3632748774666,6,1.49982869104147,1.00152270599157,330.290601721263,-0.21122069370903,1
2019-06-18T08:00:00Z,331.705658740036,20.1816094310567,275.710641369703,0.516482997133783,6,1.7616802826208,1.01383293898541,330.53557312621,0.104921533261259,1
2019-06-18T09:00:00Z,332.618813754583,20.3710088897977,316.702413696421,0.5,6,1.94042648913589,1.02779540426421,331.054612969804,0.293393814760828,1
2019-06-18T10:00:00Z,332.335031242715,20.5569090749353,345.240949876254,0.5,6,2.05001677417987,1.04250778277051,331.731325708769,0.679037377444714,1
2019-06-18T11:00:00Z,333.224410091042,20.7577434287974,360.204069859529,0.677500871784744,6,2.10202675218703,1.05697848844675,332.494680334901,0.513398459768816,1
2019-06-18T12:00:00Z,333.932417982642,20.9479532123473,361.003400275574,1.23391141364086,6,2.10302763597489,1.07019202296447,333.281950227118,0.48980289538907,1
2019-06-18T13:00:00Z,333.463309293091,21.1006911143757,347.607510197438,0.784603337571856,6,2.05376760382223,1.08118694439631,334.025088557853,0.608654109867007,1
2019-06-18T14:00:00Z,332.003016966945,21.2109716445648,320.543147055283,1.19602067042637,6,1.94908446690304,1.08913919064098,334.721022500014,0.548780313990647,1
2019-06-18T15:00:00Z,333.780897476528,21.2745427919546,280.874524100409,1.6979802974036,6,1.77844056062496,1.09344036576368,335.279752185996,0.39746440942293,1
2019-06-18T16:00:00Z,334.011267921965,21.3094285145967,230.161473869338,2.81600076296173,6,1.5279970993959,1.09375939284045,335.629159332495,0.316991238381102,1
2019-06-18T17:00:00Z,336.220913923671,21.2268874912582,170.398113119455,2.84512163341472,6,1.18590348741026,1.09007739669833,335.633357422712,0.359672210077386,1
2019-06-18T18:00:00Z,335.350000061062,21.1373881655711,103.934431027233,3.43966315594694,6,0.751715348485994,1.08268974305274,335.299278249684,0.510227448537867,1
2019-06-18T19:00:00Z,335.869567360694,20.9867737575551,33.3838839242039,3.57266729165063,6,0.246690617055559,1.0721748757074,334.48475905019,0.513793769980633,1
2019-06-18T20:00:00Z,336.448874306266,20.8183926520171,0,4.01003444979069,6,0,1.05933540703358,333.175466248924,0.125809196218549,1
2019-06-18T21:00:00Z,334.642414666814,20.6620999571968,0,4.00402108649261,6,0,1.04512123874509,331.603304261701,-0.0661071830133185,1
2019-06-18T22:00:00Z,333.299915382796,20.4641996068623,0,3.89526081305888,6,0,1.0305462765521,330.068876168435,-0.114712315052576,1
2019-06-18T23:00:00Z,329.05324325049,20.2613671558565,0,3.56501203636133,6,0,1.01660938611651,328.582970260364,-0.258123706521948,1
2019-06-19T00:00:00Z,328.479796245593,20.0702475245286,0,3.28103149086873,6,0,1.00422727737374,327.163397145002,-0.0800639227231281,1
2019-06-19T01:00:00Z,327.25442649531,19.9251008046548,0,2.95351979370899,6,0,0.994183130880888,325.798528230945,-0.275607776009663,1
2019-06-19T02:00:00Z,323.956264483496,19.8176361912504,0,2.49999104733935,6,0,0.987091146290463,324.48383820488,-0.187478735222921,1
2019-06-19T03:00:00Z,322.002142958965,19.7768439185625,0,2.07123420960693,6,0,0.983374628647037,323.218465284788,-0.232660659748062,1
2019-06-19T04:00:00Z,322.526129980748,19.7866922931898,39.357877227806,2.10514968101997,6,0.290508961852067,0.983254098574982,321.990002304139,-0.33581900858388,1
2019-06-19T05:00:00Z,320.4802876959,19.8431773378041,148.772321302605,1.74530231352943,6,1.04772026590718,0.986742163562814,321.055887555641,-0.411763315735089,1
2019-06-19T06:00:00Z,318.564451563789,19.9347644656073,252.339500765839,1.19340377839282,6,1.62944548400435,0.993643183146568,320.894326956124,-0.367629047974624,1
2019-06-19T07:00:00Z,321.046657407384,20.0833490054375,345.988868770535,1.06395096773812,6,2.01625319628067,1.00355762066767,321.326674411706,-0.249222504634851,1
2019-06-19T08:00:00Z,321.511165609148,20.2623749654296,426.039682617818,0.538776983670691,6,2.25055524349558,1.0158928658491,322.13392351696,-0.160492019563284,1
2019-06-19T09:00:00Z,323.974246985407,20.4565275721765,489.345669621763,1.4032002524937,6,2.38378921565029,1.02988370035541,323.169677628403,-0.273235185652315,1
2019-06-19T10:00:00Z,326.488356143107,20.6826053559058,533.418686461975,2.66129534810687,6,2.45366720985622,1.04462597177853,324.285612413615,-0.367584114761325,1
2019-06-19T11:00:00Z,329.693215984431,20.8971000283116,556.526511785463,2.88811890029421,6,2.48229398676042,1.0591260793357,325.369265603007,-0.533823829521782,1
2019-06-19T12:00:00Z,330.939626645548,21.080529487601,557.760928471721,3.19390409670269,6,2.47986432976156,1.07236646138784,326.435055367473,-0.486862703333765,1
2019-06-19T13:00:00Z,329.286645066044,21.2429663883005,537.073419693546,3.12205649808386,6,2.44742402270701,1.08338372252986,327.444552871453,-0.576340388870327,1
2019-06-19T14:00:00Z,327.337541110822,21.3468002823591,495.277075795436,3.6300449993623,6,2.37712736465359,1.09135212631394,328.404133250508,-0.557856762526958,1
2019-06-19T15:00:00Z,326.784450484666,21.415270237168,434.014637042708,4.40660295008063,6,2.24984683117807,1.09566204065375,329.224194535275,-0.685279222293973,1
2019-06-19T16:00:00Z,326.747592082022,21.4123450310474,355.69392827133,5.04487990528971,6,2.03109519328732,1.09598171593637,329.815471173182,-0.624558172844828,1
2019-06-19T17:00:00Z,325.015523263122,21.348169883432,263.393223079118,5.27564697327838,6,1.67040711171638,1.09229223863787,330.100818590471,-0.430670600410372,1
2019-06-19T18:00:00Z,325.884306358192,21.2408920639591,160.740257071508,5.9653473166491,6,1.11891184960217,1.08488957460386,329.99970744341,-0.386451401268435,1
2019-06-19T19:00:00Z,324.68371766422,21.0960688317609,51.7696453580386,6.75681490917647,6,0.380938813695114,1.07435334293223,329.266680170077,-0.415019116673529,1
2019-06-19T20:00:00Z,320.863512463971,20.9354128372442,0,6.5376647774585,6,0,1.06148778675876,327.711169918809,-0.49689932425252,1
2019-06-19T21:00:00Z,319.55377129689,20.7291068967469,0,6.53940079717545,6,0,1.04724473782735,325.859933496993,-0.427820270705339,1
2019-06-19T22:00:00Z,317.602245361294,20.5287370436952,0,6.75076140158772,6,0,1.03264016192286,324.064318886766,-0.523165501668981,1
2019-06-19T23:00:00Z,317.457421538104,20.2994283778021,0,6.25220005938848,6,0,1.01867495422325,322.296646246189,-0.369675852695736,1
2019-06-20T00:00:00Z,314.866041740112,20.1091885063707,0,5.87755298607764,6,0,1.00626768725427,320.646000146788,-0.12816014489144,1
2019-06-20T01:00:00Z,315.159973937281,19.9614344711726,0,4.93845648536169,6,0,0.996203132855546,319.084043720821,-0.134011029472347,1
2019-06-20T02:00:00Z,313.282722860323,19.8385291551761,0,4.10333626695404,6,0,0.989096738623243,317.65208113613,-0.0339645411768836,1
2019-06-20T03:00:00Z,315.176374342213,19.7920252408497,0,2.65839788781347,6,0,0.985372669681927,316.315449185817,-0.0427873476507004,1
2019-06-20T04:00:00Z,314.094907194073,19.7929666808343,42.8057029699304,2.01511147197006,6,0.31558517549643,0.985251894714363,315.088683608645,0.000753942565741912,1
2019-06-20T05:00:00Z,314.056573071121,19.8345470382672,161.41150298424,1.51394964209727,6,1.11933710560673,0.988747046825225,314.214985637126,0.0146860474746302,1
2019-06-20T06:00:00Z,313.900058526118,19.9459961852974,273.675137060283,1.77811392510476,6,1.70027953023767,0.995662088044183,314.162286680159,-0.0259925747014435,1
2019-06-20T07:00:00Z,315.479061330512,20.0910562168883,375.185552807246,1.20064000498521,6,2.05587560052216,1.00559666992577,314.669570065302,0.0425811131851543,1
2019-06-20T08:00:00Z,315.625958373234,20.2720743332617,461.954212300465,1.17168592325787,6,2.25362939408794,1.01795697811505,315.536552530333,0.0756525395406753,1
2019-06-20T09:00:00Z,316.393595892325,20.4430493011694,530.571809346931,1.10485244073567,6,2.35758246646152,1.03197623949007,316.581010883516,0.173558126286542,1
2019-06-20T10:00:00Z,315.912807353191,20.6613186294862,578.342227630844,1.15344214643237,6,2.40829709978737,1.04674846456706,317.7076487274,0.0988490121507866,1
2019-06-20T11:00:00Z,318.845742868781,20.882585237548,603.38847626806,1.51122827600248,6,2.42720545692195,1.06127803374452,318.858052829535,-0.0684601721006427,1
2019-06-20T12:00:00Z,319.734384602225,21.1075114594748,604.726440359384,2.5075061033309,6,2.42356922329117,1.07454531788044,319.987309825204,-0.338484884848978,1
2019-06-20T13:00:00Z,319.197866919845,21.2558683719824,582.303548742728,2.38978055646767,6,2.39834169046028,1.08558496412292,321.030856596519,-0.363263988278126,1
2019-06-20T14:00:00Z,319.844662241261,21.3609796031776,537.000839614372,3.08431271216098,6,2.34452911335868,1.09356955827564,322.035044769768,-0.293657993970251,1
2019-06-20T15:00:00Z,321.388558966448,21.4140427565227,470.598342857153,3.17343150714762,6,2.24401480924773,1.0978882295891,322.914233592262,-0.307387238428678,1
2019-06-20T16:00:00Z,322.75352430474,21.4137749633649,385.705139269918,3.05183303234915,6,2.06075489342796,1.09820855439461,323.673012281945,-0.320580867667326,1
2019-06-20T17:00:00Z,323.279396982472,21.3396646233896,285.656844804611,3.7265760416165,6,1.73406372707685,1.09451158073936,324.254255889736,-0.194637576511728,1
2019-06-20T18:00:00Z,322.966647345558,21.2038278990749,174.384547850897,3.40093839556564,6,1.19085720044175,1.08709387581852,324.448842640973,0.133797214243126,1
2019-06-20T19:00:00Z,322.109149058864,21.0789652091724,56.2603492725,3.14421520313012,6,0.413064985888607,1.07653623641211,324.144011614124,0.311584091217574,1
2019-06-20T20:00:00Z,320.837173510774,20.9164753008606,0,3.63366931553597,6,0,1.06364453973387,323.105458637304,-0.0448640541350799,1
2019-06-20T21:00:00Z,317.761216223216,20.7396046364066,0,3.52743948058096,6,0,1.04937255147923,321.640091848161,-0.217348292703106,1
2019-06-20T22:00:00Z,316.597854396396,20.5194247710168,0,4.04244929625379,6,0,1.0347383016935,320.217957183829,-0.0776171000796779,1
2019-06-20T23:00:00Z,315.494947668316,20.3196153407853,0,4.92516106956971,6,0,1.02074471919426,318.786747948541,-0.0168053667267136,1
2019-06-21T00:00:00Z,313.547468711471,20.0962992862084,0,4.63267825959897,6,0,1.00831224288205,317.312311079306,0.323831961137972,1
2019-06-21T01:00:00Z,312.887861285192,19.9314376359405,0,4.53618402053693,6,0,0.998227239112253,315.900932880093,0.426012738823939,1
2019-06-21T02:00:00Z,311.02370379582,19.8192629063388,0,4.13890488970021,6,0,0.991106405960262,314.528330307489,0.561298370697322,1
2019-06-21T03:00:00Z,311.476859896865,19.7628809792959,0,3.46690492576699,6,0,0.987374770378171,313.21003438983,0.528022399888465,1
2019-06-21T04:00:00Z,309.618807833431,19.7281537300061,56.2704524914745,2.77877590706991,6,0.412960428888621,0.987253750017515,311.952411164372,0.759582335008994,1
2019-06-21T05:00:00Z,308.522137821985,19.8038941729317,211.963533269163,2.92686501274813,6,1.38776520214689,0.990756003651171,311.153205825467,0.684283647139963,1
2019-06-21T06:00:00Z,309.278278124417,19.9244341396405,359.32921039498,2.99037835712081,6,1.95347769903037,0.997685094994783,311.317785808004,0.429561379550558,1
2019-06-21T07:00:00Z,313.141833025842,20.075064610468,492.577933850906,3.02788302413098,6,2.21552852110886,1.00763986216658,312.031232972394,0.370769241411381,1
2019-06-21T08:00:00Z,312.300652476711,20.2327967159122,606.474765866277,3.33748703264531,6,2.32618350447701,1.02002528428726,312.983832326687,0.510465638115173,1
2019-06-21T09:00:00Z,314.94328187477,20.469175619033,696.545045728314,2.87790603238412,6,2.37093808654498,1.03407303028929,314.001831358305,0.375173443927702,1
2019-06-21T10:00:00Z,316.789008092966,20.6830307261222,759.250185615422,2.55124769846263,6,2.38711855596746,1.04887526988061,315.065117415487,0.183523486247107,1
2019-06-21T11:00:00Z,317.640764591271,20.9110063601425,792.126690968735,2.8590030530112,6,2.38973024820633,1.06343436053908,316.135729898196,-0.0297058452003789,1
2019-06-21T12:00:00Z,318.441450290426,21.1148020380832,793.882943713589,3.39233291656367,6,2.38419815442426,1.07672860141902,317.160787944514,-0.224294935954924,1
2019-06-21T13:00:00Z,318.774154407974,21.2659318861874,764.449946012027,4.2168887454234,6,2.37104855652964,1.08779067824447,318.113201261388,-0.227769814893333,1
2019-06-21T14:00:00Z,320.12384101226,21.3911969051035,704.984030978361,5.17636939698516,6,2.3463166424884,1.09579149566175,318.953837702569,-0.336043031830179,1
2019-06-21T15:00:00Z,321.894137832794,21.4463612377645,617.821433862002,5.55160555080559,6,2.29798726336601,1.10011894174146,319.64605561575,-0.270521847380619,1
2019-06-21T16:00:00Z,322.085360681282,21.4346994584282,506.386508457865,5.34499866123675,6,2.19519461302669,1.10043991738958,320.229939957046,-0.147317403119613,1
2019-06-21T17:00:00Z,321.19772354223,21.3593775060002,375.057194642887,5.05671771633253,6,1.9638060765008,1.09673543214631,320.729803692752,-0.0932698576551872,1
2019-06-21T18:00:00Z,321.006957616959,21.2264707839046,228.993022410714,4.81151007021062,6,1.45796699755158,1.08930265577825,321.035453970661,0.136897579185586,1
2019-06-21T19:00:00Z,320.628551315999,21.1203618613324,73.9324096037622,5.49213829735791,6,0.538205149494313,1.07872356514038,320.876185150874,-0.040006287289551,1
2019-06-21T20:00:00Z,320.542008732524,20.9576232286553,0,5.62824976423944,6,0,1.06580567484455,319.74450992449,-0.174866313790795,1
2019-06-21T21:00:00Z,317.63894021523,20.7723154017784,0,6.11811204227643,6,0,1.05150468846718,318.099184166226,-0.31518443134381,1
2019-06-21T22:00:00Z,316.986921323756,20.5476002915058,0,5.5682340246903,6,0,1.03684070450818,316.445542487967,-0.26809314291581,1
2019-06-21T23:00:00Z,315.821244355135,20.3259021926431,0,5.21755648081602,6,0,1.02281868955681,314.900355804671,0.00775806657885249,1
2019-06-22T00:00:00Z,315.628197302281,20.1130168497777,0,5.09892674666842,6,0,1.0103609526805,313.432499696189,0.211397654248465,1
2019-06-22T01:00:00Z,312.245449115256,19.9794968428733,0,4.81218257245366,6,0,1.00025545799017,312.013441268941,0.506681857648082,1
2019-06-22T02:00:00Z,312.080034913585,19.8398009734938,0,3.85693591749817,6,0,0.993120156581198,310.649902834884,0.636290975354161,1
2019-06-22T03:00:00Z,308.534324752946,19.7933194964259,0,2.80487947416304,6,0,0.989380938984275,309.37670725946,0.488291495482949,1
2019-06-22T04:00:00Z,307.400590524918,19.786006140415,26.4041247146372,1.41110134412778,6,0.195143488052103,0.989259672731931,308.176006417252,0.354909776725636,1
2019-06-22T05:00:00Z,307.532132646864,19.8529780478002,99.4954321227622,1.43425759335854,6,0.713070425739408,0.992769042317404,307.229908828922,0.370917368708354,1
2019-06-22T06:00:00Z,307.452692049524,19.9943093724569,168.677702113078,1.50281232827192,6,1.14003114456668,0.999712212333004,306.799237317576,0.0964080173924496,1
2019-06-22T07:00:00Z,306.385854405408,20.1349360000393,231.232859330049,1.3983156623854,6,1.45339059984905,1.0096872058079,306.784797837153,0.153345289799584,1
2019-06-22T08:00:00Z,307.609382448437,20.3062038881492,284.703198479866,2.26045916761258,6,1.66401582327662,1.02209779288699,307.072290343258,0.213877499635126,1
2019-06-22T09:00:00Z,307.513229359132,20.4999676851473,326.987944159877,2.44281652521252,6,1.79561395585579,1.03617408139169,307.519627741495,0.393452485126773,1
2019-06-22T10:00:00Z,308.094907457228,20.6689654424268,356.425787408062,2.38888450514188,6,1.87024846561107,1.05100639648145,308.066848961698,0.482057923693879,1
2019-06-22T11:00:00Z,309.599100685396,20.885829650541,371.860156226071,3.13385930759942,6,1.90307723928068,1.06559506860331,308.666207383615,0.421742403033269,1
2019-06-22T12:00:00Z,310.340986494323,21.0782605335559,372.6846556876,3.85253956120571,6,1.90185730006223,1.07891632099852,309.23142641235,0.441999928422681,1
2019-06-22T13:00:00Z,312.821749927811,21.2648753540671,358.866892353297,3.87048490169596,6,1.8675203650515,1.09000087398187,309.721233406416,0.103424766764051,1
2019-06-22T14:00:00Z,311.24673324318,21.3628249652245,330.949746964036,4.24669853781125,6,1.79422881845947,1.09801794762647,310.153466529888,0.138867278258953,1
2019-06-22T15:00:00Z,313.835092824349,21.455498804011,290.030045410178,4.95899928252596,6,1.6687363993419,1.10235418630119,310.465535300291,-0.0323052811248896,1
2019-06-22T16:00:00Z,313.912883687701,21.4109044584687,237.715465964856,5.64699419715293,6,1.4702207562406,1.10267581411431,310.578513481363,0.13271071076244,1
2019-06-22T17:00:00Z,312.296022785191,21.3609225096219,176.061375836248,5.8000348338585,6,1.17394321117522,1.09896380202083,310.423813315341,0.236967633473074,1
2019-06-22T18:00:00Z,309.926516927685,21.2714489809533,107.490078643041,5.38924212040767,6,0.764061917760293,1.09151592358306,309.967428462869,0.388443371664204,1
2019-06-22T19:00:00Z,308.225142714067,21.1240398545832,34.695645467667,6.15940140264357,6,0.255891600326114,1.08091533812869,309.163860323741,0.348950521396379,1
2019-06-22T20:00:00Z,309.130741141523,20.9504161341675,0,6.15470203341739,6,0,1.06797120099453,307.808580943236,0.0635609233860111,1
2019-06-22T21:00:00Z,308.787729474755,20.8059245649308,0,5.79400938877759,6,0,1.05364115757542,306.242381088976,-0.254016940987208,1
2019-06-22T22:00:00Z,304.036309460092,20.588030258202,0,5.4161125155698,6,0,1.03894737902866,304.755981954827,-0.196565115690444,1
2019-06-22T23:00:00Z,304.25543616857,20.3644179551282,0,4.90896949563221,6,0,1.0248968738555,303.344700026976,-0.142555800665405,1
2019-06-23T00:00:00Z,303.724049304668,20.1957578214795,0,3.80846030112545,6,0,1.01241382509016,302.00931213144,-0.0981426504620441,1
2019-06-23T01:00:00Z,302.196641841024,20.0452161722585,0,3.35035837064879,6,0,1.00228779784542,300.770411101892,-0.0251101970535675,1
2019-06-23T02:00:00Z,299.412227281267,19.9231967232931,0,3.37280525281154,6,0,0.995137998782553,299.578057154419,-0.0518372500510248,1
2019-06-23T03:00:00Z,298.25961205922,19.8866169970895,0,3.94025679713427,6,0,0.991391183765502,298.404083798379,-0.0921009250010398,1
2019-06-23T04:00:00Z,296.067357542299,19.8859247093836,59.421353646278,3.31001896799908,6,0.434243023957455,0.991269671121863,297.220948746094,-0.278835311003248,1
2019-06-23T05:00:00Z,296.532303811802,19.9864876570793,224.299440768922,2.89969844612644,6,1.39647266658496,0.994786171117491,296.5040381517,-0.584527699534004,1
2019-06-23T06:00:00Z,296.637372834897,20.0776689054704,380.363265917985,2.93380829669665,6,1.86058857893614,1.00174344841042,296.759886718554,-0.617534585858201,1
2019-06-23T07:00:00Z,296.486686348706,20.212075895383,521.480012022022,2.70253440295149,6,2.03321941342706,1.01173870928464,297.465245808038,-0.433447566068367,1
2019-06-23T08:00:00Z,297.607239112925,20.3541877417475,642.10423516572,2.42069732995798,6,2.09180656114736,1.02417451245283,298.331547518585,-0.115543777150585,1
2019-06-23T09:00:00Z,298.14112277186,20.5659731666469,737.495783079846,2.33790140989199,6,2.11007550043035,1.03827940145344,299.242845523655,-0.0378408114320354,1
2019-06-23T10:00:00Z,298.303730346742,20.7657194662318,803.906068204404,2.59336929397026,6,2.1136493354417,1.05314185314967,300.14978834274,-0.0188207841883862,1
2019-06-23T11:00:00Z,298.591435215105,20.9684283254014,838.725375379957,1.88284646823724,6,2.11120581342613,1.06776016683914,301.023442452258,0.0558551682520435,1
2019-06-23T12:00:00Z,300.651905367882,21.1619780644611,840.585415438542,1.95403623882583,6,2.10554019362985,1.08110848563218,301.896736506908,-0.0315249225101569,1
2019-06-23T13:00:00Z,302.253887779131,21.3208879622626,809.413094660881,2.40410894731688,6,2.09691651447786,1.09221556044096,302.738602223291,-0.172085801306496,1
2019-06-23T14:00:00Z,301.994567729538,21.4518387123196,746.433387129466,3.02344813778365,6,2.08334760590946,1.10024892334264,303.532256364216,-0.407152641675036,1
2019-06-23T15:00:00Z,303.934026472992,21.5238299089925,654.121197103076,2.99331674117087,6,2.05815535738036,1.10459397247733,304.263483800919,-0.495405006078573,1
2019-06-23T16:00:00Z,306.16416207744,21.5127440458168,536.104103069909,3.10431703804308,6,2.00117244434658,1.10491625378053,304.960108661329,-0.32253542017455,1
2019-06-23T17:00:00Z,306.020227795269,21.4617009508101,397.01980533186,2.70199869761268,6,1.85205901148135,1.10119669954364,305.588341006988,-0.37107349586683,1
2019-06-23T18:00:00Z,305.882081920959,21.3444778569047,242.33387898119,3.15928788112323,6,1.45187544673877,1.09373368835147,306.093029556826,-0.160366791780021,1
2019-06-23T19:00:00Z,305.131439316094,21.2194667425533,78.1249940039081,3.58435396487039,6,0.56421365744375,1.08311156440696,306.179977518099,-0.314480565267791,1
2019-06-23T20:00:00Z,304.257981568486,21.0462029464579,0,3.59537751441139,6,0,1.0701411271056,305.371090906417,-0.374547332971496,1
2019-06-23T21:00:00Z,303.78705329756,20.857005983283,0,3.54795027750821,6,0,1.05578196760606,304.025697048108,-0.416217559870035,1
2019-06-23T22:00:00Z,301.47023302576,20.6172057316126,0,2.32618715928537,6,0,1.04105833393426,302.715723545251,-0.413997522484865,1
2019-06-23T23:00:00Z,299.934322971556,20.4293856839036,0,2.72951782647691,6,0,1.0269792806523,301.49551986098,-0.324650188121355,1
2019-06-24T00:00:00Z,299.001081765422,20.2275865363974,0,2.31371048671876,6,0,1.0144708685687,300.28665218163,-0.136911149423195,1
2019-06-24T01:00:00Z,297.703902111732,20.0606057755579,0,1.73506620533573,6,0,1.00432426705108,299.118642828995,-0.0449498642384016,1
2019-06-24T02:00:00Z,297.250546431586,19.9529563991766,0,1.41237116004964,6,0,0.997159940877684,297.988264713921,-0.0252156136284129,1
2019-06-24T03:00:00Z,294.131100210053,19.9113212113557,0,1.34598675947279,6,0,0.993405513003909,296.880510233431,-0.0386831923562107,1
2019-06-24T04:00:00Z,293.820321365067,19.9154557745745,57.5461771883338,1.71641507958093,6,0.420111117172065,0.993283753468352,295.784053403516,-0.186115147873315,1
2019-06-24T05:00:00Z,296.53743331353,19.9605659191131,217.903764628584,1.6161371172203,6,1.33975871575561,0.99680739836185,295.104327028001,-0.104309657015823,1
2019-06-24T06:00:00Z,295.745263868994,20.10284580286,369.695188246845,0.94673873611768,6,1.76352134606683,1.00377881159557,295.342653038286,-0.420278576654967,1
2019-06-24T07:00:00Z,296.604413945575,20.2397139130005,506.953271644381,0.833815132075096,6,1.91305417913648,1.01379438104884,296.005455201702,-0.257932672762281,1
2019-06-24T08:00:00Z,296.493256458718,20.4231347960342,624.282168492977,0.9015229872584,6,1.96115825010991,1.0262554515407,296.803058160006,-0.194159029737616,1
2019-06-24T09:00:00Z,297.855451279907,20.5972755277092,717.069482337841,1.09181614071463,6,1.97506161429355,1.04038899914831,297.627684137563,-0.0436445234889665,1
2019-06-24T10:00:00Z,296.921663293197,20.803836812603,781.667587667078,1.72114179818803,6,1.97698083484047,1.05528164868318,298.440230012901,0.114650426992421,1
2019-06-24T11:00:00Z,298.839246512842,20.9953605936066,815.537024211225,1.96001168240253,6,1.97415655438812,1.06992966416662,299.214777539363,0.163840237358986,1
2019-06-24T12:00:00Z,300.028348042582,21.1888922648651,817.346327401553,1.96909941595087,6,1.96885965394321,1.08330510435158,299.954456963213,-0.0290485729527856,1
2019-06-24T13:00:00Z,300.334484701576,21.3313169178884,787.024370483744,2.95429896508339,6,1.96130078292821,1.0944347467461,300.665984355914,0.0494860241927068,1
2019-06-24T14:00:00Z,303.865069087741,21.4806794522695,725.763160630339,4.5032185124776,6,1.94986840935504,1.10248443200169,301.306137522939,-0.193342977951911,1
2019-06-24T15:00:00Z,303.094702654433,21.4931739617175,635.970979132082,4.70125323349171,6,1.92902218178059,1.10683830949763,301.821844403292,-0.0301344575516253,1
2019-06-24T16:00:00Z,302.867341518809,21.5017198443866,521.177707806109,5.39509716188834,6,1.88141999405317,1.1071612456187,302.290078447679,0.0352608725119694,1
2019-06-24T17:00:00Z,304.10766231829,21.4621028324605,385.896063399267,6.07392052362765,6,1.7526278624441,1.1034341339141,302.650476128637,-0.0541671192957534,1
2019-06-24T18:00:00Z,303.964634862824,21.3493959573342,235.444195095772,6.58748150313908,6,1.38997380090797,1.09595595922048,302.826446367338,-0.185420660544052,1
2019-06-24T19:00:00Z,304.36407104036,21.2217147600024,75.7366191198353,6.43186841690806,6,0.545918516967054,1.08531225302349,302.607151110584,-0.152210126315123,1
2019-06-24T20:00:00Z,303.857022848954,21.0321779044909,0,6.63996727700203,6,0,1.0723154621177,301.588166331889,0.0323728701839806,1
2019-06-24T21:00:00Z,304.423398485886,20.8083917863459,0,6.97687802121297,6,0,1.05792712737907,300.048875306897,-0.0439360886232451,1
2019-06-24T22:00:00Z,301.954476816934,20.6243074272098,0,7.94840804739689,6,0,1.04317357792198,298.533569474455,0.0408942397891294,1
2019-06-24T23:00:00Z,299.876832613963,20.4029539777455,0,7.69228698581165,6,0,1.02906591852656,296.996039568139,0.176627733380859,1
2019-06-25T00:00:00Z,297.407504775258,20.2269265368433,0,7.23290181511267,6,0,1.01653209159099,295.537031612486,0.198485906498752,1
2019-06-25T01:00:00Z,298.593662189203,20.0596174092509,0,6.30531996074994,6,0,1.00636487399725,294.160441836744,0.413345085028623,1
2019-06-25T02:00:00Z,295.403584196741,19.9551385991507,0,5.79345412172256,6,0,0.999185991196842,292.877789955592,0.470643399595521,1
2019-06-25T03:00:00Z,294.224294416078,19.875606306412,0,5.59212422989841,6,0,0.995423934998381,291.649544505806,0.397499673901577,1
2019-06-25T04:00:00Z,292.19496776643,19.8971083786253,23.9184078177671,5.40414449656092,6,0.17667527406145,0.995301928069266,290.45067828756,0.337074273031315,1
2019-06-25T05:00:00Z,289.559286449261,19.9526814899031,90.9829330295743,4.60420866353565,6,0.646718446781149,0.998832732377788,289.447803141701,0.237266901760609,1
2019-06-25T06:00:00Z,288.745539175609,20.0809728061695,154.468817122308,4.2920090842473,6,1.02132455834682,1.00581831027399,288.94397689924,0.0507405038899312,1
2019-06-25T07:00:00Z,288.374089147138,20.2202616809523,211.878963247911,3.61686976699766,6,1.28323265356491,1.0158542295697,288.815532064788,0.109354769058525,1
2019-06-25T08:00:00Z,288.181836124381,20.3910658678932,260.955252188462,3.69776688425989,6,1.45029620324353,1.02834061872391,288.9530685499,0.10225857126947,1
2019-06-25T09:00:00Z,287.935382563553,20.5677516065577,299.76736119302,3.74280393281859,6,1.54973791089823,1.04250288316767,289.233743274187,0.293926115697581,1
2019-06-25T10:00:00Z,290.510728580611,20.8180527114658,326.788689562128,4.36180451689774,6,1.60384935978637,1.0574257918978,289.587344549647,0.284323016263837,1
2019-06-25T11:00:00Z,291.896068366052,20.9880432142277,340.956404591081,4.59381345957529,6,1.6267243486125,1.07210356952393,289.944234171136,0.277411371939122,1
2019-06-25T12:00:00Z,292.649041994424,21.1972075747962,341.713246078679,5.25400281237001,6,1.6252020438702,1.08550618620659,290.285870221003,0.181948462478017,1
2019-06-25T13:00:00Z,292.050446615656,21.3512636982216,329.029445100378,5.76489205043829,6,1.60005810372658,1.09665844204014,290.566629823391,0.0137246349242054,1
2019-06-25T14:00:00Z,293.124967057498,21.4849939315257,303.40389491248,5.67457217463049,6,1.54612395742606,1.10472448281376,290.770114425814,0.0211948527667093,1
2019-06-25T15:00:00Z,294.779554859469,21.4969916063617,265.844527932064,5.31967154422738,6,1.45119679231645,1.1090872066086,290.907876783117,0.156252204781311,1
2019-06-25T16:00:00Z,292.633596780005,21.4982364015872,217.828670626926,5.57229307255023,6,1.29463744199757,1.109410798878,290.962737768778,0.274791629082329,1
2019-06-25T17:00:00Z,289.673012201183,21.4166441990724,161.244935680766,6.71591820541604,6,1.04899751098369,1.10567611435027,290.845597571533,0.559276686787608,1
2019-06-25T18:00:00Z,289.074008792108,21.3075486418331,98.3189369950761,7.13674821599111,6,0.691864278568759,1.09818274534569,290.41975578779,0.772083077355207,1
2019-06-25T19:00:00Z,289.894129735912,21.1742621587066,31.5257493872629,7.35303064817713,6,0.232269935816392,1.08751741304495,289.63255696717,0.608411181592304,1
2019-06-25T20:00:00Z,288.339929808174,21.0508072074718,0,7.51303891036734,6,0,1.07449421498893,288.40969138604,0.349926742354179,1
2019-06-25T21:00:00Z,287.785360025472,20.8377350645652,0,7.84085307096994,6,0,1.06007664573235,286.994159763249,0.245086422356446,1
2019-06-25T22:00:00Z,284.986079244137,20.6635766466471,0,8.22548333423534,6,0,1.04529311970644,285.615832474969,0.044583810603957,1
2019-06-25T23:00:00Z,282.600510279646,20.4597877298429,0,8.19753402346463,6,0,1.03115679607508,284.276346108432,0.0189194859309459,1
2019-06-26T00:00:00Z,282.885117776502,20.256995011794,0,8.23511549710356,6,0,1.01859750264911,282.995349964387,0.222095733998724,1
2019-06-26T01:00:00Z,281.58021428481,20.1037069192218,0,8.10800022119434,6,0,1.00840962709108,281.765427393572,0.252270967101859,1
2019-06-26T02:00:00Z,280.254320058574,20.0160611022486,0,8.11242776342056,6,0,1.0012161580872,280.58505188987,0.0464090447033517,1
2019-06-26T03:00:00Z,280.066629739835,19.9500050071216,0,8.007831304125,6,0,0.997446458064667,279.441767164399,0.0507181914954111,1
2019-06-26T04:00:00Z,280.088766101015,19.9864146742014,40.2402984751204,6.76056227504059,6,0.295334718570011,0.997324203239334,278.328835461893,-0.294466028861835,1
2019-06-26T05:00:00Z,276.985722680784,20.0762768129556,153.991779691156,5.97082463124661,6,1.00532269419629,1.00086218150953,277.547036993138,-0.588493992471342,1
2019-06-26T06:00:00Z,276.695577254256,20.1888849051828,261.681973677144,5.49939590769219,6,1.41210714548591,1.00786195284827,277.484687007199,-0.978973662489711,1
2019-06-26T07:00:00Z,277.059886464253,20.3211035791521,359.072074966213,5.22562089014823,6,1.59745031030476,1.01791826333366,277.820798256166,-0.771693984180587,1
2019-06-26T08:00:00Z,279.460631772448,20.4948844502803,442.328701163143,5.90124049572788,6,1.67455557774697,1.0304300225932,278.323597053533,-0.560388115817913,1
2019-06-26T09:00:00Z,278.922705898504,20.6590811286665,508.174779126781,5.98318019990105,6,1.70540108529058,1.04462106222058,278.862274369099,-0.325290924092624,1
2019-06-26T10:00:00Z,279.932174014641,20.8689413922695,554.018534203247,6.44772541918859,6,1.71650694422085,1.05957429162721,279.396363090702,-0.125244694148903,1
2019-06-26T11:00:00Z,280.097394857705,21.0780349459025,578.05550535066,6.41567982122603,6,1.7183696566066,1.07428189186737,279.893063005382,-0.143063508759928,1
2019-06-26T12:00:00Z,279.919783853992,21.287297787238,579.339570726952,6.65398711696963,6,1.71473878714692,1.08771174026553,280.357037667767,-0.357996405253413,1
2019-06-26T13:00:00Z,279.831788012858,21.4413094702482,557.820188094847,6.78138986397533,6,1.7059599918752,1.09888665548456,280.775920537213,-0.364485767721776,1
2019-06-26T14:00:00Z,278.947137691885,21.5294384929772,514.34438422037,6.94331104501428,6,1.68925229537407,1.10696908500768,281.152648854804,-0.217339769309988,1
2019-06-26T15:00:00Z,279.620473819874,21.5971570796741,450.623414959964,7.92814860781409,6,1.65614252261355,1.11134067307552,281.483916163006,-0.31407036611517,1
2019-06-26T16:00:00Z,281.326329468212,21.5897515743148,369.165408332142,8.22242450648322,6,1.58459239915902,1.11166492282642,281.720431568246,-0.227516610286747,1
2019-06-26T17:00:00Z,279.482148868414,21.5260236123674,273.176641817096,8.48165866943223,6,1.42079840568503,1.10792265008896,281.865785615819,-0.109198773118278,1
2019-06-26T18:00:00Z,279.58053364634,21.4248170867708,166.435339719217,8.48892233366278,6,1.05681942891848,1.10041405590129,281.840994209396,-0.186438630579651,1
2019-06-26T19:00:00Z,279.963706648081,21.3047818883117,53.1429580683131,8.17394887677781,6,0.386886168235441,1.08972705355643,281.473187062813,-0.124941586981833,1
2019-06-26T20:00:00Z,277.950375988369,21.1137137062727,0,7.94321016413947,6,0,1.07667739469559,280.487971924779,-0.296896654373184,1
2019-06-26T21:00:00Z,276.890926549828,20.9341595553469,0,7.19140992847942,6,0,1.06223053152175,279.175626103388,-0.248991619527592,1
2019-06-26T22:00:00Z,275.701736281799,20.7232907008446,0,6.87817087093919,6,0,1.04741696802001,277.941776318877,-0.291833286188718,1
2019-06-26T23:00:00Z,275.830263788187,20.5205029332746,0,6.17638810221653,6,0,1.03325192191212,276.765108459051,-0.166783919469949,1
2019-06-27T00:00:00Z,272.538412547508,20.2986584865985,0,6.25286863153226,6,0,1.0206671102524,275.646105598306,0.110055721554014,1
2019-06-27T01:00:00Z,270.263398955836,20.1277970821962,0,6.40819236193288,6,0,1.01045853475679,274.564347883237,0.217796508510941,1
2019-06-27T02:00:00Z,270.530475989622,20.0091098660676,0,5.39002717773464,6,0,1.0032504499129,273.514828331349,0.357566871108676,1
2019-06-27T03:00:00Z,268.880891359032,19.9482276235714,0,4.35689336101525,6,0,0.999473090535408,272.496289312594,0.303757970474039,1
2019-06-27T04:00:00Z,271.370155041016,20.0013692462579,35.1611317376767,3.73125853438019,6,0.258402558623506,0.999350587310177,271.495449275438,-0.00593590387887086,1
2019-06-27T05:00:00Z,269.327129644305,20.0542656534913,135.566942603961,3.35862884584486,6,0.898752967145626,1.00289575411825,270.759764269523,-0.11065856835738,1
2019-06-27T06:00:00Z,271.362910694043,20.1518478525195,230.631999410653,3.14956353104458,6,1.28725120514379,1.00990974773806,270.661571118573,-0.066797219781305,1
2019-06-27T07:00:00Z,272.109130912079,20.290152452663,316.611148078793,3.31881110267281,6,1.47717175042303,1.01998649084437,270.940609945808,0.0310353166277463,1
2019-06-27T08:00:00Z,271.537382682936,20.4560385283601,390.117180204402,2.8085265255166,6,1.56195030867342,1.03252367175675,271.391969349004,0.106757778763495,1
2019-06-27T09:00:00Z,273.396763537969,20.664662100255,448.25427449109,2.95586226198334,6,1.59851344688388,1.04674354503377,271.90761548547,0.0631617705311745,1
2019-06-27T10:00:00Z,274.037065079768,20.8734975121183,488.732079645535,2.82058746857825,6,1.61323451100919,1.06172715672309,272.435241515681,0.195512737992997,1
2019-06-27T11:00:00Z,274.885147420379,21.0960612409716,509.955944360792,2.79614461405929,6,1.61718413973421,1.07646464017149,272.953426634025,0.0607623964833261,1
2019-06-27T12:00:00Z,276.821412361308,21.2890457277509,511.08973971442,3.3356020270838,6,1.61446558060406,1.0899217756151,273.451393582439,-0.158105095768394,1
2019-06-27T13:00:00Z,277.617925704154,21.4410610205899,492.088799049331,3.72699683173035,6,1.60543685353554,1.10111939625943,273.917585527232,-0.148822434705997,1
2019-06-27T14:00:00Z,279.001454183195,21.5654083899963,453.701677647838,4.38094151626249,6,1.58696637913057,1.10921824783105,274.348718580013,-0.310491310595538,1
2019-06-27T15:00:00Z,278.567541055387,21.6139751508543,397.440662875305,4.36199998578423,6,1.54988610394366,1.1135987181825,274.733273100298,-0.217975772205435,1
2019-06-27T16:00:00Z,278.102783592933,21.6033711222087,325.522196566825,4.70775077237796,6,1.47170554291592,1.1139236267508,275.070899151567,-0.111877938546706,1
2019-06-27T17:00:00Z,278.415023319077,21.5674755392196,240.779556758467,4.87984831164108,6,1.30176106071063,1.1101737503857,275.31938525633,-0.169917944310394,1
2019-06-27T18:00:00Z,278.423333422148,21.4491497905274,146.551238727054,5.48605701253112,6,0.94892761591241,1.10264990008011,275.39854157019,0.0216226335532247,1
2019-06-27T19:00:00Z,278.648660918341,21.3104512112813,46.5494326451203,5.53584540975879,6,0.339757440324505,1.09194118366149,275.124192050457,-0.0839080886008198,1
2019-06-27T20:00:00Z,278.008530978339,21.1301525961436,0,5.16064837981069,6,0,1.0788650102322,274.264664392251,-0.0268228021992262,1
2019-06-27T21:00:00Z,276.428778395136,20.9346346458748,0,5.34235629233883,6,0,1.06438879362113,273.106226898323,-0.180357709077568,1
2019-06-27T22:00:00Z,273.582427906386,20.7458247454427,0,5.33567012679561,6,0,1.04954513161279,271.982506972706,-0.291794437338497,1
2019-06-27T23:00:00Z,273.08619804233,20.5460296444907,0,5.36251059054176,6,0,1.03535130466943,270.896870494152,-0.263445805297898,1
2019-06-28T00:00:00Z,271.536818406408,20.353545810174,0,5.04019547383119,6,0,1.02274092292748,269.847628495361,-0.222701714017086,1
2019-06-28T01:00:00Z,270.922236847795,20.2001605563449,0,4.2491876950062,6,0,1.01251160543574,268.831341708469,-0.176261090872337,1
2019-06-28T02:00:00Z,269.930754835507,20.0967540535741,0,3.18552507699434,6,0,1.00528887505506,267.838957395134,-0.234402837956937,1
2019-06-28T03:00:00Z,268.52725551466,20.0670255982301,0,3.2579699111444,6,0,1.00150384076018,266.859453788948,-0.390813352417305,1
2019-06-28T04:00:00Z,267.686255269332,20.0598017545146,54.0536514946537,3.27957821335263,6,0.392257004676394,1.00138108863034,265.892426480793,-0.368538809313084,1
2019-06-28T05:00:00Z,268.123105860564,20.151220091868,210.299253149801,2.96710886323093,6,1.19877347306765,1.00493345858211,265.323165825291,-0.517610314732737,1
2019-06-28T06:00:00Z,269.775737552597,20.2418264205842,358.251312736941,1.70392618724683,6,1.48231236187001,1.01196170338013,265.55373099573,-0.6742550666662,1
2019-06-28T07:00:00Z,268.380884007237,20.3879345990621,492.075065691501,1.55289417933649,6,1.55712478893522,1.02205892062278,266.047780595892,-0.643302648251056,1
2019-06-28T08:00:00Z,266.831158317378,20.5520603141574,606.49292349044,1.89303774918522,6,1.57548933907205,1.03462157484024,266.600031348166,-0.591096231527421,1
2019-06-28T09:00:00Z,268.269330679975,20.783679686844,696.992605168544,1.76472848416748,6,1.57915218060208,1.0488703403517,267.152055142475,-0.695884769013841,1
2019-06-28T10:00:00Z,267.48359592412,20.9733429228312,760.005087508197,2.08123175193733,6,1.57865691942831,1.06388439605507,267.685591255039,-0.611332225753974,1
2019-06-28T11:00:00Z,268.416496096546,21.1754721218391,793.045356106037,1.90236035277702,6,1.57679752950753,1.07865182342903,268.195562266403,-0.551120636574875,1
2019-06-28T12:00:00Z,269.480828228408,21.3660815201013,794.810406536465,2.46323174672073,6,1.57432787541483,1.09213630136049,268.681357937567,-0.539760512931435,1
2019-06-28T13:00:00Z,270.117428768194,21.5220084948698,765.23063075391,2.27284654269581,6,1.57129920151342,1.10335667356347,269.141539318046,-0.530268340245966,1
2019-06-28T14:00:00Z,270.887207663552,21.6240027952922,705.47256221553,2.45114285102569,6,1.5671400185732,1.11147198055025,269.581683654191,-0.644412892211154,1
2019-06-28T15:00:00Z,271.053383074599,21.676797698584,617.892871465339,3.38442959712051,6,1.55964554563406,1.11586135123253,270.002804238117,-0.600739209585633,1
2019-06-28T16:00:00Z,271.221743102309,21.6852708121942,505.945426449421,3.63905367644155,6,1.54047995576426,1.11618691995681,270.39890602633,-0.585896408845886,1
2019-06-28T17:00:00Z,273.354238299997,21.6392187433775,374.045082811531,4.53313600052279,6,1.47617270094899,1.11242942451488,270.769681570631,-0.523638282857392,1
2019-06-28T18:00:00Z,273.564338023905,21.5340474643488,227.393575852013,4.87429230898897,6,1.23801578899079,1.10489028709366,271.067534974622,-0.586277395722052,1
2019-06-28T19:00:00Z,273.955341636599,21.4034969849367,71.774380424386,5.48337267541082,6,0.512030258968296,1.09415981248217,271.133056380843,-0.715649166210452,1
2019-06-28T20:00:00Z,273.122858637528,21.2294516800656,0,5.42010967772101,6,0,1.08105707061159,270.485378757363,-0.69636236848182,1
2019-06-28T21:00:00Z,273.114126529481,21.0393995191148,0,5.57522326399356,6,0,1.06655144092235,269.358982447808,-0.797135241470985,1
2019-06-28T22:00:00Z,272.77555659536,20.8393681463627,0,5.56240520711207,6,0,1.05167761925264,268.269495537691,-0.837831018953486,1
2019-06-28T23:00:00Z,270.150421880662,20.5795611089913,0,5.07236774734184,6,0,1.03745495299632,267.218622691548,-0.556175902434548,1
2019-06-29T00:00:00Z,270.174671843054,20.3940786965963,0,5.36650511936865,6,0,1.02481894921832,266.202494013167,-0.435551699728907,1
2019-06-29T01:00:00Z,271.284498402332,20.2383800307326,0,5.29517579312507,6,0,1.01456884758642,265.220635141273,-0.364116090585497,1
2019-06-29T02:00:00Z,268.547035376175,20.1312064977723,0,4.46911275560674,6,0,1.00733144191184,264.266247212051,-0.194726985065563,1
2019-06-29T03:00:00Z,265.340316995833,20.0652480345665,0,4.52679192822916,6,0,1.00353871710551,263.322317054252,-0.266057596097814,1
2019-06-29T04:00:00Z,264.404042612953,20.065984534507,36.3872178648362,3.89654428619527,6,0.266847501471634,1.00341571556535,262.393585034285,-0.178721044576061,1
2019-06-29T05:00:00Z,266.143918933007,20.1380236623921,143.079211844425,2.43205415520442,6,0.919091281404573,1.00697530329631,261.728312036406,-0.310534783603436,1
2019-06-29T06:00:00Z,265.898482290153,20.2649924648128,244.121781363105,2.11238271254464,6,1.27040796808055,1.01401782822837,261.692211275581,-0.39837518121999,1
2019-06-29T07:00:00Z,264.198477054082,20.3947701122627,335.525301677538,1.59248831954199,6,1.4196868197116,1.02413556120714,261.993594374216,-0.446917121245927,1
2019-06-29T08:00:00Z,265.346998394564,20.5566333910098,413.680741980097,1.4106507306749,6,1.47864014325286,1.03672374048687,262.424439997611,-0.237923788515932,1
2019-06-29T09:00:00Z,264.142800706432,20.7275300989394,475.502166511795,1.2550405708193,6,1.50182502679546,1.05100145693663,262.894363784476,0.100387835529497,1
2019-06-29T10:00:00Z,263.634875270371,20.9258280389424,518.548581480065,0.5,6,1.51066275616247,1.06604601851082,263.365911304537,0.135003887485922,1
2019-06-29T11:00:00Z,263.90765753506,21.1034023327847,541.120316705423,0.539110224016107,6,1.51310171468511,1.08084345065104,263.82310521266,0.136304911329705,1
2019-06-29T12:00:00Z,266.034451943694,21.3417387748585,542.326136406909,1.34617477978787,6,1.51183877623651,1.09435532662537,264.262154611259,0.0602621496916785,1
2019-06-29T13:00:00Z,265.79037817941,21.4704464198661,522.118429284256,1.05147220162665,6,1.50704804212516,1.10559849661409,264.681227243721,0.098425036458427,1
2019-06-29T14:00:00Z,263.928398544059,21.5748559339147,481.295088430708,2.12892031676078,6,1.49654372899025,1.1137302924505,265.079171522022,0.100107866853816,1
2019-06-29T15:00:00Z,266.960478372039,21.6538286999947,421.468006848898,3.19998909745279,6,1.47354865942017,1.11812858154746,265.452708613693,-0.00659793885211209,1
2019-06-29T16:00:00Z,266.795090858501,21.6468455805298,344.999432511513,3.15469767897043,6,1.41956159730314,1.11845481176906,265.79192775618,0.0158117914159395,1
2019-06-29T17:00:00Z,267.632623551751,21.6101458253826,254.908695961286,4.4391223367888,6,1.28637279978362,1.1146896817697,266.074777136026,0.0381823030384982,1
2019-06-29T18:00:00Z,267.474196304021,21.4903687016863,154.752993273087,4.16283219177216,6,0.969107733063697,1.10713522617217,266.222439181744,0.0934442756714484,1
2019-06-29T19:00:00Z,266.813498904411,21.3667172403007,48.4869316143159,4.33940254464413,6,0.352642343291855,1.09638294915906,266.066015202345,0.0185177932559103,1
2019-06-29T20:00:00Z,265.17399834225,21.1887438072008,0,4.18375286535197,6,0,1.08325358486487,265.31320371622,-0.0912995345421185,1
2019-06-29T21:00:00Z,265.035824582759,21.0047534817778,0,4.63466047809963,6,0,1.06871848233536,264.236210230694,-0.322496084962367,1
2019-06-29T22:00:00Z,265.332619630375,20.8249543284872,0,3.90238070933031,6,0,1.05381443972525,263.193362602364,-0.428640446990618,1
2019-06-29T23:00:00Z,263.181986038874,20.6257070189253,0,3.44592575648468,6,0,1.03956287555965,262.177711619242,-0.27819390933697,1
2019-06-30T00:00:00Z,263.404579364383,20.3968183214246,0,2.49817291912433,6,0,1.02690119768622,261.186643335165,-0.143954530508715,1
2019-06-30T01:00:00Z,263.276191621694,20.2458992289318,0,2.52172180422953,6,0,1.01663026968452,260.209436467494,-0.0653138392354914,1
2019-06-30T02:00:00Z,260.503470356771,20.1127110795206,0,2.40135405465992,6,0,1.00937815889848,259.252340076549,0.135590334034341,1
2019-06-30T03:00:00Z,258.560636028444,20.0878471674018,0,1.98424400547762,6,0,1.00557772795496,258.308927576005,0.102828978562333,1
2019-06-30T04:00:00Z,258.6520432692,20.0935659455622,49.9665349352756,1.32014324945434,6,0.36290687702464,1.0054544764977,257.369556300054,-0.118946856288563,1
2019-06-30T05:00:00Z,256.777364057332,20.1117206419614,198.905494380444,0.658427717792803,6,1.13366190034619,1.00902129667309,256.788325812516,-0.0225401013439316,1
2019-06-30T06:00:00Z,257.547274504754,20.2337300363813,339.979951275072,0.544114827714414,6,1.40405632969602,1.01607813075386,256.968116346634,-0.199519214604192,1
2019-06-30T07:00:00Z,258.170731707167,20.4241843537618,467.611978123896,0.5,6,1.47620240118365,1.02621642115306,257.407389551673,-0.323041074987241,1
2019-06-30T08:00:00Z,258.570526807683,20.6068632701887,576.755146200501,0.82134024394568,6,1.49519626384604,1.03883017735742,257.903835243068,-0.408209307554757,1
2019-06-30T09:00:00Z,257.899825253323,20.7592819710193,663.094055739857,0.5,6,1.50042536011908,1.05313690356858,258.40295916989,-0.139688260248075,1
2019-06-30T10:00:00Z,257.38027952827,20.9742911758169,723.21496205684,0.683234579849298,6,1.50177289502613,1.06821203299606,258.885510250788,-0.11050647973805,1
2019-06-30T11:00:00Z,257.695793215409,21.2003340264199,754.740751223335,0.747016647587333,6,1.50184729038406,1.08303953086684,259.349046072922,-0.17322160784664,1
2019-06-30T12:00:00Z,257.964137729077,21.3889782372242,756.424928515401,1.02722694140127,6,1.50134677392826,1.09657886055196,259.792154299015,-0.25878466252621,1
2019-06-30T13:00:00Z,260.061683357778,21.5394726622495,728.200903431604,1.4262425441986,6,1.50030435042722,1.10784487464745,260.216559368484,-0.444094768345072,1
2019-06-30T14:00:00Z,261.198482535668,21.6979592249678,671.184622607553,2.10261563245565,6,1.49814131819699,1.11599319283585,260.624769744318,-0.683979848348355,1
2019-06-30T15:00:00Z,261.738957892735,21.7599907581108,587.630446524137,2.17516492123527,6,1.49264750490394,1.12040041846814,261.020077590005,-0.839577872197537,1
2019-06-30T16:00:00Z,264.912906835878,21.7682809449101,480.842014595457,2.16135989542867,6,1.47549210883733,1.12072731153109,261.40207092973,-0.712377545128872,1
2019-06-30T17:00:00Z,263.047272390893,21.6918949602257,355.041622931971,2.84723524417891,6,1.41343461013337,1.11695453146224,261.7644625332,-0.526290858155882,1
2019-06-30T18:00:00Z,262.301614575464,21.6172806609691,215.20327943717,3.95543029669002,6,1.18041874355699,1.10938472656462,262.069316773058,-0.711984502372794,1
2019-06-30T19:00:00Z,263.591054722942,21.4388414093129,66.8560370540303,4.38453863047949,6,0.478046066601582,1.09861060285131,262.153520184571,-0.684697840427048,1
2019-06-30T20:00:00Z,264.761777068884,21.2914227452918,0,4.58285334246351,6,0,1.08545456204152,261.555718269256,-0.720073344822602,1
2019-06-30T21:00:00Z,261.340380729172,21.0879744608811,0,4.56337501666862,6,0,1.07088992678821,260.509387615003,-0.651736353395254,1
2019-06-30T22:00:00Z,261.464358162573,20.8745708625488,0,4.39841009104302,6,0,1.05595560183417,259.495717456682,-0.646110275453162,1
2019-06-30T23:00:00Z,259.708140044218,20.6448382809326,0,3.29955949419563,6,0,1.04167508104392,258.512555006565,-0.525225319850601,1
2019-07-01T00:00:00Z,257.707360056447,20.4500976152306,0,3.23187789657714,6,0,1.02898767690989,257.541139141001,-0.282274825585037,1
2019-07-01T01:00:00Z,258.384563957421,20.2664902880021,0,2.6561494739842,6,0,1.01869588022293,256.593590843931,-0.118853709696475,1
2019-07-01T02:00:00Z,255.425561252748,20.1659615319728,0,2.4140371764715,6,0,1.01142903444727,255.655996251805,-0.0371484610417028,1
2019-07-01T03:00:00Z,254.359454517878,20.1082926645821,0,2.68853398857923,6,0,1.00762088170908,254.729264815426,-0.0356444555499403,1
2019-07-01T04:00:00Z,255.206037990225,20.1172570611365,45.5718930194031,2.27792797877198,6,0.332019952985677,1.00749737982695,253.818606206728,-0.0340675880628541,1
2019-07-01T05:00:00Z,255.026030554732,20.2022832799822,183.978505300998,2.236381898679,6,1.08086342579309,1.01107144714179,253.235600539774,-0.179061505550661,1
2019-07-01T06:00:00Z,254.619666841986,20.2952200665391,315.099615920863,1.71760207198247,6,1.37271595567939,1.01814261944491,253.396963059737,-0.2610773902295,1
2019-07-01T07:00:00Z,253.983111607462,20.4373447579604,433.742862500873,2.20365093573138,6,1.46011355438026,1.02830150903352,253.829828604585,-0.290348041769983,1
2019-07-01T08:00:00Z,252.974293571909,20.6286993470667,535.210002881175,2.77574914129302,6,1.48618318629782,1.04094089413023,254.342292400952,-0.264117189821135,1
2019-07-01T09:00:00Z,252.020568440687,20.8118172889655,615.482964305704,3.14751860123316,6,1.49482582631532,1.05527668904543,254.870877872436,-0.0893721111273899,1
2019-07-01T10:00:00Z,252.724040721235,20.9928761058184,671.382958073609,3.61375370386745,6,1.49814912481449,1.0703824484346,255.391286492525,0.148932515078185,1
2019-07-01T11:00:00Z,252.958103151523,21.2046794043256,700.696358757177,3.93819574852013,6,1.49959280767048,1.08524007312412,255.897735620064,-0.0222317641982685,1
2019-07-01T12:00:00Z,253.258929200706,21.4143525794834,702.262363201488,4.35817195952479,6,1.50012319121234,1.09880691230106,256.384972048111,-0.158691326806884,1
2019-07-01T13:00:00Z,255.799882805489,21.5898528382893,676.018958031867,4.86752247074044,6,1.49977498674563,1.11009581691843,256.854320440148,-0.392212160658863,1
2019-07-01T14:00:00Z,255.81087012434,21.6874538642231,623.00537536763,5.10179905037563,6,1.49770431157005,1.11826069102931,257.308246270223,-0.32499205670171,1
2019-07-01T15:00:00Z,257.052290085353,21.7618997488825,545.320939496486,5.16895788798311,6,1.49086202125946,1.12267687135435,257.745202782107,-0.32379192571334,1
2019-07-01T16:00:00Z,258.262674893655,21.7577536072017,446.041934170733,5.31622176809819,6,1.46858943682135,1.12300442860542,258.164312312702,-0.200908224828223,1
2019-07-01T17:00:00Z,256.583145678399,21.6608514128968,329.099782559031,5.76376054660073,6,1.39236529087957,1.11922398292352,258.557831025886,-0.0598098395786599,1
2019-07-01T18:00:00Z,254.201957312566,21.5826234662933,199.125363896426,5.73620305398487,6,1.13411000437067,1.11163879753877,258.882100769715,-0.143550563023508,1
2019-07-01T19:00:00Z,255.819532713693,21.4259680009472,61.2656318533987,4.97055742939465,6,0.44063680598913,1.10084278273669,258.958758826316,-0.182804762984797,1
2019-07-01T20:00:00Z,253.325780900818,21.265164436672,0,5.27003680423986,6,0,1.08766001120941,258.354261884201,-0.286620479841919,1
2019-07-01T21:00:00Z,254.780846649485,21.0655097199757,0,5.24235801512653,6,0,1.07306578322709,257.343376482893,-0.27567461495321,1
2019-07-01T22:00:00Z,254.407098933942,20.876830199222,0,4.73016184783197,6,0,1.05810111440082,256.367197659956,-0.435205269888418,1
2019-07-01T23:00:00Z,254.046206679285,20.7009852126406,0,4.33644248356825,6,0,1.04379157815124,255.41455721234,-0.499322081951916,1
2019-07-02T00:00:00Z,252.98510342512,20.4708861358265,0,4.15535638467541,6,0,1.03107839548546,254.484004491571,-0.268397551436479,1
2019-07-02T01:00:00Z,253.699333859823,20.3297237700952,0,4.45359021502164,6,0,1.02076568771182,253.576407354374,-0.20804286080724,1
2019-07-02T02:00:00Z,252.832449967685,20.2266095696552,0,4.46590308096832,6,0,1.01348407700769,252.701396353032,-0.2077427064193,1
2019-07-02T03:00:00Z,252.579700793094,20.1635114781118,0,3.76213544527285,6,0,1.00966818678551,251.845946801297,-0.188811376111297,1
2019-07-02T04:00:00Z,250.048614388338,20.1738411064285,47.2388723594772,4.41219354285487,6,0.343873683489793,1.00954443396969,250.979861553283,-0.278434255967553,1
2019-07-02T05:00:00Z,251.51624733804,20.1975242292082,193.766793006168,4.58724285092194,6,1.11996210839367,1.01312576314888,250.485957529898,-0.112907959156412,1
2019-07-02T06:00:00Z,251.599500427572,20.3020419773165,332.608538266913,4.48108197802371,6,1.40512222374117,1.02021130280704,250.770205280511,-0.108800393863997,1
2019-07-02T07:00:00Z,250.562470886505,20.4409307863696,458.256652563753,4.41853895596117,6,1.4859381278015,1.03039083343892,251.320713844498,-0.0524705596795035,1
2019-07-02T08:00:00Z,253.395903477113,20.5873721001311,565.727033985233,4.08442875860107,6,1.50955963785834,1.0430558995013,251.928628005196,0.137542444666386,1
2019-07-02T09:00:00Z,254.814604157718,20.8117313846813,650.756639377339,4.30507704363882,6,1.5178140694966,1.05742082218295,252.524939146381,0.197408981966438,1
2019-07-02T10:00:00Z,253.610956948354,21.0093468907928,709.972587092489,4.66772224613872,6,1.52158585571839,1.0725572737684,253.108375841444,0.217803682254345,1
2019-07-02T11:00:00Z,251.801278705626,21.2338572103244,741.025949573372,4.77165324733299,6,1.52383283614033,1.08744508648896,253.675892635032,0.0340815959310519,1
2019-07-02T12:00:00Z,252.270800239538,21.4625730694182,742.684928601892,5.193499395854,6,1.52535814158304,1.10103949105207,254.218890302414,-0.332682726712569,1
2019-07-02T13:00:00Z,253.756480853848,21.6292202815628,714.883717217129,5.09012305308775,6,1.526180407604,1.11235133270077,254.744944258189,-0.549966528543377,1
2019-07-02T14:00:00Z,254.396641036402,21.7360387222393,658.725110089573,5.88462100394664,6,1.52556653480324,1.12053279637277,255.24568997088,-0.551172134151587,1
2019-07-02T15:00:00Z,256.442351425964,21.7967667881979,576.436758805526,6.11556989984417,6,1.52080631520333,1.1249579495849,255.740545173171,-0.617684872803772,1
2019-07-02T16:00:00Z,256.488265355185,21.8027876566152,471.282807289635,5.57767711319402,6,1.50204645573874,1.12528617237362,256.220694946515,-0.420275468435107,1
2019-07-02T17:00:00Z,255.420779897612,21.7184368021561,347.434412536024,5.59687401399782,6,1.43186187206545,1.1214980455035,256.667841151363,-0.222793146054908,1
2019-07-02T18:00:00Z,256.482135639242,21.6093421057534,209.804286720888,5.855159893752,6,1.17795062267641,1.11389744838125,257.046945504913,-0.138921328733259,1
2019-07-02T19:00:00Z,255.874717906504,21.4772889633615,63.8518239385062,6.1594438332448,6,0.458678687137642,1.10307949801162,257.186031611963,-0.174788994268403,1
2019-07-02T20:00:00Z,254.341221382162,21.3151943220636,0,5.60659891612498,6,0,1.0898699414548,256.632335527119,-0.394511964617336,1
2019-07-02T21:00:00Z,255.180176004216,21.1111379825106,0,5.48938953309527,6,0,1.07524606061637,255.642089828078,-0.476525206343155,1
2019-07-02T22:00:00Z,253.659051046218,20.9128269079639,0,5.21109041131043,6,0,1.06025098626455,254.685460352686,-0.521733135314968,1
2019-07-02T23:00:00Z,253.205374307681,20.691566089182,0,4.69510348756857,6,0,1.04591237560144,253.757366643849,-0.358657490341646,1
2019-07-03T00:00:00Z,250.55123288374,20.4729574492182,0,3.92472812727466,6,0,1.03317336202655,252.847457319596,-0.0744467460718339,1
2019-07-03T01:00:00Z,248.655100268384,20.3219949836434,0,2.95800983121061,6,0,1.02283970067864,251.942986817941,0.101103972088778,1
2019-07-03T02:00:00Z,248.756558966424,20.2314935769557,0,2.67353149946449,6,0,1.01554329504635,251.033584598575,0.0240989358248567,1
2019-07-03T03:00:00Z,247.221406751485,20.1465571231629,0,1.82982620662127,6,0,1.01171965161901,250.132535627425,0.20471470793112,1
2019-07-03T04:00:00Z,248.231898972541,20.1519584710961,31.7140691353774,1.17708499092755,6,0.233177332586641,1.01159564735963,249.221541824132,0.228520253060556,1
2019-07-03T05:00:00Z,248.621381673943,20.2160417173324,132.434676466004,1.26307743827845,6,0.869336279863768,1.01518425315799,248.535327192844,0.142519097007481,1
2019-07-03T06:00:00Z,249.057011619693,20.3426647293549,227.892186230638,0.86676584601695,6,1.23938604326241,1.02228418936307,248.483727348309,-0.180484738625039,1
2019-07-03T07:00:00Z,247.349539227694,20.4934996398662,314.293013541208,0.922304516192421,6,1.41248688266783,1.03248440297713,248.786700412327,-0.257573001245239,1
2019-07-03T08:00:00Z,247.908605371041,20.6625777912249,388.203495885352,1.37633836694504,6,1.4887341954989,1.0451752021843,249.248923794429,-0.16548292651046,1
2019-07-03T09:00:00Z,248.785638979109,20.8500629804308,446.686350595818,1.56566214614855,6,1.52327780199265,1.05956931181479,249.775387478652,0.0235572114024167,1
2019-07-03T10:00:00Z,248.810823802175,21.0893070783143,487.417405646874,1.79111683257502,6,1.53980513555813,1.07473651795758,250.318187160442,-0.0838310497487049,1
2019-07-03T11:00:00Z,251.320208171098,21.2450695528371,508.777964769387,1.80903142803049,6,1.54769831768147,1.08965458004584,250.85857154947,0.248697915138653,1
2019-07-03T12:00:00Z,250.123475899992,21.4671066605553,509.919136194781,1.83161127092502,6,1.55022389550637,1.10327660600305,251.384854576268,-0.190763352541644,1
2019-07-03T13:00:00Z,250.680424494606,21.6324535856357,490.795568533891,1.86477697572034,6,1.54742139030731,1.11461143128701,251.893486889417,-0.332331796072396,1
2019-07-03T14:00:00Z,252.972930446175,21.7536058889911,452.167253090316,2.4442021827832,6,1.53615706731979,1.12280951822716,252.382327522136,-0.408389110839642,1
2019-07-03T15:00:00Z,254.969641612583,21.814821059187,395.56932098239,2.06384200804909,6,1.50742411979975,1.12724366255768,252.853591003186,-0.432177144602084,1
2019-07-03T16:00:00Z,257.669251535883,21.8215867528434,323.251035368875,2.64455118666187,6,1.43866776444204,1.12757255223628,253.283217514679,-0.335289016206489,1
2019-07-03T17:00:00Z,258.700106213559,21.730767894647,238.086403293439,2.47733240190759,6,1.27771029932337,1.12377672857116,253.648074522418,-0.102391277504545,1
2019-07-03T18:00:00Z,258.171777369127,21.6468312357061,143.4599595301,2.82001934166983,6,0.928723156541234,1.1161606883975,253.853494273139,-0.128076769625226,1
2019-07-03T19:00:00Z,258.469133573082,21.5118461923189,43.1322615033873,3.52745163778914,6,0.315322550268013,1.10532075789119,253.724355699098,-0.381445899881169,1
2019-07-03T20:00:00Z,258.690777122121,21.3471342656652,0,3.79076714291549,6,0,1.09208436188247,253.010701065975,-0.42987471732701,1
2019-07-03T21:00:00Z,257.141460646858,21.1483249468027,0,3.60807467032519,6,0,1.07743076793861,252.012597964538,-0.494940835830361,1
2019-07-03T22:00:00Z,254.63910211155,20.9542377158987,0,3.58286241753422,6,0,1.06240522628267,251.039550454156,-0.49460541303844,1
2019-07-03T23:00:00Z,252.108975555517,20.7390377483983,0,2.63270706512043,6,0,1.04803748213202,250.09504035447,-0.315929986568734,1
2019-07-04T00:00:00Z,248.62953173957,20.5431361929956,0,2.11505055138667,6,0,1.03527258516425,249.153026600054,-0.15434787299375,1
2019-07-04T01:00:00Z,246.199167517651,20.3610674811638,0,1.68475539322324,6,0,1.02491792766817,248.221484672814,0.0955300776495173,1
2019-07-04T02:00:00Z,245.093535963794,20.2600457869946,0,0.5,6,0,1.01760669704707,247.298913715301,-0.0713532441117241,1
2019-07-04T03:00:00Z,244.317151771979,20.2241311424685,0,0.694057180900028,6,0,1.01377528466144,246.37112109799,-0.231632880262397,1
2019-07-04T04:00:00Z,244.420683236315,20.2330185231961,40.8480355854961,0.562973687039069,6,0.299143492624159,1.01365102844764,245.45386809714,-0.296066629781954,1
2019-07-04T05:00:00Z,244.199101821732,20.2776862119364,174.025565130975,0.789471176577495,6,1.07285885311034,1.01724692564993,244.837383173284,-0.458222650221305,1
2019-07-04T06:00:00Z,242.401919338859,20.4095028734584,300.273126681003,0.622122840798737,6,1.42888608239736,1.02436128765315,244.993964780115,-0.395530387373607,1
2019-07-04T07:00:00Z,244.040326811976,20.5383187744631,414.563346467895,0.761292899845829,6,1.55698933545126,1.0345822262735,245.494185067409,-0.465199743175318,1
2019-07-04T08:00:00Z,242.824902544188,20.7028863174322,512.345010624195,1.59560034959032,6,1.60289413626586,1.0472988109106,246.109098243109,-0.244291185247398,1
2019-07-04T09:00:00Z,242.77579183068,20.917880070905,589.72430157985,1.6993867150949,6,1.62158468654383,1.06172216679258,246.76466591766,-0.193509978801065,1
2019-07-04T10:00:00Z,244.959551227878,21.1260441860784,643.619855918917,2.01853320045127,6,1.63081318996751,1.07692018998044,247.419028711602,-0.266645474542942,1
2019-07-04T11:00:00Z,246.583802449988,21.3387899379553,671.885469051364,2.51338105409499,6,1.63626606137736,1.09186856289771,248.065640568703,-0.35038164657885,1
2019-07-04T12:00:00Z,245.922769517341,21.5214703733927,673.395560409577,2.99301237310392,6,1.63965989364389,1.10551826637073,248.704326511224,-0.463151545746374,1
2019-07-04T13:00:00Z,247.723792730194,21.6899675445824,648.089995812839,3.61766365922975,6,1.64099762159607,1.11687612198859,249.334023903215,-0.722596666758715,1
2019-07-04T14:00:00Z,248.55731900447,21.8169931337191,596.976482103708,3.87503799544385,6,1.63858668276529,1.1250908659724,249.958390512673,-0.828715952218642,1
2019-07-04T15:00:00Z,249.347116596752,21.8916067678342,522.090438698135,4.09388052135044,6,1.62687963210801,1.12953401968964,250.569249293753,-0.862968477212648,1
2019-07-04T16:00:00Z,249.032461112112,21.8650692447483,426.41394402647,3.92320696557558,6,1.58883285635942,1.12986357761314,251.161589699945,-0.532958048092484,1
2019-07-04T17:00:00Z,249.821584385057,21.7797224602451,313.756984543821,4.06121547470427,6,1.47262102281619,1.1260600415145,251.707343970519,-0.245265267216413,1
2019-07-04T18:00:00Z,251.491838486146,21.6756237595956,188.605735158412,4.08989716331565,6,1.14199047437921,1.11842852691192,252.141315552245,-0.25311067154222,1
2019-07-04T19:00:00Z,252.487509348397,21.5320786747211,55.9439127866545,3.96408168541768,6,0.406160132656694,1.10756657160922,252.254446549842,-0.18267220085752,1
2019-07-04T20:00:00Z,251.274462488275,21.3557032511529,0,4.20609309336891,6,0,1.09430328161563,251.647347658009,-0.299782485560846,1
2019-07-04T21:00:00Z,248.923566122603,21.1894576785284,0,4.24666531413853,6,0,1.07961991419466,250.666173112503,-0.520562183977338,1
2019-07-04T22:00:00Z,248.597099058772,20.9612079605207,0,3.60236041559147,6,0,1.0645638433305,249.716841528935,-0.475035669341653,1
2019-07-04T23:00:00Z,247.132059189958,20.7834935915229,0,3.17409354059428,6,0,1.05016690649828,248.779145342073,-0.414078437824472,1
2019-07-05T00:00:00Z,247.377478239474,20.5290221215224,0,2.97730795023083,6,0,1.03737607354721,247.856444310248,-0.137242178576155,1
2019-07-05T01:00:00Z,251.351044508811,20.4086137685381,0,2.77355398341719,6,0,1.02700037724254,246.951986249864,-0.00659183921186471,1
2019-07-05T02:00:00Z,248.986929831859,20.2617274087721,0,2.44854663020985,6,0,1.01967429151092,246.061356619544,0.196834844937143,1
2019-07-05T03:00:00Z,246.249706482557,20.2380646764865,0,1.8271500304138,6,0,1.01583509438187,245.176006399637,0.0666833935119034,1
2019-07-05T04:00:00Z,245.940282460054,20.2215894818027,17.6122174631485,2.22128467293614,6,0.130220912979052,1.0157105857017,244.283001459123,-0.0579384335825892,1
2019-07-05T05:00:00Z,244.461225032591,20.2963207121605,76.7261435285277,2.13000523337256,6,0.548367408579526,1.01931378912276,243.535528407729,-0.16890442545718,1
2019-07-05T06:00:00Z,242.808566535589,20.4092953326995,132.778041436893,1.65846215671024,6,0.888277211986711,1.02644260623475,243.201468662745,-0.214412907000854,1
2019-07-05T07:00:00Z,241.960972403496,20.5382574836634,183.530961932667,2.07771263188591,6,1.13267026448431,1.0366843119709,243.185893399842,-0.158638826869135,1
2019-07-05T08:00:00Z,243.390880451618,20.71267298223,226.959430197726,1.87207172258304,6,1.29436562447483,1.0494267344293,243.411813351999,-0.0497003081420886,1
2019-07-05T09:00:00Z,241.79637734615,20.9148359134381,261.330279588628,2.66951378750945,6,1.39527268722237,1.06387939598592,243.775610086397,0.0532708124014053,1
2019-07-05T10:00:00Z,240.532735850076,21.1051478204457,285.271819782162,2.82963695563064,6,1.45396703800246,1.07910829883357,244.240800255464,0.256189958993109,1
2019-07-05T11:00:00Z,240.571203166928,21.2875377584858,297.828578929704,2.61264084451862,6,1.48231239952726,1.09408704416601,244.745539345379,0.292132236272225,1
2019-07-05T12:00:00Z,242.109135490429,21.4949795043456,298.499435141084,3.11424062566011,6,1.4858173784637,1.10776448139061,245.248975880339,0.0760657432220033,1
2019-07-05T13:00:00Z,244.668220979749,21.6545060244868,287.2576155262,3.98563553734399,6,1.46440124747069,1.11914541413587,245.747283279606,0.112904410760565,1
2019-07-05T14:00:00Z,245.663503290851,21.7789976890866,264.551764661904,3.98587022357252,6,1.41242300259961,1.12737684900745,246.229398238987,0.07212334469771,1
2019-07-05T15:00:00Z,247.129469443468,21.8330672139479,231.288039843195,3.89231775410889,6,1.31799940749964,1.13182903041688,246.643644105498,0.0469349465409937,1
2019-07-05T16:00:00Z,245.474758673359,21.79969447827,188.793947671054,4.3397761738043,6,1.1627690206741,1.13215925794303,246.951331718251,0.197126782404053,1
2019-07-05T17:00:00Z,246.36113581155,21.7469798137815,138.765365205814,3.82294820433989,6,0.925241013891497,1.12834799374059,247.11381260132,0.305818604426091,1
2019-07-05T18:00:00Z,247.889204125885,21.6285038402119,83.1988599943269,3.89900730351776,6,0.592480444306885,1.12070097326783,247.029737118537,0.373681753499973,1
2019-07-05T19:00:00Z,246.038914813055,21.5264340793863,24.3120099796452,3.78138230468578,6,0.179488831403794,1.10981694841831,246.628080609546,0.214212856385058,1
2019-07-05T20:00:00Z,244.572851815658,21.3520105996833,0,4.09558643532497,6,0,1.09652670979609,245.830610217029,0.0122816094394808,1
2019-07-05T21:00:00Z,243.657317363595,21.1549490512948,0,3.23399531374584,6,0,1.08181350840362,244.890391230222,0.0722987364558512,1
2019-07-05T22:00:00Z,244.350311986944,20.9473950144145,0,2.44462055899487,6,0,1.06672684630136,243.949844801033,0.134145253204914,1
2019-07-05T23:00:00Z,244.404844763323,20.7464664888639,0,2.13090560860696,6,0,1.05230065747328,243.011820663481,0.0567458640025705,1
2019-07-06T00:00:00Z,243.743827936448,20.5595248991243,0,1.49016501130947,6,0,1.03948383584164,242.089224607669,0.0432758513550551,1
2019-07-06T01:00:00Z,240.653946680543,20.3910138473225,0,1.35836132095677,6,0,1.0290870579813,241.171215608094,0.339127463825013,1
2019-07-06T02:00:00Z,240.847850619809,20.247423584763,0,0.928075864913522,6,0,1.02174608695623,240.267575772082,0.572270319438958,1
2019-07-06T03:00:00Z,239.070168355946,20.2475547099669,0,0.5,6,0,1.01789908926655,239.367995488756,0.384000581139654,1
2019-07-06T04:00:00Z,238.948977286699,20.2269212131477,43.1856936164597,0.741197525852899,6,0.316642725963257,1.01777432760706,238.470005058797,0.0851893544535566,1
2019-07-06T05:00:00Z,236.136908279757,20.3081498600162,192.858244123549,0.5,6,1.1924002411846,1.02138485209182,237.895305350927,0.266245199070641,1
2019-07-06T06:00:00Z,236.93711397459,20.400892945622,334.816073343252,0.542118581748671,6,1.59690778587343,1.02852815368277,238.188917814395,0.205668877428665,1
2019-07-06T07:00:00Z,236.450445460551,20.5339999060108,463.380579917513,0.576996928636645,6,1.74291183092982,1.03879066872976,238.876841930584,0.226512352357259,1
2019-07-06T08:00:00Z,238.839850569835,20.7162731977177,573.40892258394,0.5,6,1.7958550917184,1.05155898150729,239.695501230842,0.2952612373602,1
2019-07-06T09:00:00Z,239.203715505365,20.8922610444972,660.499744266812,0.5,6,1.81806433923008,1.06604100828243,240.546974810409,0.524684754726087,1
2019-07-06T10:00:00Z,239.458137410021,21.1274489225093,721.169235295321,0.5,6,1.82959836777797,1.0813008535318,241.399292574691,0.503576397555954,1
2019-07-06T11:00:00Z,242.897450050606,21.320216358311,752.990492862901,0.5,6,1.83686279608713,1.09631003299072,242.240834646952,0.608918721661119,1
2019-07-06T12:00:00Z,243.912644338717,21.5045763513662,754.690602066362,1.27499536023965,6,1.8417795062885,1.1100152603169,243.067701736584,0.457443038916556,1
2019-07-06T13:00:00Z,245.871221040852,21.6506627863872,726.201555086167,1.40136862531073,6,1.84432613126239,1.12141931707816,243.888877074044,0.402200897216372,1
2019-07-06T14:00:00Z,243.684314287518,21.7814885272169,668.662971637272,2.32357925718457,6,1.84252982460765,1.12966747675041,244.696461039566,0.220639374615461,1
2019-07-06T15:00:00Z,247.01138997017,21.8256724896405,584.376511866989,2.83382090401626,6,1.82995283510986,1.13412870419468,245.504749417986,0.268062641295769,1
2019-07-06T16:00:00Z,246.540478313376,21.8063357739842,476.713805276473,2.93966199376407,6,1.78684710496643,1.13445960268399,246.300984244318,0.486917296172445,1
2019-07-06T17:00:00Z,248.249781981306,21.7584630058153,349.981578695921,3.82410360306612,6,1.65339814074296,1.13064059467563,247.051193693551,0.532559646225164,1
2019-07-06T18:00:00Z,246.951183144636,21.6598336970014,209.249378468254,4.35952387225551,6,1.27398440632283,1.12297803682753,247.68989077983,0.697292254384991,1
2019-07-06T19:00:00Z,246.554104608692,21.4705763723418,60.1467783036928,3.94099846799462,6,0.437469548606774,1.11207189758982,247.971384304527,0.946519746730337,1
2019-07-06T20:00:00Z,248.270015270243,21.3037868408288,0,4.32588001517167,6,0,1.0987546555842,247.421885058774,0.909220841790199,1
2019-07-06T21:00:00Z,248.543805908478,21.1327980352196,0,4.80388431823694,6,0,1.08401155960295,246.472789614046,0.724173514103648,1
2019-07-06T22:00:00Z,245.931936023217,20.9256429356773,0,4.50617300910754,6,0,1.06889424410667,245.572335934937,0.633152955412952,1
2019-07-06T23:00:00Z,245.459470138701,20.7337452696995,0,3.97011128156465,6,0,1.05443874384792,244.69214607813,0.550039745829363,1
2019-07-07T00:00:00Z,247.955405255777,20.5129082452234,0,3.97117035347167,6,0,1.04159588073136,243.819682677618,0.829012498437635,1
2019-07-07T01:00:00Z,243.809342223299,20.4064470104881,0,4.23612833660886,6,0,1.0311779784814,242.973389036869,0.485449514919482,1
2019-07-07T02:00:00Z,243.826048825491,20.2899073110291,0,3.61220648308234,6,0,1.02382209191863,242.161814365994,0.481880466705829,1
2019-07-07T03:00:00Z,240.037142637337,20.2432793859802,0,3.38582214253194,6,0,1.019967277819,241.338406363339,0.413748547608181,1
2019-07-07T04:00:00Z,239.344172945509,20.2477187812462,16.6163413084163,3.77303178765238,6,0.122930854249063,1.01984226266617,240.516139970249,0.310698319355323,1
2019-07-07T05:00:00Z,236.213598557009,20.3381096997078,76.2756959820665,3.32103977578007,6,0.549593395712976,1.02346012308971,239.840632699566,0.00199903438654953,1
2019-07-07T06:00:00Z,237.842892941237,20.4518582386515,132.876241284944,2.9057022043756,6,0.908087160440901,1.03061793858949,239.56834178615,-0.0276289671697701,1
2019-07-07T07:00:00Z,235.931983791589,20.5900320388284,184.148181102647,2.4612513414697,6,1.17799272167576,1.04090130522812,239.627070746724,0.0144996910887328,1
2019-07-07T08:00:00Z,235.561309051866,20.7394368920178,228.03540715648,1.95771823825148,6,1.36540036515851,1.05369556092926,239.923465167871,0.238584574301268,1
2019-07-07T09:00:00Z,235.630937156317,20.928299302136,262.777953095663,1.45999448062795,6,1.48740341666548,1.06820701258778,240.371911971628,0.371809435372256,1
2019-07-07T10:00:00Z,236.839072524709,21.1193444222399,286.98257270048,1.90838459909678,6,1.56059578415675,1.08349786310829,240.908310515991,0.525295883426433,1
2019-07-07T11:00:00Z,238.362696509795,21.3575388481011,299.678611867943,2.0527601948355,6,1.59645574764091,1.09853753853038,241.506209489466,0.356305841746908,1
2019-07-07T12:00:00Z,241.220622251536,21.5508717904051,300.356933800581,1.7899400503384,6,1.60053539061721,1.11227061242266,242.120820384986,0.245220390045297,1
2019-07-07T13:00:00Z,242.110172549599,21.6922478113185,288.990336419709,2.40926468943464,6,1.5726732757737,1.12369784018377,242.712404271618,0.173373527230173,1
2019-07-07T14:00:00Z,242.80784772113,21.7989083747842,266.034643223687,2.55962328023377,6,1.50702949360847,1.13196275863849,243.272415531971,0.163083312369219,1
2019-07-07T15:00:00Z,243.982000565321,21.8781765794595,232.41042384556,2.23765200504521,6,1.39197111943937,1.13643305049752,243.756384126533,0.114123740374561,1
2019-07-07T16:00:00Z,243.688247828114,21.8516958332229,189.466077352616,2.3505986146896,6,1.21101763906926,1.13676462131326,244.109525432049,0.383025637180832,1
2019-07-07T17:00:00Z,244.001873382543,21.793529041115,138.923758722045,2.24100761270148,6,0.947442136782819,1.13293785376496,244.282234840676,0.391618834675489,1
2019-07-07T18:00:00Z,244.951300310525,21.7316750383782,82.8103169502062,2.48678386430322,6,0.595133071629909,1.12525972697237,244.193786416538,0.229835097089247,1
2019-07-07T19:00:00Z,244.347032290136,21.5759351883361,23.376014316691,2.98818347707334,6,0.172749552585347,1.11433142841399,243.770185745779,0.234141679233188,1
2019-07-07T20:00:00Z,244.813739420371,21.4018454149156,0,3.47584978256778,6,0,1.10098712815893,242.956022284519,0.199052894215409,1
2019-07-07T21:00:00Z,242.555736430389,21.2101667090465,0,3.62800224372814,6,0,1.08621407684845,242.009437630247,0.182764412578674,1
2019-07-07T22:00:00Z,241.079206649779,21.0198867782972,0,3.14036105710226,6,0,1.07106604567595,241.096562146572,-0.009648244451449,1
2019-07-07T23:00:00Z,239.938083650102,20.8127604086623,0,3.11634615387024,6,0,1.05658117443095,240.192799657995,-0.0256836569177948,1
2019-07-08T00:00:00Z,239.577928716609,20.6312487327643,0,2.35543142994175,6,0,1.04371221691784,239.314303588279,-0.102455008966495,1
2019-07-08T01:00:00Z,239.225077330118,20.4863340384726,0,2.3303207268284,6,0,1.03327314735729,238.429739435423,0.0926385103182825,1
2019-07-08T02:00:00Z,238.793897226376,20.3447792422194,0,1.90543183664379,6,0,1.02590231495113,237.563037832938,0.160768879944307,1
2019-07-08T03:00:00Z,237.180490484757,20.3156451118648,0,1.39092486812521,6,0,1.02203966855998,236.695564463194,0.203595639427282,1
2019-07-08T04:00:00Z,235.32652594618,20.3011108714451,21.8846148009695,1.35193729325951,6,0.161794357667978,1.02191439939876,235.821300757931,0.138775880294321,1
2019-07-08T05:00:00Z,234.036572515063,20.4005742058704,103.573057525475,1.25227321065571,6,0.734141021621238,1.0255396106664,235.111391050216,-0.0708191957042507,1
2019-07-08T06:00:00Z,233.103326409027,20.4845197844342,181.096983955355,0.5,6,1.1822281811987,1.03271196956467,234.96842879523,-0.108215253701939,1
2019-07-08T07:00:00Z,232.942565218101,20.6457174572087,251.339274034933,0.5,6,1.48699625073111,1.04301623016164,235.248936687958,-0.287430334451696,1
2019-07-08T08:00:00Z,232.617016815691,20.8120511608108,311.475591314199,0.5,6,1.67740427405532,1.05583648149777,235.81980534638,-0.085884742656034,1
2019-07-08T09:00:00Z,233.535003501714,21.0010558235198,359.087945253994,0.546366254669085,6,1.79074368115282,1.07037741782575,236.562641195649,0.173270647198363,1
2019-07-08T10:00:00Z,234.379676198117,21.1831839508926,392.261914975521,1.35391121634119,6,1.85478348636749,1.08569933661456,237.398297575206,0.140014229204969,1
2019-07-08T11:00:00Z,235.660795683327,21.4293517824757,409.663625233968,2.24871092613445,6,1.88575937819765,1.10076956996216,238.289866266717,-0.134032621666396,1
2019-07-08T12:00:00Z,238.91217974679,21.6448326341553,410.593379528555,2.54858976936412,6,1.89079017964171,1.11453054699976,239.212409242324,-0.392348170981103,1
2019-07-08T13:00:00Z,240.596728840814,21.8147337690566,395.013793842606,2.36717266364854,6,1.86970793463238,1.12598099284004,240.125682795797,-0.595312673387419,1
2019-07-08T14:00:00Z,241.39492584877,21.9076773936812,363.551299798424,2.17079923468108,6,1.81508088051133,1.13426270412807,240.992224844346,-0.444818666084009,1
2019-07-08T15:00:00Z,241.542411063311,21.952361945685,317.470956787389,1.56971880693454,6,1.71049407152678,1.13874207881913,241.783589816839,-0.353054495341677,1
2019-07-08T16:00:00Z,242.09700263435,21.9469737049512,258.625585841497,2.65993528946632,6,1.52841388716766,1.13907432332736,242.448096544838,-0.337758849563482,1
2019-07-08T17:00:00Z,241.596288750628,21.9141003458333,189.381270496586,2.96008631935906,6,1.23246310771635,1.13523978047311,242.951146034517,-0.107247693073064,1
2019-07-08T18:00:00Z,242.24446416235,21.7888355650503,112.522220145076,3.58060719125605,6,0.794317733798421,1.12754605310272,243.16917706915,-0.290952985928115,1
2019-07-08T19:00:00Z,241.263730836508,21.6745681942548,31.1388211791948,3.63309172090445,6,0.229809042099056,1.11659555019991,242.978199313159,-0.347193476713677,1
2019-07-08T20:00:00Z,241.456946452592,21.4739996342045,0,4.20849385504072,6,0,1.10322413671788,242.243485763808,-0.331287653528808,1
2019-07-08T21:00:00Z,239.485076447657,21.2828698201746,0,4.25070441808957,6,0,1.08842106921433,241.326833159165,-0.505711586725011,1
2019-07-08T22:00:00Z,239.894231164016,21.0869876445762,0,4.19691689805764,6,0,1.07324225995685,240.442002711378,-0.407622954538325,1
2019-07-08T23:00:00Z,238.294416393969,20.8796674881656,0,3.80867477891826,6,0,1.05872795804902,239.585019280921,-0.15106215498891,1
2019-07-09T00:00:00Z,237.899669848158,20.6861765772056,0,3.44011773270711,6,0,1.04583285312023,238.738039861875,-0.175368755885833,1
2019-07-09T01:00:00Z,236.860279285663,20.5154435252122,0,3.46240865095216,6,0,1.0353725732409,237.898591334379,-0.18044774180523,1
2019-07-09T02:00:00Z,236.712706012446,20.423607482452,0,1.9154846873042,6,0,1.02798676462407,237.081055914103,-0.222282513452183,1
2019-07-09T03:00:00Z,236.420432706234,20.3643341190283,0,1.21010439373801,6,0,1.0241162700276,236.213519815687,-0.196270163238809,1
2019-07-09T04:00:00Z,234.013727610889,20.3605692416454,40.6813753689278,0.5,6,0.29953059451561,1.02399074634189,235.333859744672,-0.216220478345399,1
2019-07-09T05:00:00Z,233.056526085516,20.4324243714062,199.16367271403,0.5,6,1.29108402866794,1.02762332338923,234.742644933777,-0.194106202542739,1
2019-07-09T06:00:00Z,232.297826456554,20.5389136417012,349.615405242519,0.5,6,1.83132557323139,1.03481025523556,235.139013968281,-0.0838737338875096,1
2019-07-09T07:00:00Z,234.405182329019,20.6268909101633,485.970143402374,0.5,6,2.06343640482895,1.04513545224365,236.064238944582,0.110645198122241,1
2019-07-09T08:00:00Z,236.018292482987,20.8046396077876,602.729868664797,0.5,6,2.15933392962064,1.05798175203324,237.204787763901,0.366337545435313,1
2019-07-09T09:00:00Z,236.433322804075,20.9720969858053,695.186661513582,0.922906259151582,6,2.2020118466711,1.07255223293826,238.420713061153,0.524509461876394,1
2019-07-09T10:00:00Z,236.24091768414,21.2086606172101,759.612531509557,1.60199456597684,6,2.22348347897556,1.08790528312052,239.66247590112,0.475643259621745,1
2019-07-09T11:00:00Z,238.979104399417,21.4175952041475,793.40973520976,2.24360756293878,6,2.2354218325336,1.10300613648185,240.914616271534,0.336391659309906,1
2019-07-09T12:00:00Z,242.125559643756,21.6046452293927,795.215520907333,2.94011391891953,6,2.24164225505209,1.11679507335896,242.168837697381,0.251745798132995,1
2019-07-09T13:00:00Z,242.822539133476,21.7599948141694,764.95707673407,2.87738915629626,6,2.24208765168036,1.12826878445339,243.422980563418,0.308304869116368,1
2019-07-09T14:00:00Z,244.647541661927,21.871395646113,703.854466539327,2.50696642419837,6,2.23281473613099,1.13656732269476,244.652193451798,0.427451343046846,1
2019-07-09T15:00:00Z,243.236377887535,21.9431457837591,614.371435166459,3.82451838295582,6,2.20204357292074,1.14105579867254,245.844714348576,0.2126469663357,1
2019-07-09T16:00:00Z,242.208058772178,21.9306680210067,500.116066728571,3.89717731295348,6,2.11812215562061,1.14138871824207,247.024178557021,0.219674854256295,1
2019-07-09T17:00:00Z,245.070210926028,21.8630384117362,365.695301484309,4.8914861623655,6,1.90091885998271,1.13754638428385,248.112201664001,0.492778155792778,1
2019-07-09T18:00:00Z,249.068541988611,21.7557432243118,216.529177401856,4.3759372042696,6,1.38706429625443,1.12983702463808,249.006246388227,0.375699028920376,1
2019-07-09T19:00:00Z,248.154029585766,21.655180928572,58.6322864575669,4.41679313447679,6,0.429316600560459,1.11886427227559,249.37887627865,0.0913227805075763,1
2019-07-09T20:00:00Z,248.267447328021,21.4909762660992,0,4.37006424229391,6,0,1.10546569047739,248.812239565565,0.0057851313910571,1
2019-07-09T21:00:00Z,247.877793342418,21.2817378488264,0,4.35039906053639,6,0,1.09063254579322,247.842268437518,0.0514033447322756,1
2019-07-09T22:00:00Z,246.984878558763,21.0500637748006,0,3.75673211876759,6,0,1.07542289591521,246.902906541021,0.186897954071036,1
2019-07-09T23:00:00Z,245.632489306294,20.8476262868676,0,3.36670370878851,6,0,1.06087910354672,245.974475876071,0.253944428048108,1
2019-07-10T00:00:00Z,244.682572108957,20.6444623299191,0,3.39742109658734,6,0,1.04795779807538,245.060969786547,0.420702790218084,1
2019-07-10T01:00:00Z,242.855815641005,20.4912823093619,0,3.00433454310496,6,0,1.03747626478172,244.173430143914,0.569215294626887,1
2019-07-10T02:00:00Z,240.379697035274,20.3769454762684,0,2.3804691938734,6,0,1.03007544952523,243.292507025814,0.579162050831791,1
2019-07-10T03:00:00Z,239.758151819917,20.3697695181264,0,1.82216289702526,6,0,1.0261970907773,242.405829783125,0.102123695563133,1
2019-07-10T04:00:00Z,240.600131198476,20.3659266135736,30.9494498979699,2.56446883341936,6,0.228566236751125,1.02607131204995,241.512176593495,0.0814603126557082,1
2019-07-10T05:00:00Z,238.013132086103,20.4508280627611,157.32508766272,1.97570335431526,6,1.0802101723348,1.02971126984293,240.874977283947,-0.074185423868617,1
2019-07-10T06:00:00Z,237.825665137713,20.5377133419145,277.338367438908,2.03979123335119,6,1.66171681780512,1.03691280424695,241.066372769307,0.0140648139434122,1
2019-07-10T07:00:00Z,239.234324214449,20.6730453776232,386.135851922531,2.46022698918977,6,1.98967838138139,1.04725898020519,241.829389156068,-0.000932406409710894,1
2019-07-10T08:00:00Z,241.559231238504,20.871856838445,479.3176799419,1.96245503068531,6,2.16048319314994,1.06013138137403,242.914677883723,-0.0629438482615337,1
2019-07-10T09:00:00Z,242.482275196292,21.0374346844887,553.115500519459,1.88443776583957,6,2.24860309208978,1.07473146688537,244.133265571917,0.222962404051977,1
2019-07-10T10:00:00Z,242.13248095466,21.2464987428927,604.544868133737,2.23988666090642,6,2.29441188492802,1.09011571171449,245.412692121267,0.298154931305368,1
2019-07-10T11:00:00Z,244.315832262345,21.4313425436443,631.525936189707,3.00998530189111,6,2.31676099892204,1.10524724730393,246.718850198509,0.663460296623367,1
2019-07-10T12:00:00Z,243.271797494582,21.5897510746968,632.967567752783,3.79001095229138,6,2.32286256818705,1.11906420082995,248.037077109358,0.624911923617358,1
2019-07-10T13:00:00Z,244.707981334924,21.7565750852868,608.811462038086,4.08189858316086,6,2.31261090087369,1.13056122444935,249.351562553378,0.593495461312014,1
2019-07-10T14:00:00Z,246.492001244326,21.8496677169352,560.034512142895,4.57490682552542,6,2.27859215985341,1.13887662383342,250.635242753367,0.581303457530985,1
2019-07-10T15:00:00Z,247.046679534432,21.9376988269857,488.609298673608,4.98000149785232,6,2.20187726542413,1.14337421959009,251.871896296145,0.487511617510863,1
2019-07-10T16:00:00Z,249.356040041015,21.9215819442333,397.424316937949,5.37611389145204,6,2.04263491434195,1.14370781559253,253.021328821745,0.486039112014678,1
2019-07-10T17:00:00Z,251.510097041677,21.852269484522,290.167163781418,5.51638136475575,6,1.72862772450796,1.13985767470022,254.007076837361,0.654752488667464,1
2019-07-10T18:00:00Z,250.750712307518,21.7643514763147,171.175408089904,4.87457797313751,6,1.16661072432878,1.13213265101708,254.678473592949,0.754747891691627,1
2019-07-10T19:00:00Z,249.115540277572,21.6112849757182,45.2611758799524,4.84560181524843,6,0.333253963400578,1.12113760398799,254.786035354783,0.712213194917191,1
2019-07-10T20:00:00Z,249.213972895332,21.4491078076178,0,4.95877376184574,6,0,1.10771179867247,254.080083825291,0.431321450474759,1
2019-07-10T21:00:00Z,248.993081456422,21.2506009981393,0,5.00563855274406,6,0,1.09284851569625,253.073112772098,0.484419554218632,1
2019-07-10T22:00:00Z,249.326645465424,21.0926513226004,0,4.77726164261825,6,0,1.0776079625351,252.101417598224,0.228221304873901,1
2019-07-10T23:00:00Z,248.848045319853,20.8870798669274,0,4.65443489846559,6,0,1.06303461978661,251.157717627857,0.181500757592017,1
2019-07-11T00:00:00Z,249.151578804813,20.6720654206851,0,4.18447262516587,6,0,1.05008706053792,250.242456486125,0.52361622196429,1
2019-07-11T01:00:00Z,247.476381086602,20.5189965170173,0,3.04996676457367,6,0,1.03958423064678,249.340380611294,0.637107170948312,1
2019-07-11T02:00:00Z,248.28233684406,20.3947804367461,0,2.58581326776426,6,0,1.03216837825984,248.425678405877,0.751696506674629,1
2019-07-11T03:00:00Z,248.63143100087,20.3083786198621,0,2.16074585456351,6,0,1.0282821393819,247.513940868249,0.720187398543622,1
2019-07-11T04:00:00Z,246.652406955906,20.362685191197,23.4981414906197,0.822036318188544,6,0.173803494740509,1.02815610509472,246.601274191804,0.479101535161807,1
2019-07-11T05:00:00Z,247.137257875708,20.4187652872042,124.550376689555,0.980399204393756,6,0.883928316518444,1.03180345862968,245.840018446363,0.300306171314375,1
2019-07-11T06:00:00Z,248.345838078998,20.5293275938895,220.550016227578,0.5,6,1.4403718415681,1.03901962526118,245.788280617409,0.270859113528959,1
2019-07-11T07:00:00Z,250.136771899849,20.7013974566585,307.602673150017,0.550372735693945,6,1.81747068440395,1.04938682279504,246.277181265003,-0.0519927185438227,1
2019-07-11T08:00:00Z,250.334797763655,20.9021489789993,382.176909910653,0.68680644653933,6,2.05158064575892,1.06228537837645,247.128080202423,-0.0540728473073366,1
2019-07-11T09:00:00Z,250.142277595067,21.1040288528847,441.247497079536,0.5,6,2.18989523563154,1.07691512864536,248.194432541394,0.140401228949765,1
2019-07-11T10:00:00Z,250.697492026392,21.2958678745738,482.418136866568,0.746616275911137,6,2.26742952183615,1.09233063150328,249.374721596834,0.142794499691636,1
2019-07-11T11:00:00Z,251.986833241633,21.5208944251704,504.018672974561,1.60339194860537,6,2.30456195128588,1.10749291166163,250.610285937391,0.0745550529186192,1
2019-07-11T12:00:00Z,253.533791048344,21.6813148617463,505.172843300474,2.0365742062238,6,2.31022761819511,1.12133793876135,251.867003941206,0.0901605313777449,1
2019-07-11T13:00:00Z,252.959736143455,21.8456570103049,485.833826982456,2.30608081183665,6,2.28430280446761,1.1328583222726,253.110186169119,-0.0730666732454045,1
2019-07-11T14:00:00Z,254.955533303202,21.9645635364017,446.786143766906,2.73397212859188,6,2.21764605824205,1.14119061705819,254.308515486861,-0.0466650561488297,1
2019-07-11T15:00:00Z,255.085253452624,22.0176815661562,389.613828644546,2.99743515919993,6,2.08986191449102,1.14569735112351,255.426371573623,-0.199154806219686,1
2019-07-11T16:00:00Z,256.946337849012,22.0279166530499,316.636172804929,2.68974058122666,6,1.86640802963795,1.14603162493325,256.405871899197,-0.265568153643693,1
2019-07-11T17:00:00Z,259.250465728196,21.9723222654,230.813637685741,3.08808503361382,6,1.50120070614993,1.14217366124455,257.153817848729,-0.372422155158885,1
2019-07-11T18:00:00Z,260.469387692924,21.8726269685055,135.627758871838,2.94123322808383,6,0.958151489099043,1.13443294169753,257.540798702106,-0.306300143710202,1
2019-07-11T19:00:00Z,258.31943566001,21.7502416753364,34.939911744477,2.43788662331112,6,0.258004949849279,1.12341555470308,257.393773391695,-0.346468106794462,1
2019-07-11T20:00:00Z,257.957841389212,21.5673336221761,0,1.70253172339432,6,0,1.10996247055692,256.56106678878,-0.24137898768721,1
2019-07-11T21:00:00Z,255.696214472653,21.371133745106,0,1.55986698081832,6,0,1.09506898805304,255.487744617071,-0.323461293622064,1
2019-07-11T22:00:00Z,255.154766227387,21.1343381238723,0,1.75380124453854,6,0,1.07979746881881,254.437774409142,-0.186549927446796,1
2019-07-11T23:00:00Z,255.757753636831,20.9134211723581,0,0.935919018498069,6,0,1.06519451564925,253.414753525909,0.0850997596701553,1
2019-07-12T00:00:00Z,254.344335474419,20.7333599744864,0,0.5,6,0,1.05222064928023,252.406647434789,0.110959856584919,1
2019-07-12T01:00:00Z,254.862002598756,20.5875596551342,0,0.5,6,0,1.04169647952076,251.415621651379,0.252095741010127,1
2019-07-12T02:00:00Z,251.78771319266,20.4815641060512,0,0.5,6,0,1.03426555945061,250.441689404567,0.195602821866033,1
2019-07-12T03:00:00Z,250.063959532237,20.408145334461,0,0.5,6,0,1.03037142443164,249.480872786841,0.257949781509221,1
2019-07-12T04:00:00Z,249.155462705198,20.4200005892533,23.5970296006445,0.5,6,0.174564005111455,1.03024513406537,248.528647298288,0.0425221807779652,1
2019-07-12T05:00:00Z,247.292648979491,20.5070682826654,131.048384723289,0.5,6,0.930727998472658,1.03389989836915,247.754483114489,-0.159949854835655,1
2019-07-12T06:00:00Z,250.080699841741,20.5925937855438,233.166206420844,0.5,6,1.52414299963287,1.04113072695818,247.7335330538,-0.146118406685636,1
2019-07-12T07:00:00Z,250.628409826162,20.7439633779403,325.794405196507,0.5,6,1.92636925823392,1.05151898877973,248.295947210007,-0.0814362447369393,1
2019-07-12T08:00:00Z,251.5169165963,20.9141980968941,405.163109370296,0.5,6,2.17582226046759,1.0644437519148,249.244658291458,0.057729702875135,1
2019-07-12T09:00:00Z,250.470910909922,21.1205777064389,468.042094948906,0.5,6,2.32290248428409,1.07910322721476,250.422479978206,0.168599596433365,1
2019-07-12T10:00:00Z,251.597951952994,21.329820512471,511.872252394074,0.5,6,2.40509350822311,1.09455005161219,251.724148497129,0.14419986002545,1
2019-07-12T11:00:00Z,252.23354414602,21.5331465995913,534.869739728242,0.761473057279457,6,2.4442303776758,1.10974313880689,253.083413061616,0.0792085929434533,1
2019-07-12T12:00:00Z,254.283839491118,21.7053333946075,536.098583054066,1.35587821645309,6,2.44990924181318,1.1236162965208,254.458655981092,0.151588263815402,1
2019-07-12T13:00:00Z,254.380789012603,21.8679135384275,515.508769721897,1.78630989391899,6,2.42205163886304,1.13516008738701,255.819715243237,0.00931191899897875,1
2019-07-12T14:00:00Z,256.395889227488,22.0104976394593,473.938283792776,2.14305915496176,6,2.35095710113263,1.14350931190254,257.134259614677,-0.224411045691705,1
2019-07-12T15:00:00Z,258.661867970536,22.0560210213899,413.079000955735,3.46200056476341,6,2.21490414837244,1.14802520284393,258.361949580515,-0.296722088886184,1
2019-07-12T16:00:00Z,260.450715500643,22.0731588950368,335.4078309409,3.23836907390185,6,1.97702449926349,1.14836015583815,259.445700766441,-0.320990445140147,1
2019-07-12T17:00:00Z,261.844469861073,22.0375781979994,244.08590986082,4.15228357967999,6,1.5880627078912,1.14449435345854,260.283635054332,-0.30505320602656,1
2019-07-12T18:00:00Z,262.750672972487,21.9246631045234,142.829945247238,4.21111529655946,6,1.00952933177876,1.13673790615646,260.735125721103,-0.385430268976672,1
2019-07-12T19:00:00Z,265.141993653295,21.8055566635975,35.7609499069639,4.01172912479185,6,0.264123278370044,1.12569813380584,260.618551084492,-0.708119790328484,1
2019-07-12T20:00:00Z,263.207021546765,21.6406939733281,0,4.33039821420409,6,0,1.11221771540334,259.776561387101,-0.687355596654446,1
2019-07-12T21:00:00Z,261.447500812241,21.4427375251239,0,4.06614970980127,6,0,1.09729397201177,258.701197274143,-0.674983580082434,1
2019-07-12T22:00:00Z,259.647698460568,21.2521511625087,0,4.2758207020862,6,0,1.08199142378696,257.655339464973,-0.703676626971796,1
2019-07-12T23:00:00Z,259.246506277428,21.0224486903741,0,3.59365637203072,6,0,1.06735880003325,256.64462415266,-0.680520590312222,1
2019-07-13T00:00:00Z,259.847567739225,20.8355418659035,0,2.81652258400469,6,0,1.05435857309256,255.652923743886,-0.584602091178778,1
2019-07-13T01:00:00Z,257.348542214677,20.6799327596229,0,3.01150287049876,6,0,1.04381302010595,254.673298904755,-0.337574676146256,1
2019-07-13T02:00:00Z,256.214807307171,20.5445025715503,0,2.94262237910618,6,0,1.03636700173777,253.718271560532,-0.192176014952359,1
2019-07-13T03:00:00Z,253.857584156218,20.4891975774363,0,2.48704926057993,6,0,1.03246495453423,252.7783360494,-0.139450285789516,1
2019-07-13T04:00:00Z,251.938557681428,20.4976670449716,13.1195260839953,2.35710925729518,6,0.0971537486105519,1.03233840756856,251.839557798266,-0.225654976486776,1
2019-07-13T05:00:00Z,251.927864793947,20.5606392882333,76.7671660529654,2.0890023581527,6,0.561223399642407,1.03600059769851,251.000224054665,-0.250397481071249,1
2019-07-13T06:00:00Z,252.596082683099,20.6584631438215,137.279814319796,1.91003438255327,6,0.975811811466425,1.04324611803554,250.617727176351,-0.235475071270561,1
2019-07-13T07:00:00Z,250.875349129138,20.7827793720378,192.186275711537,1.58467396296021,6,1.31620587936919,1.05365548694365,250.637640094656,-0.107005050652909,1
2019-07-13T08:00:00Z,252.254983104707,20.9320215882353,239.244298628877,1.69060765207539,6,1.57545008467606,1.06660651088142,250.977876301318,0.0813750157502739,1
2019-07-13T09:00:00Z,253.289831362201,21.114748000112,276.532143362639,1.72822052550106,6,1.7585336732318,1.08129577160837,251.55985728764,0.396714381179544,1
2019-07-13T10:00:00Z,253.660466272223,21.3434695366996,302.527061453535,2.45555454749217,6,1.87486025037898,1.09677398118506,252.30302100385,0.292112871707659,1
2019-07-13T11:00:00Z,254.78469917731,21.5436309116869,316.167481181482,1.98731392292541,6,1.93284997885096,1.1119979380105,253.148137820547,0.38165098871174,1
2019-07-13T12:00:00Z,257.262809535475,21.7436112014169,316.896359674383,2.60716173143315,6,1.93717592929052,1.12589928349496,254.02009552627,0.156923318655287,1
2019-07-13T13:00:00Z,257.146054187069,21.8916730594963,304.683931237546,2.73872919676791,6,1.88775391498145,1.13746652927568,254.879687601801,-0.0317516949548773,1
2019-07-13T14:00:00Z,258.84809923312,22.0249796817667,280.028922915111,2.90038256571726,6,1.77976718670501,1.14583271791933,255.670283841142,-0.116814388967877,1
2019-07-13T15:00:00Z,258.666986376421,22.0731832505404,243.938187642792,3.26995547172602,6,1.60471355587493,1.15035778434191,256.338076409803,-0.142072570839395,1
2019-07-13T16:00:00Z,256.6081144059,22.1018099118166,197.885586726408,4.21315629639667,6,1.35314550314855,1.1506934179006,256.823290667018,-0.319826769368718,1
2019-07-13T17:00:00Z,256.535616974099,22.03392387907,143.751800789696,3.8767723208716,6,1.01989402861934,1.14681976090327,257.060529937526,-0.201462253973837,1
2019-07-13T18:00:00Z,257.127804804969,21.9527810020997,83.7475271716678,3.70475140246173,6,0.611238160757435,1.13904755389014,256.967127419933,-0.114524425296256,1
2019-07-13T19:00:00Z,255.988667812078,21.8129774559931,20.323200212388,3.74525555685733,6,0.150425108885231,1.12798535070031,256.477366065438,-0.34807079207835,1
2019-07-13T20:00:00Z,255.358757592009,21.6579317987174,0,3.85440047643438,6,0,1.11447754250318,255.548820498398,-0.373682543879055,1
2019-07-13T21:00:00Z,254.486823307754,21.4384911552997,0,3.86658816732251,6,0,1.09952347673921,254.498981590961,-0.536240378918059,1
2019-07-13T22:00:00Z,254.060930990093,21.2237274813956,0,4.53233717291914,6,0,1.08418983647847,253.479866067674,-0.368439314557548,1
2019-07-13T23:00:00Z,255.134920755585,21.0252168058271,0,4.34188679224014,6,0,1.06952748185531,252.506714569475,-0.23792508659195,1
2019-07-14T00:00:00Z,253.504307468885,20.8224792071544,0,3.95954223512814,6,0,1.05650084078298,251.560264125604,-0.154541123656723,1
2019-07-14T01:00:00Z,250.690665662983,20.6793040546777,0,3.64404702368165,6,0,1.04593386112235,250.631058391978,0.0432919520297744,1
2019-07-14T02:00:00Z,248.706574749398,20.5353527408188,0,2.85376822722648,6,0,1.0384727137791,249.715607924102,0.160932432731908,1
2019-07-14T03:00:00Z,251.106032298766,20.457597988096,0,2.78552712817029,6,0,1.03456273831484,248.794777808987,0.230425765827705,1
2019-07-14T04:00:00Z,248.354405793985,20.4917060036024,32.1711370707761,2.11363933547692,6,0.23782184000831,1.03443593422842,247.88306205841,0.077722341944802,1
2019-07-14T05:00:00Z,246.587759133962,20.5787800380287,199.634685581299,1.43855547588132,6,1.36858398784109,1.03810556527249,247.196343438305,-0.300164208159681,1
2019-07-14T06:00:00Z,245.403561236955,20.7042841359792,358.916651620818,1.43556673276585,6,2.12561562981915,1.04536580720852,247.622162529124,-0.499215449107191,1
2019-07-14T07:00:00Z,249.211830678845,20.84725578189,503.489218955889,1.57404447790644,6,2.53638568531773,1.055796326089,248.792134416179,-0.530248382636639,1
2019-07-14T08:00:00Z,249.871237321499,21.0094706710348,627.427403262007,0.896983252113267,6,2.74104222227431,1.06877366418673,250.355511609178,-0.332765698022674,1
2019-07-14T09:00:00Z,251.40814414974,21.2003787210732,725.651874395444,1.58803465238305,6,2.84217087365984,1.0834927708593,252.090986187321,-0.230934538295689,1
2019-07-14T10:00:00Z,253.057826786362,21.4158981400048,794.137121414003,0.92123520707214,6,2.89266282055329,1.09900242938433,253.908369068352,-0.246863056802857,1
2019-07-14T11:00:00Z,255.02402626077,21.6268117721686,830.076429167472,1.66116134798195,6,2.91625033440864,1.11425731856206,255.742380322786,-0.392700700279502,1
2019-07-14T12:00:00Z,257.88314981563,21.8423882848175,831.996905260023,2.04231684170179,6,2.92184094748713,1.12818690908957,257.577037206088,-0.485784750506842,1
2019-07-14T13:00:00Z,260.396072381679,21.9942778242112,799.819843261013,2.93307119018303,6,2.90949494319383,1.13977765744098,259.391956047628,-0.693475984461515,1
2019-07-14T14:00:00Z,262.343031406901,22.1308653219004,734.863948312553,3.56115974077142,6,2.87052691251029,1.14816084468082,261.171487683382,-0.760360807720219,1
2019-07-14T15:00:00Z,264.492412772699,22.16377685049,639.791292939519,4.55239131380437,6,2.78186811159253,1.15269510522753,262.888387248221,-0.780298084019888,1
2019-07-14T16:00:00Z,265.914242203486,22.1900692798361,518.498217942645,4.85312013825832,6,2.59252766638476,1.15303142073346,264.492856091025,-0.770455049102748,1
2019-07-14T17:00:00Z,269.519717751374,22.0959704055807,375.955649558316,5.45758718556113,6,2.20410686713389,1.14914989315923,265.891078003623,-0.47240174041555,1
2019-07-14T18:00:00Z,269.884026466531,22.0077503491033,218.005377130249,5.13752554865987,6,1.47972833469811,1.14136189441416,266.88864902502,-0.521806629240086,1
2019-07-14T19:00:00Z,272.914663034245,21.8669135039453,51.1206403984474,5.16748973152636,6,0.376790471132503,1.13027721480968,267.171655859434,-0.492576519972404,1
2019-07-14T20:00:00Z,273.541273962139,21.6834953396707,0,5.74295115139042,6,0,1.11674196116674,266.372301081811,-0.607174092141251,1
2019-07-14T21:00:00Z,270.822719607347,21.5120779863346,0,5.89634227346048,6,0,1.10175751142076,265.225741426556,-0.774164531125847,1
2019-07-14T22:00:00Z,269.612684929742,21.2955805565161,0,5.0123715828947,6,0,1.08639271595064,264.118883194816,-0.713093230294367,1
2019-07-14T23:00:00Z,267.476912321708,21.0679130857753,0,4.45180651441392,6,0,1.07170057005022,263.049539425601,-0.55626997066122,1
2019-07-15T00:00:00Z,262.408852866174,20.8725644775017,0,4.1486066577526,6,0,1.05864746117747,262.011179945886,-0.244496323847847,1
2019-07-15T01:00:00Z,261.904639796903,20.6774586744682,0,3.38070201419913,6,0,1.04805901130767,260.999602984002,-0.0670089011534394,1
2019-07-15T02:00:00Z,261.130969631665,20.6053824600511,0,2.65568968301072,6,0,1.04058270424997,260.003175421249,-0.019783579621873,1
2019-07-15T03:00:00Z,263.739202810693,20.5185357796424,0,3.00130859078107,6,0,1.0366647844162,259.015191748616,0.256376181108583,1
2019-07-15T04:00:00Z,261.802832268168,20.5223523354875,19.122448636293,2.18128422989103,6,0.141564610185553,1.0365377226866,258.04328029284,0.0602940847999279,1
2019-07-15T05:00:00Z,260.188168674487,20.595632165148,126.817794756387,1.98967587449643,6,0.911984530132832,1.04021480976339,257.206911630675,-0.172172625638348,1
2019-07-15T06:00:00Z,260.752091541094,20.7174766115035,229.296583371586,2.13981444194972,6,1.54852118160769,1.04748980321007,257.136037870755,-0.282612609704021,1
2019-07-15T07:00:00Z,259.90778031951,20.8535068104478,322.343424245293,2.09960142902502,6,2.01083727945663,1.05794151503588,257.692579466683,-0.25871996166819,1
2019-07-15T08:00:00Z,259.31622745354,21.0207365119758,402.130903432965,1.99461871077374,6,2.31782303697129,1.07094522075921,258.69287942053,-0.0963885490065477,1
2019-07-15T09:00:00Z,260.050794571898,21.213893039302,465.377021163574,2.35326957506994,6,2.50899439611689,1.08569423401904,259.975895358645,0.0361734674462626,1
2019-07-15T10:00:00Z,262.816165535906,21.4195052245672,509.480194506766,2.30795362006426,6,2.61933753700346,1.10123540539101,261.425327511771,0.0483011369959795,1
2019-07-15T11:00:00Z,264.481036757456,21.6562064181054,532.626271589496,3.22988291286818,6,2.67164236197338,1.11652128977004,262.955476494109,-0.10076014445303,1
2019-07-15T12:00:00Z,265.829446588586,21.8149696738961,533.863155410338,3.27108698871297,6,2.67668871039297,1.13047918272946,264.508139627095,-0.0567495879397695,1
2019-07-15T13:00:00Z,265.615269404488,21.9591527210192,513.139967655325,3.11958581958687,6,2.63459166449724,1.14209348140458,266.034987217145,-0.0418117571577358,1
2019-07-15T14:00:00Z,266.423468079779,22.0775958400132,471.309141540287,2.08464377879157,6,2.53487111514818,1.15049370177871,267.49377635966,-0.168853731773485,1
2019-07-15T15:00:00Z,264.989162965423,22.1289955810367,410.091357592161,2.62595546121844,6,2.355235621885,1.15503717513036,268.841106975146,-0.0436597272754424,1
2019-07-15T16:00:00Z,267.84377614024,22.1146450660712,332.004764710328,2.57715451395394,6,2.06139459468555,1.15537417396914,269.990271239566,0.102125771313469,1
2019-07-15T17:00:00Z,269.246680815382,22.062631345344,240.261397948005,2.93401151342299,6,1.61414318457814,1.15148475982641,270.839734025005,0.31581859681731,1
2019-07-15T18:00:00Z,269.517104220635,21.9502094362462,138.635053792724,2.52333691194274,6,0.992729363679733,1.14368093726341,271.238619009646,0.365221107126832,1
2019-07-15T19:00:00Z,270.473811876447,21.8197662161716,31.3060577998754,3.11803579572342,6,0.231511584866506,1.13257373557623,271.031890086852,0.191984440053398,1
2019-07-15T20:00:00Z,270.269754920113,21.6413284651793,0,3.0835469515925,6,0,1.11901098072327,270.075593681014,0.208984337422253,1
2019-07-15T21:00:00Z,267.368069079394,21.4494461785353,0,3.51740125372744,6,0,1.10399608526046,268.914722298011,0.0376864471188509,1
2019-07-15T22:00:00Z,267.312078372858,21.2713185706797,0,3.58063463630225,6,0,1.08860007127916,267.780257972591,0.0690889099336414,1
2019-07-15T23:00:00Z,268.492491757956,21.0318514047318,0,3.73096757023099,6,0,1.07387807357095,266.676702301358,0.297078842578195,1
2019-07-16T00:00:00Z,268.39768587082,20.8610231617621,0,3.63954652221842,6,0,1.06079844311995,265.60327884106,0.191660373150417,1
2019-07-16T01:00:00Z,266.747149493814,20.6807552822746,0,3.35049002793254,6,0,1.05018847941736,264.557464208845,0.447222890866742,1
2019-07-16T02:00:00Z,266.221738372685,20.558529466313,0,3.59678295341265,6,0,1.04269698184339,263.533542170306,0.610264984492751,1
2019-07-16T03:00:00Z,266.247660550371,20.5223009467489,0,3.00189315984238,6,0,1.03877110149857,262.529768977908,0.466894196187818,1
2019-07-16T04:00:00Z,265.784032062281,20.5337047852992,27.0464819218313,2.08679575120155,6,0.200107921012413,1.0386437816023,261.533015641959,0.310374474627761,1
2019-07-16T05:00:00Z,266.339258181492,20.6101015249057,193.490515427543,2.66444522369717,6,1.34617221367144,1.04232833986114,260.733353209271,0.104416377792786,1
2019-07-16T06:00:00Z,265.662537941418,20.7143907087924,351.944909163555,2.31029724657749,6,2.15874117914944,1.0496181147909,261.081488933454,-0.03090522282799,1
2019-07-16T07:00:00Z,264.687452129789,20.8704471126236,495.866740221838,2.57966830059681,6,2.63135560000078,1.0600910626223,262.224945795398,0.0475664511362199,1
2019-07-16T08:00:00Z,268.583074493061,21.0282001269158,619.313166481112,2.40058322210488,6,2.881475985622,1.07312118954553,263.820743650762,0.00116668686729123,1
2019-07-16T09:00:00Z,269.930100404572,21.2582675564474,717.186819346904,2.56957596528101,6,3.0101700828786,1.08790017015743,265.638269393901,0.0520496021348326,1
2019-07-16T10:00:00Z,271.593009875036,21.4480811866145,785.446285070254,2.94437188299357,6,3.07524388992816,1.10347291840482,267.553421622762,0.063790837904815,1
2019-07-16T11:00:00Z,273.097726836503,21.6597741724345,821.272983418448,2.37117354372641,6,3.10459566954846,1.11878986096183,269.49851334883,0.0132489739241019,1
2019-07-16T12:00:00Z,273.607791013557,21.8473614203707,823.187552918354,2.83544265671318,6,3.10922759876943,1.13277611385863,271.444219297947,-0.0529080521673418,1
2019-07-16T13:00:00Z,275.962907597819,21.9804473767559,791.110936875206,2.79439375740069,6,3.08935208621547,1.14441401070751,273.358256349161,0.048468966963155,1
2019-07-16T14:00:00Z,277.355130984609,22.1022291016887,726.367647793659,3.9928699792298,6,3.03456377488652,1.15283129882421,275.224826422785,-0.0485796273111835,1
2019-07-16T15:00:00Z,279.180767955754,22.1853631999795,631.631075406146,4.62807540349701,6,2.91819489931323,1.15738400369955,276.984424019433,-0.0990889505208282,1
2019-07-16T16:00:00Z,280.840795126905,22.1748103232953,510.813096657744,5.444379930778,6,2.68500744335544,1.15772168725959,278.586303825313,0.105307778848465,1
2019-07-16T17:00:00Z,282.954385527946,22.0784009607001,368.902545888835,5.54436309324207,6,2.23788095471938,1.15382437052426,279.90860405872,0.257939532679562,1
2019-07-16T18:00:00Z,283.883631925606,21.9842782770588,211.759215129318,5.72473891693517,6,1.45947624752171,1.14600469199218,280.774004964392,0.335283467959481,1
2019-07-16T19:00:00Z,280.477483102606,21.8277016702373,45.8718906755406,5.91755776335601,6,0.33862344531667,1.13487492246147,280.861220169127,0.369334693808414,1
2019-07-16T20:00:00Z,280.330800571963,21.6829256532549,0,6.02584604954843,6,0,1.12128461052095,279.844441277023,0.099267925262451,1
2019-07-16T21:00:00Z,278.079728057938,21.4830475846562,0,5.46095005866983,6,0,1.10623920748108,278.524036954994,0.12725386260433,1
2019-07-16T22:00:00Z,278.002966937626,21.2668658998545,0,5.13016783121905,6,0,1.09081191155817,277.265775750581,0.126770343473014,1
2019-07-16T23:00:00Z,276.340511850075,21.0600953113031,0,4.29998626330196,6,0,1.07606000138865,276.0569181503,0.262492934658494,1
2019-07-17T00:00:00Z,273.892224847423,20.8923223307459,0,4.5714164585248,6,0,1.06295379547231,274.901233815818,0.267062141112306,1
2019-07-17T01:00:00Z,274.047737190283,20.7298976440892,0,4.05873986879625,6,0,1.05232227422466,273.772791251076,0.130681951182299,1
2019-07-17T02:00:00Z,272.250960032909,20.633403630839,0,3.93165110923765,6,0,1.04481555527003,272.677155018828,0.105818463617334,1
2019-07-17T03:00:00Z,271.000212429849,20.6011741529634,0,3.44484171014376,6,0,1.04088169823982,271.60298713035,-0.059918794354486,1
2019-07-17T04:00:00Z,270.391592881771,20.5861302811163,23.368928120251,3.38842963809885,6,0.172964925232552,1.04075411965234,270.545211371512,0.0800252224249126,1
2019-07-17T05:00:00Z,268.304124280762,20.6549100150786,182.421074599963,3.21002388905374,6,1.28171411521293,1.04444616427332,269.667450444926,-0.114965518804762,1
2019-07-17T06:00:00Z,267.792587458872,20.7706277756092,333.910699778703,3.39649810757214,6,2.10103525804628,1.05175075071949,269.895803440986,-0.21415571210069,1
2019-07-17T07:00:00Z,269.484534559269,20.8967459720188,471.557588940036,3.60309219013981,6,2.60409823051121,1.06224497770424,270.928013557147,-0.0590309212808908,1
2019-07-17T08:00:00Z,270.21213683091,21.0637572762557,589.655397388985,3.7178040468615,6,2.88416672592735,1.07530157951052,272.437405904407,0.111932696876407,1
2019-07-17T09:00:00Z,270.515763594715,21.2451490937445,683.308214968505,3.55415928300573,6,3.03389542047687,1.09011058836278,274.193822699796,0.29376331833517,1
2019-07-17T10:00:00Z,274.402839143588,21.4306212558647,748.633532876395,3.476680425516,6,3.1111878055535,1.10571497764413,276.066314732089,0.638251220593716,1
2019-07-17T11:00:00Z,277.254043967106,21.6387772376236,782.923198508826,3.91916675283616,6,3.14578636745369,1.12106304148378,277.980317972167,0.573566667792592,1
2019-07-17T12:00:00Z,279.730345106559,21.8078795371251,784.755685721863,3.84163161712857,6,3.14991132001221,1.13507771194028,279.880306021025,0.645817711249868,1
2019-07-17T13:00:00Z,279.106204078212,21.9856801536787,754.055026189956,4.65149740195087,6,3.12387940556423,1.14673925491016,281.750125443991,0.511759085988292,1
2019-07-17T14:00:00Z,282.68631543425,22.108185512764,692.093958779342,5.23369308837362,6,3.05629960903649,1.15517364544802,283.529316518308,0.255543605471091,1
2019-07-17T15:00:00Z,285.070403477152,22.1924346059474,601.441166374667,5.73883111091238,6,2.91891816389245,1.15973560060388,285.182251105813,0.0364337474445615,1
2019-07-17T16:00:00Z,284.514816549663,22.1711323056074,485.854787530133,6.02181216230772,6,2.65646203370631,1.1600739702764,286.644439965416,0.257482303764061,1
2019-07-17T17:00:00Z,286.799181691783,22.1107137446812,350.126617568901,6.62750246197138,6,2.17937006854229,1.15616873489182,287.810151486395,0.279240382801773,1
2019-07-17T18:00:00Z,287.748344254862,22.0163256486854,199.883457992522,6.85971642561506,6,1.39242279219205,1.14833316817417,288.453465028039,0.352687885507621,1
2019-07-17T19:00:00Z,286.098385314812,21.8302902077648,41.3538495390308,6.80609895473752,6,0.305518528500291,1.13718078494611,288.305236306906,0.512161799911395,1
2019-07-17T20:00:00Z,284.917506123645,21.6723666295824,0,6.57867541533486,6,0,1.12356285992698,287.105600294176,0.398972041424246,1
2019-07-17T21:00:00Z,282.897000558386,21.5085555117603,0,6.34724576677467,6,0,1.1084868873241,285.660712274885,0.200083410008354,1
2019-07-17T22:00:00Z,281.428001456434,21.3386051668172,0,6.45573921481207,6,0,1.09302824590029,284.277548070155,-0.114842663705584,1
2019-07-17T23:00:00Z,279.988277007736,21.1154159328915,0,6.1805600654609,6,0,1.07824636249269,282.937528790206,-0.170133717180136,1
2019-07-18T00:00:00Z,279.672508132115,20.9556175884626,0,5.54520912571515,6,0,1.06511352711442,281.655242447249,-0.114438246367964,1
2019-07-18T01:00:00Z,278.895430943525,20.7612617274348,0,4.99541128637342,6,0,1.05446040452066,280.434814126231,0.0917159342487809,1
2019-07-18T02:00:00Z,276.458454826155,20.6536038025289,0,3.5573760366868,6,0,1.04693843325824,279.261340428226,0.183969827778931,1
2019-07-18T03:00:00Z,279.030267601565,20.5988668450386,0,3.26529988409466,6,0,1.04299658333546,278.139807240294,0.100484186745722,1
2019-07-18T04:00:00Z,276.913501547738,20.6229146257314,17.2401093746371,3.30296789492156,6,0.127657924017835,1.04286874553114,277.036408537563,-0.0433724715140475,1
2019-07-18T05:00:00Z,277.453023002878,20.697135744089,148.981496826972,2.49105419352782,6,1.06659582497858,1.04656829172522,276.067302887684,-0.23906740259904,1
2019-07-18T06:00:00Z,277.490016966686,20.8103563727574,274.521230488296,2.30382341857684,6,1.82237050179527,1.05388771978214,276.043934460639,-0.304897443470993,1
2019-07-18T07:00:00Z,278.388385991867,20.9400278788039,388.633467003799,1.96328682203014,6,2.3465651986176,1.06440326915566,276.766126266217,-0.21762820649041,1
2019-07-18T08:00:00Z,280.708172256696,21.1049738459237,486.568055520796,1.60489005600264,6,2.67661104665384,1.07748639963721,277.996590156256,-0.02119664643507,1
2019-07-18T09:00:00Z,280.11560608701,21.2741809124277,564.248272250877,1.73407154922515,6,2.87203517517688,1.09232549774184,279.536775140214,0.340616637550904,1
2019-07-18T10:00:00Z,283.514089577183,21.4791661701918,618.440522279029,1.60477482483432,6,2.98014703783536,1.10796159234606,281.242944340334,0.263914822208332,1
2019-07-18T11:00:00Z,283.991353572226,21.6728042604093,646.88894444136,1.85259615267136,6,3.02961521677066,1.12334084070122,283.029897523288,0.392125973097288,1
2019-07-18T12:00:00Z,284.880400931342,21.8829835197384,648.409316073254,2.75891999403878,6,3.03351548187413,1.1373839864568,284.832019630754,0.334530043790751,1
2019-07-18T13:00:00Z,286.279061677764,22.0227966965565,622.938348654352,2.39954639710717,6,2.99228048707636,1.14906922359237,286.583921022914,0.0139672385443541,1
2019-07-18T14:00:00Z,287.596976986642,22.177564009952,571.536322320232,2.5210553187838,6,2.89384216198454,1.15752075130045,288.279645906056,-0.0596963256874065,1
2019-07-18T15:00:00Z,288.588173476294,22.2369017022103,496.342949573922,2.74512345349062,6,2.71091785496042,1.16209197553173,289.851364618769,-0.0601154522459071,1
2019-07-18T16:00:00Z,287.020662011328,22.2396745559943,400.488305458853,3.64934953658016,6,2.39785513436552,1.16243103271079,291.215992344794,-0.0156346310044914,1
2019-07-18T17:00:00Z,288.535457034243,22.174950676006,287.962531903537,4.31521080391386,6,1.89572381344772,1.15851786258769,292.21601683488,-0.042038518004745,1
2019-07-18T18:00:00Z,287.273998357234,22.0847092173244,163.449740056129,4.48573569090334,6,1.1631686422812,1.15066637540252,292.67617501686,-0.0205521161670681,1
2019-07-18T19:00:00Z,284.148490429472,21.9430422022046,32.1330247575023,4.06762560709718,6,0.237668152671633,1.13949133253014,292.405196874088,-0.108764032461178,1
2019-07-18T20:00:00Z,284.110521081457,21.7721441515279,0,4.20709075636122,6,0,1.12584573832755,291.256978018905,-0.265746414249768,1
2019-07-18T21:00:00Z,285.616151639136,21.620799308072,0,4.16621500149584,6,0,1.11073913404981,289.896123530746,-0.629832401809095,1
2019-07-18T22:00:00Z,282.997240199864,21.4092620885178,0,4.19754602626327,6,0,1.09524908343665,288.573145051587,-0.608404561150691,1
2019-07-18T23:00:00Z,281.841148723507,21.1849536150177,0,3.92595716527142,6,0,1.08043716589073,287.284934913601,-0.453722609482214,1
2019-07-19T00:00:00Z,281.788736927299,20.9808429483726,0,2.99493846689925,6,0,1.06727764694424,286.04163168635,-0.230960819702193,1
2019-07-19T01:00:00Z,280.302614910083,20.8132407826433,0,2.52076743042799,6,0,1.0566028791143,284.856545334426,-0.0212443812391274,1
2019-07-19T02:00:00Z,278.864606589018,20.7089254919368,0,2.79461353298903,6,0,1.04906562455412,283.705451522365,0.0405290994342062,1
2019-07-19T03:00:00Z,280.608114359565,20.6366030844717,0,1.70757315555846,6,0,1.04511576549864,282.56625379869,0.150835726219099,1
2019-07-19T04:00:00Z,280.442074391349,20.6461047999042,19.3391766556794,1.45991646807254,6,0.14318626514579,1.04498766795081,281.456848198127,-0.0922800057276224,1
2019-07-19T05:00:00Z,280.275868037233,20.7415893547485,188.507390017959,1.87868416488363,6,1.32532712652688,1.04869473095983,280.498533892049,-0.357659510647853,1
2019-07-19T06:00:00Z,281.911423959942,20.8369199425863,349.795248678526,1.48345576829573,6,2.19589357691623,1.05602903078301,280.714330919624,-0.348440425302316,1
2019-07-19T07:00:00Z,282.162497733497,20.9828111235671,496.460282036074,1.59643589062174,6,2.72392412528078,1.06656594586858,281.792745457133,-0.227143773830686,1
2019-07-19T08:00:00Z,283.956683628849,21.138867404867,622.371311439803,1.38357379098343,6,3.01298797502847,1.0796756589269,283.377470973798,-0.179044699043382,1
2019-07-19T09:00:00Z,284.174160417379,21.3192883504901,722.264757714039,1.65868424433858,6,3.16463836520811,1.09454490741986,285.22900922455,-0.0316150588092039,1
2019-07-19T10:00:00Z,285.002991053393,21.5321184046603,791.964679592275,1.28189607350966,6,3.24128364398581,1.1102127717665,287.198475416836,0.0818597732657284,1
2019-07-19T11:00:00Z,289.900301067544,21.7320470659292,828.557344583546,1.31225648928595,6,3.27452339911158,1.12562326799851,289.221932006753,0.106108972197183,1
2019-07-19T12:00:00Z,292.154225416387,21.9272937044427,830.513034518266,2.13281192480495,6,3.27727181797299,1.13969494690989,291.248440022165,0.121208199889473,1
2019-07-19T13:00:00Z,295.715581273462,22.0515572887921,797.74999381979,3.49056108165831,6,3.25003126646315,1.15140392635344,293.225241650465,0.134733944520478,1
2019-07-19T14:00:00Z,294.731297199652,22.2008425238682,731.637847210982,3.67282781465637,6,3.18116809699172,1.15987262605139,295.085325666321,-0.194920369777691,1
2019-07-19T15:00:00Z,295.576808217409,22.2420618381257,634.940343982091,4.19098580836686,6,3.04126117111823,1.1644531381912,296.839665115794,0.0696792235140263,1
2019-07-19T16:00:00Z,295.966611807676,22.2251999919575,511.699822336097,5.02175123691009,6,2.77150818855842,1.16479288427369,298.399839921795,0.220386510920879,1
2019-07-19T17:00:00Z,297.429086637515,22.1790510034003,367.068223658971,5.16160708741475,6,2.27412844784309,1.1608717632901,299.613596676159,0.237989601252152,1
2019-07-19T18:00:00Z,299.923930790414,22.079099850839,207.091720986913,5.38388622729494,6,1.44198488411959,1.15300432328988,300.315131276344,0.131712824330204,1
2019-07-19T19:00:00Z,299.407117141564,21.9330327965452,38.457965052745,5.77068265307631,6,0.284269533325268,1.14180657473282,300.176151837393,0.187360636510261,1
2019-07-19T20:00:00Z,298.475620020189,21.7619697299341,0,4.71317571319441,6,0,1.12813325512797,298.873939714572,0.107842254766546,1
2019-07-19T21:00:00Z,298.290139287505,21.5533961976825,0,4.87430746877252,6,0,1.11299595693728,297.410920394682,0.114527069508358,1
2019-07-19T22:00:00Z,295.45407328648,21.3750616381421,0,4.29512318315274,6,0,1.09747443331693,295.976850239968,0.0348686025338207,1
2019-07-19T23:00:00Z,294.543740979345,21.1666276021375,0,4.06469111347402,6,0,1.0826324206087,294.618223105061,0.0143329537464024,1
2019-07-20T00:00:00Z,292.584186897315,20.9523405216764,0,3.5863450788607,6,0,1.06944616387776,293.307626765922,0.344478622339264,1
2019-07-20T01:00:00Z,291.709015975043,20.8395412978645,0,3.17751032844871,6,0,1.05874970683239,292.050257721493,0.153234939015169,1
2019-07-20T02:00:00Z,288.689557805053,20.7227337114992,0,3.17849493493573,6,0,1.05119713792155,290.833996799599,0.219077126962013,1
2019-07-20T03:00:00Z,288.666384209578,20.6540559933045,0,2.92100631544362,6,0,1.04723925346024,289.637125717597,0.212174016953962,1
2019-07-20T04:00:00Z,289.106123281111,20.67286992986,12.6536054362846,2.34233539703659,6,0.0937176971024422,1.04711089564115,288.461769412089,0.163285109532223,1
2019-07-20T05:00:00Z,287.402049809738,20.7157808830766,142.692737631634,2.10016527552805,6,1.02594965530567,1.05082549073794,287.402037910583,0.131670017342212,1
2019-07-20T06:00:00Z,288.92704438011,20.8260266972211,266.740595828076,2.2687215574193,6,1.78915506513886,1.05817469254412,287.278061595099,0.0540668054697907,1
2019-07-20T07:00:00Z,287.764922311619,20.9616504448275,379.588753025275,2.3597067353603,6,2.32950111773528,1.06873301675304,287.901953752974,0.225025957881216,1
2019-07-20T08:00:00Z,288.155535992763,21.1632208637395,476.499026739231,1.70135533020037,6,2.67618905096743,1.08186936639917,289.044230499081,0.0123505018469914,1
2019-07-20T09:00:00Z,290.84083731457,21.3622902916992,553.402422200019,0.535957759471389,6,2.88429012821412,1.09676882654066,290.524637859076,0.0184665750362911,1
2019-07-20T10:00:00Z,291.575585097332,21.5665742870932,607.069978205415,0.931259661523642,6,3.00010676066752,1.11246852518013,292.20749729066,0.0618771266083608,1
2019-07-20T11:00:00Z,292.61939898307,21.7763596689448,635.248342284809,1.08467008759519,6,3.05268935296379,1.12791033277909,293.972616667812,0.0666894315489011,1
2019-07-20T12:00:00Z,293.991870251653,21.9680613877407,636.75438274669,1.63287014898119,6,3.05563076065308,1.14201060282051,295.75915861092,0.045325196735349,1
2019-07-20T13:00:00Z,294.842905755886,22.1054751920409,611.524865111082,2.17419739125559,6,3.00957410172138,1.15374337281216,297.50622307025,0.043108656062533,1
2019-07-20T14:00:00Z,297.029178222406,22.2538217552866,560.619107150731,2.39261494347461,6,2.90236214096186,1.1622292793904,299.161463246377,-0.172681207797445,1
2019-07-20T15:00:00Z,298.030711510931,22.284947232942,486.1745010632,2.96243482396074,6,2.70671735697064,1.16681909831009,300.678493946672,-0.130073896012932,1
2019-07-20T16:00:00Z,299.687859327001,22.3028070664995,391.31677027502,3.57325268782528,6,2.37809095854038,1.16715953469575,301.953352818812,0.0180899226785434,1
2019-07-20T17:00:00Z,300.78658270722,22.2178086630868,280.028728946877,4.2762405376099,6,1.86134796227992,1.16323044669694,302.851414130384,0.251566487706931,1
2019-07-20T18:00:00Z,303.001878086796,22.1056270715873,156.983054605781,4.51532924812716,6,1.12195181037743,1.1553470214684,303.18062942293,0.250118107367398,1
2019-07-20T19:00:00Z,301.6012749902,21.9309542335164,27.34609531957,4.24567995573121,6,0.202358853515655,1.1441265210928,302.764171161522,0.378006546658616,1
2019-07-20T20:00:00Z,299.58092733932,21.7862107796573,0,4.17687363683003,6,0,1.13042541975263,301.475492510421,0.217580079964452,1
2019-07-20T21:00:00Z,299.148288327476,21.6000343648487,0,3.56916988989427,6,0,1.11525736528446,300.023702426305,0.0877724399001099,1
2019-07-20T22:00:00Z,297.989933847433,21.4154603736912,0,3.47036846152068,6,0,1.09970430470941,298.646873859176,0.0370727354996557,1
2019-07-20T23:00:00Z,295.519564526873,21.208694111539,0,2.61950695937251,6,0,1.08483213569089,297.309754036844,-0.0146015905524289,1
2019-07-21T00:00:00Z,296.817361594231,20.9899979612276,0,3.23388929394184,6,0,1.07161908684911,296.04377347444,0.141386783402879,1
2019-07-21T01:00:00Z,296.993974443761,20.8708912949227,0,2.07536026916052,6,0,1.06090089651972,294.7793829143,0.0561078424169439,1
2019-07-21T02:00:00Z,295.731631963129,20.7490377103266,0,1.67866772411507,6,0,1.0533329821422,293.580688363389,0.0949820057538134,1
2019-07-21T03:00:00Z,293.779973759989,20.6953129928764,0,2.20435889591868,6,0,1.04936705596887,292.409054233346,-0.00111738535176004,1
2019-07-21T04:00:00Z,294.27876042941,20.7341177696821,7.84224539980629,1.41092036468323,6,0.0580914465833999,1.0492384373497,291.235253272097,-0.145288892837138,1
2019-07-21T05:00:00Z,291.764227868882,20.777112505363,106.071410783269,0.798255247800278,6,0.772850337345632,1.0529605798381,290.143592887905,-0.0835782982283153,1
2019-07-21T06:00:00Z,290.458986435782,20.8604460207895,199.826819002573,0.5,6,1.39793462642245,1.06032471390546,289.774617639251,0.012996160624438,1
2019-07-21T07:00:00Z,289.984535256714,21.0021198254459,285.154162991351,0.5,6,1.88841541081297,1.07090449073722,290.024632489431,0.247434849781148,1
2019-07-21T08:00:00Z,288.091652712834,21.1589588034476,358.454604819105,0.5,6,2.24085064977861,1.08406753109194,290.749464481576,0.309698607272833,1
2019-07-21T09:00:00Z,288.295263019279,21.3371018450056,416.636563311025,0.5,6,2.47526660712292,1.09899726426661,291.806104702767,0.412567229766442,1
2019-07-21T10:00:00Z,290.172879415698,21.5874984648552,457.246107179633,0.5,6,2.61641546534606,1.11472886188049,293.07315283203,0.268929319026635,1
2019-07-21T11:00:00Z,292.945532305616,21.7836175242022,478.570454097687,0.5,6,2.68352586710424,1.13020204446548,294.455643905981,0.18660875767238,1
2019-07-21T12:00:00Z,294.535933336229,21.9649320589728,479.710210448269,0.5,6,2.686818751138,1.144330963729,295.87955458419,0.290932618049984,1
2019-07-21T13:00:00Z,295.894831827131,22.1231952182309,460.617304907533,0.5,6,2.62687630044274,1.15608757260689,297.282761195695,0.112971573409454,1
2019-07-21T14:00:00Z,297.973755961679,22.2481935245929,422.097015941341,0.861233068752148,6,2.49462605322722,1.16459072102671,298.605296212541,-0.0920211032727431,1
2019-07-21T15:00:00Z,299.556659370778,22.3203489124809,365.774007702413,0.711612352016589,6,2.27181711412869,1.16918986563599,299.77218983533,-0.0564477159168091,1
2019-07-21T16:00:00Z,300.857100889036,22.2871962946975,294.02380682658,1.31748369031165,6,1.93397576347096,1.16953099372738,300.70926919284,0.184183222301271,1
2019-07-21T17:00:00Z,300.267741077405,22.251238089832,209.872610220509,2.03107496763221,6,1.45966948349797,1.16559392252582,301.287691121536,0.081085707878252,1
2019-07-21T18:00:00Z,301.626428896505,22.1633009916052,116.869649632028,3.19032408577478,6,0.848486940773506,1.15769447958984,301.366659525485,0.081939633312296,1
2019-07-21T19:00:00Z,300.30057743835,21.9871655074909,18.9374962624471,3.54408238696525,6,0.140217003371381,1.14645118116807,300.783970067253,0.072221106225707,1
2019-07-21T20:00:00Z,301.171690365775,21.8160773518316,0,3.23630311654581,6,0,1.13272224164507,299.494230616188,0.164997535456193,1
2019-07-21T21:00:00Z,298.937440887876,21.6640592303107,0,3.76279424962502,6,0,1.11752336840818,298.11333963039,-0.0647603575773459,1
2019-07-21T22:00:00Z,295.852128624791,21.4307616611126,0,2.91069512935995,6,0,1.10193870680099,296.735725391216,0.0390260165931615,1
2019-07-21T23:00:00Z,294.430969668505,21.2156775433007,0,2.92228728258578,6,0,1.08703632019996,295.43544328509,0.00962211540498691,1
2019-07-22T00:00:00Z,292.495794053189,21.0519585635304,0,2.66585776293425,6,0,1.07379642481058,294.164924601505,-0.00104956441992475,1
2019-07-22T01:00:00Z,292.980024961429,20.9045007494889,0,1.34564812123428,6,0,1.06305645703903,292.931569554718,-0.00270611946191804,1
2019-07-22T02:00:00Z,291.09862292967,20.7854810647621,0,1.00166650563177,6,0,1.05547316601558,291.757004905172,0.0472422065681812,1
2019-07-22T03:00:00Z,291.352372113481,20.7333773136226,0,0.865314169126312,6,0,1.05149918179092,290.603851577052,0.0197949067849366,1
2019-07-22T04:00:00Z,290.161836788097,20.75184868475,6.19223915281103,0.59475235474218,6,0.0458705840177826,1.05137030184176,289.462649642155,-0.118404203273709,1
2019-07-22T05:00:00Z,290.250049443184,20.8104584389324,106.193416617535,1.02948090079491,6,0.773582326859969,1.05510000705673,288.37501639668,-0.0932339184630933,1
2019-07-22T06:00:00Z,289.848597934105,20.8977221757916,201.694886179699,0.669824691604133,6,1.40870875102168,1.06247910372493,288.008067287222,-0.103903918678688,1
2019-07-22T07:00:00Z,289.194916854401,21.0538510185625,288.649987217744,0.5,6,1.90443703041168,1.07308037676744,288.271219126115,-0.0420014218217958,1
2019-07-22T08:00:00Z,290.293917090548,21.2004780048751,363.374192312065,0.5,6,2.25810180488894,1.08627016206147,289.01599752961,0.0389805647283169,1
2019-07-22T09:00:00Z,291.599313469208,21.4411535570167,422.701230832285,0.5,6,2.49154780534021,1.1012302297787,290.093732544242,0.0396742210975498,1
2019-07-22T10:00:00Z,292.333733127718,21.654266484542,464.117252555217,0.5,6,2.6311019937155,1.11699379117999,291.380821963676,-0.11273743736196,1
2019-07-22T11:00:00Z,293.44244355693,21.8443327083323,485.867346431052,0.5,6,2.69696483306364,1.13249841249936,292.781679689066,-0.115302811572364,1
2019-07-22T12:00:00Z,295.139673660344,22.045098813426,487.029901003901,0.5,6,2.69982744634365,1.14665603919507,294.222634120939,-0.234825538182058,1
2019-07-22T13:00:00Z,296.266783774124,22.1821366596409,467.555655630637,0.762453825609133,6,2.64037754093549,1.15843653539554,295.642381771725,-0.20737249299948,1
2019-07-22T14:00:00Z,296.814224863654,22.2971980912605,428.269787790179,1.48770815143963,6,2.50928548006525,1.16695696068927,296.977258203943,-0.244911581352371,1
2019-07-22T15:00:00Z,298.952005801633,22.3546077912085,370.836948038197,2.58818778546262,6,2.28752449431558,1.17156544993628,298.144570154446,-0.113427914267966,1
2019-07-22T16:00:00Z,299.007063461934,22.3236653989951,297.690724172597,2.19556474749156,6,1.9491353527523,1.17190727113883,299.030969337067,0.00290828634282246,1
2019-07-22T17:00:00Z,300.098641685541,22.2995940295373,211.93052340763,3.14818570703647,6,1.47067952924927,1.16796220051406,299.593723468544,0.0194084430495324,1
2019-07-22T18:00:00Z,300.138457455826,22.1931623076585,117.190241943258,3.6981405104652,6,0.850419194058497,1.16004670732553,299.630380713491,0.0945565882647403,1
2019-07-22T19:00:00Z,301.544945950631,22.0451878116323,17.484286762273,4.42057922204288,6,0.129466332021495,1.14878056453606,299.025784741329,0.0604603351381942,1
2019-07-22T20:00:00Z,299.786958739679,21.8829629343814,0,4.71424550371268,6,0,1.13502373026803,297.676239605506,-0.188961486308048,1
2019-07-22T21:00:00Z,298.178118244985,21.7115991017487,0,4.64802149918901,6,0,1.1197939756442,296.212515735755,-0.329751435216993,1
2019-07-22T22:00:00Z,295.522765811775,21.4767956607668,0,5.25400777558653,6,0,1.10417764879723,294.79284432262,-0.141104715958133,1
2019-07-22T23:00:00Z,294.924419027019,21.30276765817,0,4.849823998697,6,0,1.08924498321699,293.375618923495,-0.215383162993717,1
2019-07-23T00:00:00Z,290.807427606756,21.0757845923254,0,3.62973840688976,6,0,1.07597818673263,292.023129844303,0.115967440600471,1
2019-07-23T01:00:00Z,289.063890839472,20.9285964184657,0,3.27350506947163,6,0,1.06521639727106,290.762908107895,0.237782449245715,1
2019-07-23T02:00:00Z,289.611996018568,20.7734251499205,0,2.05687460266481,6,0,1.0576176983591,289.541819412726,0.484439078707971,1
2019-07-23T03:00:00Z,289.733942953744,20.7506592244079,0,2.30112358858466,6,0,1.05363563971059,288.374800738864,0.330815141805175,1
2019-07-23T04:00:00Z,286.854652441747,20.7603532172489,4.62503182089604,1.3556675487958,6,0.0342619471954574,1.05350649790046,287.213689146061,0.19738787089818,1
2019-07-23T05:00:00Z,286.531674567517,20.8182813164557,110.765461007293,1.61408794939842,6,0.805357154012209,1.05724378120811,286.111114255337,0.108293334977649,1
2019-07-23T06:00:00Z,285.342511175288,20.939163499602,212.190053478972,1.11570244294748,6,1.47085737714009,1.06463787087848,285.773749942234,0.0430404141724876,1
2019-07-23T07:00:00Z,286.766159452154,21.0667066567577,304.580659764035,0.878597245552178,6,1.97966193532735,1.07526068380817,286.099751793027,0.175650425072843,1
2019-07-23T08:00:00Z,288.293835619055,21.2365314706408,384.003752125117,1.52951521128981,6,2.3337267986197,1.08847726838245,286.921279433908,0.275262735982878,1
2019-07-23T09:00:00Z,287.800202289381,21.4160298118444,447.077894403811,1.82706663075948,6,2.56180170602997,1.10346773227659,288.064533120277,0.52952080843579,1
2019-07-23T10:00:00Z,288.789556046385,21.6015443303145,491.117706580007,1.42766247888331,6,2.69532626643284,1.11926332240999,289.402873661271,0.565648917982071,1
2019-07-23T11:00:00Z,289.828489241045,21.8209413878782,514.248194758667,1.64039807004275,6,2.75726254282021,1.13479944634161,290.856410947363,0.54972147752823,1
2019-07-23T12:00:00Z,289.462119855448,22.0422750916053,515.484578987716,1.85306687914043,6,2.75945286450347,1.14898583879786,292.338604354593,0.230581280738963,1
2019-07-23T13:00:00Z,290.420138856945,22.1862855488239,494.774220239719,1.8747473159214,6,2.702731179813,1.16079027085566,293.78992879227,-0.0128164306160152,1
2019-07-23T14:00:00Z,290.562085174242,22.3213132888998,452.998861517148,2.57508429559689,6,2.57694565535853,1.16932800812682,295.160485082714,0.0320355233445537,1
2019-07-23T15:00:00Z,294.151609058701,22.3491478754995,391.937087666244,4.09782880311527,6,2.36070909579739,1.17394586099819,296.356953364869,0.103689350425132,1
2019-07-23T16:00:00Z,295.969246531132,22.3429134271256,314.188602171948,3.95071411854512,6,2.02330553699663,1.17428837672017,297.234249644657,0.169463644417471,1
2019-07-23T17:00:00Z,295.520356646649,22.2994079274876,223.063544847461,4.14112991100418,6,1.53428953018528,1.17033529041881,297.777687344149,0.24326841601285,1
2019-07-23T18:00:00Z,297.106258022214,22.1716244436062,122.441562715,5.47838251563116,6,0.886242031157649,1.1624037143665,297.822661685368,0.354810308265862,1
2019-07-23T19:00:00Z,295.951964770361,22.046834257613,16.6066341314726,5.62914771159997,6,0.122971478135632,1.15111468079365,297.132797381338,0.254331323961335,1
2019-07-23T20:00:00Z,295.819647250477,21.8970680023606,0,5.44194598507791,6,0,1.13732989510347,295.699617900589,0.133568194407721,1
2019-07-23T21:00:00Z,294.031618291987,21.7210562975493,0,5.30537639790328,6,0,1.12206919634726,294.199713924355,-0.179363571121925,1
2019-07-23T22:00:00Z,294.066028777828,21.5075470812108,0,4.36964739263598,6,0,1.10642113992242,292.753054415813,0.000218926278754979,1
2019-07-23T23:00:00Z,292.143104250302,21.2821632954103,0,4.02872436496692,6,0,1.0914581338415,291.402959254648,0.140687455139924,1
2019-07-24T00:00:00Z,292.233558885161,21.0605222263138,0,3.22839413567132,6,0,1.07816438160395,290.105376696184,0.347141411206003,1
2019-07-24T01:00:00Z,291.404264487436,20.9300021880844,0,2.33799784925471,6,0,1.0673807261146,288.870501303971,0.222775181534484,1
2019-07-24T02:00:00Z,291.102880858155,20.832168773951,0,2.07613345775567,6,0,1.05976658800805,287.686210642543,0.27393077492381,1
2019-07-24T03:00:00Z,290.750286624889,20.7789085978775,0,1.41185121904811,6,0,1.05577643852991,286.525143912284,0.190294606168466,1
2019-07-24T04:00:00Z,289.215437256973,20.8160030250561,3.72897822933182,1.32695596969772,6,0.0276243346479974,1.05564703432677,285.387474236795,-0.065344902508784,1
2019-07-24T05:00:00Z,286.703573747367,20.8605171519798,154.046536629988,1.26724196212379,6,1.09962860874996,1.05939191112442,284.283796747605,-0.0627054396878769,1
2019-07-24T06:00:00Z,287.584426067395,20.9399426335499,297.773447321799,1.24650183665468,6,1.93724817474468,1.06680102426006,284.250605699246,0.0470795790932073,1
2019-07-24T07:00:00Z,287.540721797747,21.0958702992833,428.760572158767,1.21086933223323,6,2.48139393000781,1.07744542084212,285.043922687425,0.0113020702410915,1
2019-07-24T08:00:00Z,288.517457329424,21.2862810993796,541.403825433541,1.43830224048882,6,2.7973750595095,1.09068885914798,286.363223696586,0.069575030478956,1
2019-07-24T09:00:00Z,289.391076288746,21.4406154024951,630.883936194932,1.06563713800462,6,2.96975961588892,1.10570978097862,287.970502399013,0.351428886310072,1
2019-07-24T10:00:00Z,290.447962066395,21.6641124309153,693.372633454977,0.735204221983487,6,3.05792767852098,1.12153746492076,289.729587601651,0.161662864011083,1
2019-07-24T11:00:00Z,291.299478614537,21.885599223102,726.196432963816,0.716437401493099,6,3.09467847030203,1.1371051554723,291.553998475937,0.190808257838687,1
2019-07-24T12:00:00Z,293.301751755645,22.080909476594,727.951018183337,1.58963226133535,6,3.09428988436351,1.15132037213597,293.387692919668,0.035701161965935,1
2019-07-24T13:00:00Z,295.330864160376,22.2346832016708,698.561321842895,1.98225873795756,6,3.05776860244434,1.16314878868448,295.173363955447,-0.0892568894310699,1
2019-07-24T14:00:00Z,299.20344395548,22.3630040517331,639.284737578772,2.33721491522529,6,2.97321506264751,1.1717038731079,296.883820281544,-0.214299048305303,1
2019-07-24T15:00:00Z,299.738613732451,22.4073290610719,552.657324252238,2.65668459789642,6,2.8112066951465,1.17633110862883,298.473539560285,-0.0550297898707058,1
2019-07-24T16:00:00Z,301.97707232009,22.4082011487149,442.38530451298,3.07891454760507,6,2.5165624211402,1.17667432028138,299.869793579087,-0.11265905624757,1
2019-07-24T17:00:00Z,303.904816808388,22.3494219944534,313.186499677487,3.61533225709557,6,2.00644352208194,1.17271320201701,300.938587249197,0.0898792048731887,1
2019-07-24T18:00:00Z,301.815112753751,22.218497155563,170.588484890921,3.85264826320115,6,1.20643103210077,1.16476551042342,301.462163676502,0.288217906462894,1
2019-07-24T19:00:00Z,300.490502908466,22.1017319154355,20.6921001981098,4.39679951519022,6,0.153182520572255,1.15345353955723,301.180130209482,0.0484792942511656,1
2019-07-24T20:00:00Z,299.29027272953,21.9553346016384,0,4.94029711357858,6,0,1.13964074565261,299.829187907891,-0.159568261365681,1
2019-07-24T21:00:00Z,298.9266050879,21.7445452880166,0,5.28217884234344,6,0,1.12434903989109,298.320178347046,-0.151130770256014,1
2019-07-24T22:00:00Z,295.106006517972,21.5358961621472,0,5.12996900928839,6,0,1.10866918941957,296.827669732183,-0.278768747511706,1
2019-07-24T23:00:00Z,294.070399397786,21.3503868938772,0,5.41906814405415,6,0,1.0936757811915,295.38969114923,-0.295592025469825,1
2019-07-25T00:00:00Z,292.97647717208,21.1482612290346,0,5.09038376582033,6,0,1.08035501843151,293.9746959311,-0.229129781087362,1
2019-07-25T01:00:00Z,292.65938027485,21.0035089987138,0,4.74489800761975,6,0,1.06954945248652,292.618568280589,-0.150021203971202,1
2019-07-25T02:00:00Z,291.972858763803,20.8814675916635,0,4.34416678360145,6,0,1.06191984381572,291.313019465774,0.00126238615053901,1
2019-07-25T03:00:00Z,288.727353596348,20.8723332071107,0,4.21032194228571,6,0,1.05792158706883,290.050780168314,-0.0837782390435843,1
2019-07-25T04:00:00Z,287.585420261255,20.8490848447673,0.370495586461231,3.52887770463961,6,0.00274469817586956,1.05779191993954,288.811285281613,-0.13774276102442,1
2019-07-25T05:00:00Z,286.171183085365,20.8994989878038,66.1564794382915,2.85071903533363,6,0.486504483936191,1.0615444056558,287.609014853977,-0.123412078337601,1
2019-07-25T06:00:00Z,286.716539955551,21.0217561834863,129.097848429585,3.30069956037382,6,0.93025008044069,1.06896857278169,286.911881115091,-0.340083375597052,1
2019-07-25T07:00:00Z,288.266885860875,21.1647478471712,186.488231920681,2.54984389462187,6,1.30530265699786,1.07963459687024,286.637347894335,-0.375512056715983,1
2019-07-25T08:00:00Z,289.29776126287,21.3038350121841,235.859942103569,3.04847373514822,6,1.59860686480081,1.09290494346965,286.744337711945,-0.175559828552827,1
2019-07-25T09:00:00Z,288.590008683347,21.5465362593294,275.090080334477,2.39697288826958,6,1.80986232054743,1.10795638512186,287.109156578824,-0.131967280870369,1
2019-07-25T10:00:00Z,290.332259599227,21.7592784541233,302.49181812525,3.32351481355844,6,1.9453130369961,1.12381622808161,287.680595585461,-0.391590821429583,1
2019-07-25T11:00:00Z,292.295629576806,21.970948359268,316.88692786786,3.50956336513639,6,2.0121369996075,1.13941554939078,288.328769682983,-0.505403691501381,1
2019-07-25T12:00:00Z,291.551139468344,22.1533726822178,317.6564445956,4.81134436660608,6,2.01494155642763,1.1536596488275,289.007593276783,-0.470201668073884,1
2019-07-25T13:00:00Z,291.71549549849,22.3336146599106,304.767280412354,5.23419053993323,6,1.95418764460649,1.1655120985989,289.594452691873,-0.59140241745234,1
2019-07-25T14:00:00Z,292.124364992222,22.4446921125413,278.773647215229,5.26765406603924,6,1.8260578716085,1.17408456542089,290.06860719825,-0.651992022482633,1
2019-07-25T15:00:00Z,295.565498028453,22.503368798513,240.793226535949,5.93349999590075,6,1.6237270272482,1.17872120265525,290.392970160196,-0.598631258410308,1
2019-07-25T16:00:00Z,292.185510429555,22.475631264053,192.459111156822,6.29038114430483,6,1.34050441677885,1.17906511165238,290.457019696997,-0.382350854060391,1
2019-07-25T17:00:00Z,291.550358553301,22.4146001114146,135.849584929192,6.77361067775689,6,0.975210771892384,1.17509594510548,290.211057161813,-0.309877922527266,1
2019-07-25T18:00:00Z,288.096665198909,22.298888440006,73.3987601414152,6.97519811447987,6,0.538685782135251,1.16713210522671,289.575471739508,-0.171366499759109,1
2019-07-25T19:00:00Z,286.69156467843,22.1350376578056,7.79191487588601,7.56394914926821,6,0.0577177801342298,1.15579715046271,288.515827319309,-0.105979944215295,1
2019-07-25T20:00:00Z,287.801131995737,21.9938239461331,0,7.84932123541219,6,0,1.14195629143599,286.973871890959,-0.292787093571794,1
2019-07-25T21:00:00Z,285.788486184497,21.7949399515095,0,7.44788474777639,6,0,1.12663351566848,285.409831250038,-0.360261072142639,1
2019-07-25T22:00:00Z,285.95046795673,21.5935681109753,0,7.2331223282967,6,0,1.11092180655046,283.93123249824,-0.42679638523027,1
2019-07-25T23:00:00Z,281.713235522766,21.3932625546418,0,7.53280269903419,6,0,1.09589793440354,282.521163687997,-0.292640402900758,1
2019-07-26T00:00:00Z,280.945936265206,21.2174087755696,0,7.13235102685748,6,0,1.08255010624056,281.150350672162,-0.329488459455421,1
2019-07-26T01:00:00Z,280.167747974406,21.0480197639477,0,7.13928146246425,6,0,1.07172258532182,279.84635902339,0.00292391227813142,1
2019-07-26T02:00:00Z,280.006394076772,20.8998365118911,0,7.05705700094317,6,0,1.06407747465334,278.58415768529,0.22776749723453,1
2019-07-26T03:00:00Z,276.98676909515,20.8529846943638,0,6.6068036094842,6,0,1.0600710941652,277.359003554595,0.0827699291713621,1
2019-07-26T04:00:00Z,275.670864321773,20.8622183789007,0,6.44621285970188,6,0,1.05994116357553,276.170811789173,-0.109031808761332,1
2019-07-26T05:00:00Z,274.772440801878,20.9456483526614,145.047449709734,5.75597609762736,6,1.03551080127797,1.06370127367035,275.001981373508,-0.332441003116883,1
2019-07-26T06:00:00Z,274.882039068236,21.07261927352,285.87656470715,5.37414303446045,6,1.85164275260809,1.07114052537351,274.883149163299,-0.396674369617675,1
2019-07-26T07:00:00Z,276.942926073425,21.2011042538146,414.350279283377,5.93512842011095,6,2.37233042825987,1.08182822091178,275.571222003293,-0.409781764324507,1
2019-07-26T08:00:00Z,278.363256866939,21.3878345506998,524.916042501571,5.85659761464167,6,2.66752308790918,1.09512553047757,276.738203580809,-0.276968464090955,1
2019-07-26T09:00:00Z,280.976099073701,21.5807131084985,612.795273512214,6.30641616680554,6,2.82448223459841,1.11020755396215,278.162435644769,-0.37728264564566,1
2019-07-26T10:00:00Z,281.98468093344,21.7863864053494,674.189888729983,6.12651078492282,6,2.90261097472631,1.12609962128088,279.682096747023,-0.290012276710244,1
2019-07-26T11:00:00Z,283.984465717288,22.0161196767559,706.446452552359,5.21399145655492,6,2.93390466058058,1.14173063761571,281.237081519559,-0.322820646621114,1
2019-07-26T12:00:00Z,286.561733496355,22.2047639894223,708.170857131972,5.03908634588735,6,2.9321056902445,1.15600367851009,282.816509730805,-0.618401358870425,1
2019-07-26T13:00:00Z,288.397231791267,22.3468705576576,679.288574817032,5.20748093117395,6,2.89832226422228,1.16788021033559,284.361354874789,-0.676728158454402,1
2019-07-26T14:00:00Z,289.32471773554,22.4639145278449,621.047879188288,4.98343705446918,6,2.82146033526272,1.17647009487406,285.827610118547,-0.68614944166096,1
2019-07-26T15:00:00Z,289.449875691243,22.5114670682267,535.965895481377,5.64730521071685,6,2.67338002728223,1.18111615292445,287.200012512829,-0.617464169375532,1
2019-07-26T16:00:00Z,290.30044321629,22.5093325566171,427.719812060462,5.90026136569219,6,2.3996223293828,1.18146076068303,288.361477084281,-0.438327008921492,1
2019-07-26T17:00:00Z,290.354863269356,22.4297515065902,300.987954712971,5.68960872874739,6,1.91513233096286,1.17748352950095,289.219120246852,-0.207120200011576,1
2019-07-26T18:00:00Z,293.098842285175,22.3239950754179,161.24759243174,6.28800782970957,6,1.13938284015031,1.16950350852658,289.606704536797,-0.0596054512548771,1
2019-07-26T19:00:00Z,291.913601142498,22.1981491291387,14.5382133880207,6.17885685476879,6,0.107658807944385,1.15814552316561,289.190431345373,-0.1189950762869,1
2019-07-26T20:00:00Z,290.207577081831,21.9893512584809,0,5.62368221204534,6,0,1.14427654199348,287.783213394529,-0.0716491197850218,1
2019-07-26T21:00:00Z,290.737404369706,21.8003119023066,0,5.4349389123532,6,0,1.12892263309129,286.346640830079,-0.181080592134362,1
2019-07-26T22:00:00Z,288.783684917877,21.6049529842601,0,5.26797006523995,6,0,1.11317900059572,284.964056199595,-0.227988552310176,1
2019-07-26T23:00:00Z,287.121816419224,21.396211765062,0,5.9625198891885,6,0,1.09812460263272,283.63225661576,-0.039120059181249,1
2019-07-27T00:00:00Z,285.512959522744,21.1840528520811,0,5.6559312100223,6,0,1.08474965407471,282.312383504567,0.220552140425821,1
2019-07-27T01:00:00Z,284.055774252025,21.0283168801723,0,5.03980575882967,6,0,1.07390013357363,281.044872620859,0.265028351654648,1
2019-07-27T02:00:00Z,282.766444516478,20.9443444457839,0,4.15390655734265,6,0,1.06623948941021,279.830284865001,0.193370367405662,1
2019-07-27T03:00:00Z,280.67165538196,20.8854000098114,0,3.789739273661,6,0,1.06222496867481,278.662251699146,0.0412376557021549,1
2019-07-27T04:00:00Z,279.695797164981,20.9337411453696,0,3.25140579840742,6,0,1.06209477408947,277.517150118505,-0.24857413742644,1
2019-07-27T05:00:00Z,278.247463931307,20.987970655654,134.620893120887,3.27484819302081,6,0.963444924333167,1.06586252405423,276.389298572786,-0.603390019739165,1
2019-07-27T06:00:00Z,277.082494239301,21.1101454203426,268.11612543053,3.12908527196127,6,1.74686689933955,1.07331689098381,276.223501410726,-0.61588943961535,1
2019-07-27T07:00:00Z,277.673513782708,21.2584816218268,389.962597096727,3.57795892590456,6,2.2524789739322,1.08402630200429,276.83092512015,-0.569500935548124,1
2019-07-27T08:00:00Z,279.171099935341,21.4189928285235,494.866481120419,3.58242262790065,6,2.54197533023587,1.09735062932038,277.914489823512,-0.345555363697055,1
2019-07-27T09:00:00Z,277.620267634275,21.5807714851973,578.270050010961,3.00292819116787,6,2.69695079857915,1.11246329677413,279.258330987238,-0.200824547048125,1
2019-07-27T10:00:00Z,278.973156268216,21.7875912439997,636.549694001297,2.76428279807661,6,2.7743033864135,1.12838765392596,280.738473425834,-0.0857290136792247,1
2019-07-27T11:00:00Z,282.739886584783,21.9888391270044,667.173354931412,2.98832518621522,6,2.80514242790471,1.14405042968507,282.269447130931,-0.191314745089267,1
2019-07-27T12:00:00Z,285.087570368328,22.2124059196718,668.810535817477,3.54243530988195,6,2.80297292094524,1.15835247084097,283.792586251705,-0.421443304635751,1
2019-07-27T13:00:00Z,285.590769181708,22.3618135937216,641.390106554053,4.91075049730659,6,2.7689550246725,1.17025313365099,285.262343927797,-0.430915151791992,1
2019-07-27T14:00:00Z,286.643957122966,22.4781812479638,586.103394282382,5.49793544375958,6,2.69233102050891,1.17886047129563,286.602686601975,-0.362705189070718,1
2019-07-27T15:00:00Z,288.673475266509,22.5420922411602,505.352424158473,6.03147716947171,6,2.54589827252544,1.18351596930344,287.803417095537,-0.476482142513039,1
2019-07-27T16:00:00Z,290.796922923773,22.5101601084973,402.645559288756,5.73446412620752,6,2.27755767097284,1.18386127724324,288.800311228735,-0.185197844549992,1
2019-07-27T17:00:00Z,289.645409078363,22.4800527383342,282.445073933627,6.09241490635222,6,1.80737164173359,1.17987596504007,289.538552747605,-0.216681393244205,1
2019-07-27T18:00:00Z,290.928276056295,22.3540139336866,149.973282420058,5.65779008136144,6,1.06252727922243,1.17187973009302,289.781871344093,-0.112027623979278,1
2019-07-27T19:00:00Z,289.259025744166,22.2297380369274,10.9856468220734,5.46614757514982,6,0.0813634857577565,1.16049866734103,289.327180516882,-0.165693517906851,1
2019-07-27T20:00:00Z,285.371158299427,22.0554795661068,0,5.79859891107411,6,0,1.14660150688434,287.934579725649,-0.268641763197935,1
2019-07-27T21:00:00Z,283.591421092774,21.8522091993938,0,6.05416335074773,6,0,1.13121640159052,286.481650520476,-0.233079735632403,1
2019-07-27T22:00:00Z,282.618055057536,21.6652946030538,0,5.61968148012242,6,0,1.11544078085482,285.06011885819,-0.41509275175141,1
2019-07-27T23:00:00Z,281.918914038721,21.4442559434787,0,5.05214301696861,6,0,1.10035579505274,283.707030849073,-0.369903463268498,1
2019-07-28T00:00:00Z,281.334492228524,21.2108752306136,0,4.55552089772289,6,0,1.08695367099591,282.419572706221,0.0735680140680626,1
2019-07-28T01:00:00Z,279.039485400781,21.0910427298145,0,4.94254226752722,6,0,1.0760821062133,281.184616177974,0.00834919507679544,1
2019-07-28T02:00:00Z,276.596506685304,20.9672528608749,0,3.33669195503283,6,0,1.06840589699365,279.967730343638,-0.022988526603933,1
2019-07-28T03:00:00Z,276.705690618486,20.9217939193026,0,2.88006462268025,6,0,1.06438321947147,278.812494201031,-0.0861985195694867,1
2019-07-28T04:00:00Z,275.160052925601,20.9374479731714,0,2.98942841846886,6,0,1.06425276035406,277.67873198203,-0.192368950517195,1
2019-07-28T05:00:00Z,275.530517106856,21.0167092684817,77.1714544170132,2.60326790802589,6,0.564527776270161,1.06802816571161,276.550494476009,-0.383257701271993,1
2019-07-28T06:00:00Z,274.626827006657,21.1281443672001,155.396502242253,1.86980096671322,6,1.09500115218233,1.07549767857905,275.991741278398,-0.463059391882158,1
2019-07-28T07:00:00Z,275.488616004833,21.2321662329426,226.833782485237,2.02888540039506,6,1.51586009343961,1.0862288492037,275.963032371879,-0.280378480117535,1
2019-07-28T08:00:00Z,275.056607991563,21.4241167484669,288.362892511407,2.37432537221674,6,1.81982514659472,1.09958024916532,276.337966038652,-0.186245644927158,1
2019-07-28T09:00:00Z,275.297777504709,21.5911979106805,337.29622164501,1.91472718583346,6,2.02178302433415,1.11472362285131,276.991065909161,-0.0369911708930204,1
2019-07-28T10:00:00Z,278.186046691931,21.8316923843501,371.49634683989,1.9600813923708,6,2.14243534346147,1.13068033544339,277.828214354501,0.0609559419163564,1
2019-07-28T11:00:00Z,279.561447728012,22.002301311065,389.469395983371,2.50576437013875,6,2.1985786093917,1.14637493515624,278.759128774027,0.0729700865233612,1
2019-07-28T12:00:00Z,280.412424957936,22.2161238913373,390.430300695084,2.49578869754287,6,2.19949624548637,1.16070603549698,279.708417521687,0.033972083360555,1
2019-07-28T13:00:00Z,282.41494191496,22.3557506838116,374.337088358157,2.85119335539047,6,2.1461640794572,1.17263087832136,280.633347690328,-0.0541400952923871,1
2019-07-28T14:00:00Z,283.125669479808,22.48477327874,341.892715496186,3.13793755269082,6,2.03117469807784,1.18125570453374,281.472756197846,-0.165301310717875,1
2019-07-28T15:00:00Z,282.935666205329,22.5228233592328,294.514362413496,3.44614631196711,6,1.83918116573733,1.1859206616793,282.170312298921,-0.1056075546486,1
2019-07-28T16:00:00Z,283.427535554596,22.5352528946128,234.271530318385,3.71956593351493,6,1.54962021726801,1.18626667122295,282.653506293614,-0.0948546854708025,1
2019-07-28T17:00:00Z,283.301794055497,22.4765320330291,163.795644866244,4.55315681721121,6,1.14516023475798,1.18227326157952,282.833116108608,0.0431102250906974,1
2019-07-28T18:00:00Z,283.187436833822,22.3832887063006,86.1651146679531,5.20483612734777,6,0.627834993556621,1.1742607797159,282.577846545957,0.0624484795980514,1
2019-07-28T19:00:00Z,283.107492935825,22.221304330614,4.77086544365176,5.47905876665437,6,0.0353416159606525,1.16285659268376,281.792166449673,0.0243631582806332,1
2019-07-28T20:00:00Z,282.245828149748,22.0552504735098,0,5.35428273663483,6,0,1.14893119568725,280.432074509345,-0.189438588470955,1
2019-07-28T21:00:00Z,280.207937328516,21.8701038381068,0,4.51849600616357,6,0,1.13351483061632,279.081600420824,-0.300720700244275,1
2019-07-28T22:00:00Z,275.502948693343,21.6913259227131,0,3.92634647184451,6,0,1.11770715664611,277.800769031543,-0.453481269090835,1
2019-07-28T23:00:00Z,275.844518063465,21.4904607912025,0,4.13666937297068,6,0,1.10259152085596,276.572546647056,-0.443958912470693,1
2019-07-29T00:00:00Z,273.48021303684,21.2869885351995,0,3.41068739564233,6,0,1.08916216608457,275.373139117714,-0.27393605399169,1
2019-07-29T01:00:00Z,273.156589670326,21.1291674484748,0,2.90933580834183,6,0,1.07826851223039,274.216735348703,-0.14894569866412,1
2019-07-29T02:00:00Z,272.292574781071,21.0054029877489,0,2.99350980825701,6,0,1.0705767063291,273.090497253622,-0.00545976751456663,1
2019-07-29T03:00:00Z,271.199365803395,20.9473191966024,0,2.05367265574514,6,0,1.06654585544702,271.981623916329,0.00676634282345406,1
2019-07-29T04:00:00Z,268.772769102704,20.9807497808773,0,2.46718541427049,6,0,1.06641513126006,270.89115784537,-0.0788919016008595,1
2019-07-29T05:00:00Z,265.114729248242,21.0092861488523,85.3014976813424,2.12422601542546,6,0.621248193687572,1.07019820756478,269.8046512226,-0.0568195673965019,1
2019-07-29T06:00:00Z,263.242923415264,21.1145238853132,173.764227774205,0.886904146673278,6,1.20205137937428,1.07768289714391,269.339809564398,0.0345711753574637,1
2019-07-29T07:00:00Z,262.116121691205,21.2899610928042,254.595200645912,0.5,6,1.63939427673027,1.08843587158436,269.450250334202,-0.112901709863604,1
2019-07-29T08:00:00Z,265.531221947165,21.4119919553341,324.244304925395,0.5,6,1.93592325717653,1.10181439919826,269.983770123757,0.0780495277083074,1
2019-07-29T09:00:00Z,266.776404130969,21.6087093648721,379.652538991082,1.02655999443913,6,2.12108230861509,1.11698854150605,270.794139868214,0.251254588355374,1
2019-07-29T10:00:00Z,267.452757251518,21.8061562480765,418.386362891406,1.69421473948663,6,2.22592552745179,1.13297767527884,271.764498837713,0.390989379255994,1
2019-07-29T11:00:00Z,268.951345417322,22.0372427721625,438.744579872345,2.27385438548208,6,2.27249181897429,1.14870416360599,272.809115490429,0.238447305945909,1
2019-07-29T12:00:00Z,269.395989360314,22.1854841769988,439.833053255459,2.77361682347508,6,2.2720644741311,1.16306438217464,273.866571486909,0.438835373556257,1
2019-07-29T13:00:00Z,273.073452386306,22.3838366462727,421.603977087196,3.09329956853459,6,2.22581484992662,1.17501345414283,274.888976333277,0.0303100294717369,1
2019-07-29T14:00:00Z,274.864821066761,22.4934850940892,384.857975785276,3.25611520266652,6,2.12486450682735,1.1836558044566,275.834763559646,0.00365570200857476,1
2019-07-29T15:00:00Z,274.992502168519,22.5481253730835,331.208940565265,3.16487657312503,6,1.94948692100559,1.18833023995916,276.6568574798,0.0591228247336884,1
2019-07-29T16:00:00Z,276.040556610079,22.5351907175698,263.013147038047,3.95214364709979,6,1.66976321081091,1.18867695253221,277.294233652874,0.129855176872194,1
2019-07-29T17:00:00Z,275.70564446875,22.5000233545878,183.265767146491,4.27708400286475,6,1.25384265879378,1.18467542899596,277.623233429891,0.304935602159701,1
2019-07-29T18:00:00Z,274.303332702599,22.35825962113,95.4693206563246,4.88940969103826,6,0.691453982488071,1.17664666720494,277.530117515697,0.345876096535795,1
2019-07-29T19:00:00Z,270.771095234099,22.2365012920789,3.47984383620807,5.9534205375109,6,0.025778527233751,1.16521930890826,276.868605169528,0.204126430722683,1
2019-07-29T20:00:00Z,271.326389186034,22.0589919815919,0,6.08348251112421,6,0,1.15126561800034,275.531650075924,0.271197310025491,1
2019-07-29T21:00:00Z,268.091740038379,21.8746751460868,0,5.85787394172899,6,0,1.13581792963805,274.206420191728,0.119277476908111,1
2019-07-29T22:00:00Z,267.587759459757,21.6505249328371,0,6.03567622171855,6,0,1.1199781373069,272.932343991462,0.125018222554113,1
2019-07-29T23:00:00Z,267.438470366803,21.4672102315822,0,5.49984859780316,6,0,1.10483178925339,271.698214177557,0.0475963624885646,1
2019-07-30T00:00:00Z,266.604822302389,21.2798721879562,0,5.28583609079736,6,0,1.0913751484395,270.515752765594,-0.0151561424798283,1
2019-07-30T01:00:00Z,266.589569837422,21.1540800693119,0,5.64530755889668,6,0,1.08045936063272,269.372288551487,-0.0113147072176328,1
2019-07-30T02:00:00Z,264.498437616508,21.0393308629897,0,4.89548887984287,6,0,1.07275192636013,268.257280738399,-0.105631301994978,1
2019-07-30T03:00:00Z,264.346957702674,20.9787550835734,0,4.03350947684603,6,0,1.06871288551135,267.170806857508,-0.0780683382628607,1
2019-07-30T04:00:00Z,264.219386785488,21.0158356810914,0,3.17414509784612,6,0,1.06858189571626,266.101589800188,-0.354955187138994,1
2019-07-30T05:00:00Z,265.432171476579,21.0749871609954,110.120630580372,3.37536563933069,6,0.790488250933347,1.07237265855415,265.039622539063,-0.548108724285109,1
2019-07-30T06:00:00Z,263.964796604651,21.1933695882964,227.065351814963,3.36464025679123,6,1.4833487634615,1.07987255568132,264.767640463491,-0.554958094620088,1
2019-07-30T07:00:00Z,263.850581946711,21.3451149320989,333.98143184886,3.72618834313951,6,1.928747772425,1.09064737823901,265.177110189092,-0.681825347748238,1
2019-07-30T08:00:00Z,265.002565619027,21.5154141999077,426.146780778543,3.94881651180387,6,2.18080052708509,1.10405308862374,266.011585420034,-0.586465829206458,1
2019-07-30T09:00:00Z,267.415181814132,21.6951534867497,499.490794224414,4.03971151144399,6,2.31350722190031,1.11925806206964,267.069818331517,-0.45891089354344,1
2019-07-30T10:00:00Z,268.580970878071,21.8698433649558,550.774136950218,4.23311596445564,6,2.37830779867494,1.13527968289717,268.227826279144,-0.193259940538879,1
2019-07-30T11:00:00Z,269.263853017246,22.1118975840964,577.731812382683,4.44142810559298,6,2.40308994097157,1.15103812463058,269.413893548992,-0.217662217237072,1
2019-07-30T12:00:00Z,269.030041237511,22.3140512089829,579.173199177089,4.39129197745307,6,2.39991967521349,1.16542752059016,270.58638639648,-0.337938279258253,1
2019-07-30T13:00:00Z,270.645303001624,22.4740009478851,555.03463658169,4.74100552725085,6,2.36997294917173,1.17740087093144,271.723468719916,-0.47711156873382,1
2019-07-30T14:00:00Z,272.823204941128,22.563569018304,506.3822360989,4.9236257515368,6,2.30398108879463,1.18606078095243,272.792835142478,-0.423483455312107,1
2019-07-30T15:00:00Z,271.294539003696,22.6197134773108,435.364795262531,5.53006447690391,6,2.17806198483978,1.19074471407032,273.766764736032,-0.379509468277152,1
2019-07-30T16:00:00Z,273.585426670772,22.6179934654524,345.118893156301,5.33987050374897,6,1.94567607559765,1.19109213110119,274.577252967352,-0.298460026231062,1
2019-07-30T17:00:00Z,274.401298983051,22.55006550522,239.630359255389,5.07878863087187,6,1.53425405313283,1.18708247718614,275.153770479308,-0.186745346362895,1
2019-07-30T18:00:00Z,275.118833011646,22.4381034523389,123.558234002661,5.90655248623935,6,0.877652321199529,1.17903740238984,275.330859599891,0.0107722308347697,1
2019-07-30T19:00:00Z,274.53002794302,22.2832045406302,2.02899613323717,5.88030177269151,6,0.0150309965793803,1.16758682574877,274.836492338406,0.151055336869051,1
2019-07-30T20:00:00Z,273.036371910103,22.1276333537236,0,6.38310635999967,6,0,1.15360478344128,273.511722415952,-0.0620795620506572,1
2019-07-30T21:00:00Z,271.875217006957,21.943734876256,0,6.64739317766567,6,0,1.13812570814429,272.198441536237,-0.197929998407468,1
2019-07-30T22:00:00Z,269.49433769828,21.7312013009799,0,6.02351432759919,6,0,1.12225373219346,270.925167153945,-0.306948404899485,1
2019-07-30T23:00:00Z,268.967014360968,21.5121753887152,0,5.27879864058278,6,0,1.10707660947477,269.711515710159,-0.0535776940605165,1
2019-07-31T00:00:00Z,267.471070706767,21.3101866723721,0,4.63221480365286,6,0,1.09359262717804,268.549303032427,0.110988959668481,1
2019-07-31T01:00:00Z,266.06996139212,21.1609866820501,0,3.3657954141657,6,0,1.08265466044643,267.426700033299,-0.000823404589813018,1
2019-07-31T02:00:00Z,265.762259683834,21.0592908482825,0,3.10493204794214,6,0,1.07493156604849,266.335089845805,-0.00407458635989903,1
2019-07-31T03:00:00Z,264.721279885623,21.0416503229069,0,2.49020654115524,6,0,1.07088431859246,265.262267479085,-0.322794950301812,1
2019-07-31T04:00:00Z,264.573031253326,21.0563862136969,0,1.54338721176699,6,0,1.07075306264958,264.200822329756,-0.43321776346774,1
2019-07-31T05:00:00Z,262.480980462305,21.1196140617912,124.375337213421,0.923289204801622,6,0.880823840720483,1.07455152763829,263.142674708433,-0.446332503189633,1
2019-07-31T06:00:00Z,264.198182613509,21.2312254344693,259.758514320725,1.2741908014723,6,1.60898539319763,1.08206666321252,262.961859962293,-0.572643151068477,1
2019-07-31T07:00:00Z,265.751852339285,21.3620601380987,383.603552243453,1.66756343604521,6,2.01334247658426,1.09286337827891,263.499550036554,-0.620492124025801,1
2019-07-31T08:00:00Z,266.213621875642,21.5265989798401,490.409413648496,2.15973769110938,6,2.20845033105799,1.10629632666497,264.424737649325,-0.27535511824035,1
2019-07-31T09:00:00Z,268.089586395786,21.7063826278119,575.431919513109,1.94391270506702,6,2.29698323579353,1.12153219389235,265.521970752326,-0.202577380438248,1
2019-07-31T10:00:00Z,270.060136482772,21.9125495740439,634.894479456597,2.77707749189851,6,2.33450388004633,1.13758636778249,266.681804563437,0.0173575068072437,1
2019-07-31T11:00:00Z,265.974464125384,22.0967745423408,666.155843028735,2.63987961798821,6,2.34612503071058,1.15337682784575,267.846245677846,0.0271515077503167,1
2019-07-31T12:00:00Z,269.837777152209,22.2778038742264,667.827420658406,3.22933995240795,6,2.3415034777146,1.16779546047949,268.99437840575,0.0243941374080915,1
2019-07-31T13:00:00Z,270.111855695287,22.4426679926359,639.834963016768,3.49725815082922,6,2.32154978212915,1.17979313852317,270.102857348961,0.0187230186885636,1
2019-07-31T14:00:00Z,270.099322626903,22.534582295973,583.42185907697,4.46192587014227,6,2.27900648963231,1.18847064392955,271.161660627229,0.0932294666549854,1
2019-07-31T15:00:00Z,271.263650507075,22.5932149238452,501.093906374823,5.0839519367138,6,2.1930947328751,1.19316409396022,272.135062970689,0.277227373793443,1
2019-07-31T16:00:00Z,273.472254975733,22.5625619252828,396.508006704454,4.70770498618996,6,2.01574825837114,1.19351221688025,272.988636559576,0.415493697660725,1
2019-07-31T17:00:00Z,273.682498239636,22.5167229959891,274.309731242983,5.57483780455953,6,1.65173246054774,1.18949441606693,273.668054384461,0.531994788798932,1
2019-07-31T18:00:00Z,274.464816162664,22.4312724456891,139.926970252553,5.57403189940848,6,0.975792074767318,1.18143299512024,273.956620653263,0.428391600608938,1
2019-07-31T19:00:00Z,274.75850700683,22.2979720542515,0,5.33589099532235,6,0,1.16995915295925,273.583523322706,0.185227823498948,1
2019-07-31T20:00:00Z,274.042967112562,22.1522313465773,0,5.16371535972638,6,0,1.15594870164723,272.270910208026,-0.0576457217009404,1
2019-07-31T21:00:00Z,270.384678014864,21.9601850627279,0,4.52492422906706,6,0,1.14043817564294,271.00055032069,-0.23833196444615,1
2019-07-31T22:00:00Z,271.472147738323,21.7665084942771,0,4.12075659350817,6,0,1.12453395068106,269.78098842286,-0.431553228068271,1
2019-07-31T23:00:00Z,270.477752047369,21.5381182109829,0,3.32044094808896,6,0,1.10932599076859,268.602922735754,-0.279963370508265,1
2019-08-01T00:00:00Z,267.331758131236,21.3670865526303,0,3.62788885826995,6,0,1.09581461143602,267.464062200659,-0.240047303379708,1
2019-08-01T01:00:00Z,265.831810432014,21.2130136759498,0,3.21756953219001,6,0,1.08485442071599,266.351755397544,-0.0528675348161025,1
2019-08-01T02:00:00Z,262.338309592056,21.0869021366033,0,1.85034657666801,6,0,1.07711563437413,265.26432796991,0.11803565649176,1
2019-08-01T03:00:00Z,262.508045350511,21.0384733680995,0,0.98686310762713,6,0,1.07306016363649,264.193270695001,-0.0682811607204565,1
2019-08-01T04:00:00Z,262.201219609538,21.0453439968709,0,0.569287296808881,6,0,1.07292864100506,263.13097912462,-0.0572102913992231,1
2019-08-01T05:00:00Z,263.525900324411,21.110368969851,152.509753246021,0.5,6,1.0476750169159,1.07673482379398,262.072402265356,-0.417916538895542,1
2019-08-01T06:00:00Z,261.927171454627,21.2438434791828,322.833402570939,0.5,6,1.79078683429393,1.08426522877706,262.058830972524,-0.400024163038461,1
2019-08-01T07:00:00Z,262.841887969657,21.3460630323774,478.733706046377,0.5,6,2.09765419971707,1.09508388083381,262.777564659783,-0.122719372915764,1
2019-08-01T08:00:00Z,263.256346720103,21.5116044054531,613.245448867556,0.5,6,2.20667872629975,1.10854412256394,263.78610462662,0.101955380059545,1
2019-08-01T09:00:00Z,263.276736978143,21.6935596615824,720.35900076674,0.5,6,2.24322466607526,1.12381094634341,264.882475979768,0.357642665348388,1
2019-08-01T10:00:00Z,264.168499725708,21.8919312733007,795.288810459877,0.5,6,2.25352740503819,1.13989773943816,265.991698021989,0.348462494960057,1
2019-08-01T11:00:00Z,263.804230869884,22.1205636690728,834.687211469358,0.5,6,2.25330233387121,1.15572028288679,267.086491170778,0.33130249894519,1
2019-08-01T12:00:00Z,268.34096701091,22.2931072714597,836.793987042049,0.5,6,2.24754630920715,1.17016821159837,268.156742748606,0.326137190837595,1
2019-08-01T13:00:00Z,269.830910796378,22.4759662470113,801.515011996138,0.5,6,2.23669710900176,1.18219026677397,269.198766537687,0.0205535486347937,1
2019-08-01T14:00:00Z,269.88227223088,22.5829408698056,730.426457986261,0.5,6,2.21711382314993,1.19088540331642,270.210646898528,0.0719891259489608,1
2019-08-01T15:00:00Z,271.417034555929,22.6566656033896,626.704374306757,0.5,6,2.17646171073767,1.19558838959654,271.187969920896,-0.0716405964187006,1
2019-08-01T16:00:00Z,274.476716333649,22.6528758020025,494.982790377207,0.515754095821675,6,2.07742535163777,1.19593721983995,272.114861946254,-0.0282623593666507,1
2019-08-01T17:00:00Z,274.885254508568,22.5803367720659,341.146679517373,1.06403487542538,6,1.81316113363215,1.19191125557533,272.938629388076,0.381215597869671,1
2019-08-01T18:00:00Z,278.119534181609,22.4437577822663,172.06903384455,1.8443212426101,6,1.15176611094346,1.1838334552658,273.495673639974,0.444654110259437,1
2019-08-01T19:00:00Z,276.284998339046,22.3318219231906,0,2.06865091485559,6,0,1.17233630031354,273.39049489182,0.337978794581441,1
2019-08-01T20:00:00Z,275.015420011102,22.1286901571619,0,1.73373247973834,6,0,1.15829738227498,272.148751080766,0.297207634808342,1
2019-08-01T21:00:00Z,272.600213459261,21.9558820834641,0,2.55168189724514,6,0,1.14275534166117,270.936406024649,0.113254585956944,1
2019-08-01T22:00:00Z,271.235555442764,21.7489361213344,0,2.53907922193815,6,0,1.12681880216404,269.742224201962,0.109988914942063,1
2019-08-01T23:00:00Z,270.442829597383,21.5457069993019,0,2.12904828047399,6,0,1.11157994240213,268.577240378725,0.0878288962053784,1
2019-08-02T00:00:00Z,270.907777229416,21.3931223015716,0,1.80385480707734,6,0,1.09804111036786,267.442385058691,-0.0969176144545706,1
2019-08-02T01:00:00Z,268.422892922896,21.2325623303879,0,1.60597005706309,6,0,1.08705865050424,266.332711186943,0.0771167169142325,1
2019-08-02T02:00:00Z,266.489234569904,21.1126600969784,0,1.21791852221043,6,0,1.07930414033524,265.243216042612,0.0709915734115881,1
2019-08-02T03:00:00Z,264.370279078779,21.0779016679672,0,0.607013811495568,6,0,1.07524042960776,264.168695694733,-0.0209386731813284,1
2019-08-02T04:00:00Z,263.185967471044,21.0863618756779,0,0.61754336806431,6,0,1.07510863974591,263.103161473216,-0.0963011362737245,1
2019-08-02T05:00:00Z,262.33651639425,21.1248845816374,127.215890696253,0.5,6,0.886864143869511,1.07892255601623,262.0419961244,-0.011688040660112,1
2019-08-02T06:00:00Z,265.841715701738,21.2181172803388,273.135617119035,0.5,6,1.5830257961797,1.08646826143287,261.865235428693,-0.00383253804169051,1
2019-08-02T07:00:00Z,265.887032135468,21.3469588723201,406.780007414082,0.5,6,1.90294754290668,1.097308895052,262.374531295998,0.145067897649618,1
2019-08-02T08:00:00Z,265.110507766139,21.5132468243948,522.142778586298,0.5,6,2.02906821944489,1.1107964855814,263.187461655566,0.312873233569177,1
2019-08-02T09:00:00Z,263.414731574992,21.719756697696,614.039265202067,0.5,6,2.07606528081784,1.12609432881113,264.106033559365,0.406498959638584,1
2019-08-02T10:00:00Z,266.427494888919,21.9325985700271,678.339430051067,0.5,6,2.09180155750689,1.14221380738686,265.04856696066,0.505064619530133,1
2019-08-02T11:00:00Z,266.10249793762,22.1209428410424,712.153477416006,0.5,6,2.09406670094654,1.15806849940854,265.982735211364,0.420852971106669,1
2019-08-02T12:00:00Z,269.212578160175,22.3521909444481,713.96172706762,0.780537147624954,6,2.08886468557296,1.17254578372235,266.895469877271,0.151815488504902,1
2019-08-02T13:00:00Z,268.865055416098,22.4851587580237,683.682912152063,0.770372713291483,6,2.07673915933868,1.18459226555984,267.780073497781,0.0819056440222537,1
2019-08-02T14:00:00Z,269.726690562677,22.631121304687,622.677831508236,0.98524294650968,6,2.05328751099338,1.19330506906166,268.633704207105,-0.247997863718394,1
2019-08-02T15:00:00Z,269.972829521661,22.7026766970778,533.688192271595,1.52938415985504,6,2.004345255037,1.19801761096717,269.44792243846,-0.331547735456401,1
2019-08-02T16:00:00Z,271.029025459297,22.6950550686106,420.713391316988,2.13125091620128,6,1.89048384079149,1.19836714997114,270.198645430622,-0.247533051814246,1
2019-08-02T17:00:00Z,270.501114715693,22.6442399544982,288.830773262848,2.47535500053404,6,1.61126675955744,1.19433300566854,270.823875062209,-0.176941213650003,1
2019-08-02T18:00:00Z,270.546054471781,22.5512544830513,143.967443051019,2.49418565250196,6,0.982048823041946,1.18623879271624,271.16724385708,-0.186511337337449,1
2019-08-02T19:00:00Z,271.936964761034,22.4001059776588,0,1.9363659764207,6,0,1.17471827760528,270.891860225977,-0.0962806370915837,1
2019-08-02T20:00:00Z,270.26060805195,22.2400205176191,0,1.59768856506928,6,0,1.1606508350009,269.661643565611,-0.304462751190398,1
2019-08-02T21:00:00Z,269.901769632689,22.0551799532086,0,1.73215341426356,6,0,1.14507721574553,268.459475724751,-0.679475518910125,1
2019-08-02T22:00:00Z,266.491952050897,21.8465537408012,0,1.79978929019442,6,0,1.12910829605581,267.28260928144,-0.577427107639736,1
2019-08-02T23:00:00Z,266.990193709047,21.6396991657005,0,1.72953319211527,6,0,1.11383847366151,266.132295056404,-0.497614181365773,1
2019-08-03T00:00:00Z,264.512942857238,21.4578092567392,0,1.45337260270037,6,0,1.10027213314657,265.008074154756,-0.385286827343489,1
2019-08-03T01:00:00Z,262.309913204331,21.2785514986048,0,1.15858537948619,6,0,1.08926735889244,263.907285882556,-0.30435020001232,1
2019-08-03T02:00:00Z,260.435017599395,21.193361427322,0,0.894515815669856,6,0,1.08149709294831,262.82549563715,-0.421764123435607,1
2019-08-03T03:00:00Z,258.652446502459,21.1597563763175,0,1.87702399510449,6,0,1.0774251254888,261.757794665131,-0.508940309698821,1
2019-08-03T04:00:00Z,259.456128467156,21.1569324455875,0,1.5606686845128,6,0,1.07729306785357,260.703534091437,-0.469814824032999,1
2019-08-03T05:00:00Z,260.364312954168,21.2055854544577,105.764106726116,0.867540326385557,6,0.74635420931356,1.08111473331834,259.652841927407,-0.499377913682608,1
2019-08-03T06:00:00Z,261.323167614637,21.3380566432247,230.495771216774,1.15432239965882,6,1.38889553502281,1.08867577025627,259.343484017688,-0.654655392847075,1
2019-08-03T07:00:00Z,261.909451628037,21.4278250342326,344.805927406082,1.68582387242417,6,1.71438203307803,1.09953843010039,259.668187829264,-0.494780892345965,1
2019-08-03T08:00:00Z,262.181233132413,21.6128375941374,443.526219122617,2.02882108047786,6,1.85574306559244,1.1130534249969,260.304395881565,-0.274878999236777,1
2019-08-03T09:00:00Z,261.136588155519,21.8022430190515,522.193161703713,2.05234885911493,6,1.91359811923176,1.12838235070287,261.061852332192,-0.177110529133965,1
2019-08-03T10:00:00Z,261.28072758829,21.9974591258165,577.249951522026,1.55953269710845,6,1.93549608696925,1.14453458117062,261.852648813861,-0.121946005090518,1
2019-08-03T11:00:00Z,263.195462390163,22.1913961572061,606.207281337308,2.16854674833441,6,1.94075669855306,1.16042148708549,262.639974299287,0.0203209641826179,1
2019-08-03T12:00:00Z,261.990737598388,22.3880360899634,607.755890457,2.98453525650031,6,1.936291831819,1.17492818664684,263.406499183314,-0.02978204580235,1
2019-08-03T13:00:00Z,263.141304625861,22.5450627260867,581.825760924975,2.83027685062293,6,1.92273958864283,1.18699914477682,264.140408402283,0.0080148260522161,1
2019-08-03T14:00:00Z,262.241518478906,22.6508912456203,529.589283274676,2.77539723301199,6,1.89497715722251,1.19572965113412,264.840343395646,-0.0633164901563445,1
2019-08-03T15:00:00Z,264.620792254743,22.6944707612969,453.408248712042,2.88126122061592,6,1.83735292415906,1.20045176808035,265.496594873677,0.123431943865174,1
2019-08-03T16:00:00Z,265.368117849553,22.6779998189433,356.727064394345,2.8650828216031,6,1.70978782905026,1.20080201728493,266.083584303943,0.173127418409271,1
2019-08-03T17:00:00Z,267.693942930404,22.6155445273214,243.917019910248,3.17602494827825,6,1.42157730657205,1.19675967632399,266.53935122488,0.347709147868724,1
2019-08-03T18:00:00Z,267.657404420908,22.5222763093952,120.078646210322,2.59188351200376,6,0.832292471075425,1.18864901738137,266.706562389413,0.315844046563707,1
2019-08-03T19:00:00Z,269.128604534068,22.3988012436472,0,2.83285581751564,6,0,1.17710509464806,266.303360741452,0.126409633056603,1
2019-08-03T20:00:00Z,270.310528004707,22.2234594932079,0,2.75326148167915,6,0,1.16300906952105,265.086237437798,0.137817887033319,1
2019-08-03T21:00:00Z,266.686083581766,22.0009011010595,0,3.28924695449748,6,0,1.14740380746198,263.896890253485,0.295309021279571,1
2019-08-03T22:00:00Z,265.1095602782,21.8135793221144,0,2.69469487564446,6,0,1.13140244178891,262.734857112519,0.18805552624679,1
2019-08-03T23:00:00Z,262.481474133682,21.5872001542169,0,3.27301318315867,6,0,1.11610159385171,261.60387135836,0.389146676877315,1
2019-08-04T00:00:00Z,263.97227173016,21.3841693546073,0,2.89026195005115,6,0,1.10250768896378,260.502776691057,0.44620217518096,1
2019-08-04T01:00:00Z,262.86447112912,21.2323650848675,0,2.58737613007102,6,0,1.09148055498031,259.426459772676,0.650008370690178,1
2019-08-04T02:00:00Z,259.608414200416,21.1147868043926,0,1.87701358023595,6,0,1.08369450124813,258.369905817147,0.560946554599196,1
2019-08-04T03:00:00Z,260.14171927294,21.0719687766897,0,0.758989533150691,6,0,1.0796142602804,257.323885531736,0.53882125900255,1
2019-08-04T04:00:00Z,257.020020967983,21.1011070297757,0,0.5,6,0,1.07948193432772,256.280380960983,0.321958164720366,1
2019-08-04T05:00:00Z,256.423322476752,21.1659973581259,129.626324903256,0.5,6,0.885101411146943,1.08331136473191,255.239979287063,0.0370231792965738,1
2019-08-04T06:00:00Z,255.21754974889,21.2784032393926,286.985556682055,0.5,6,1.52566230444579,1.09088776434204,255.08234619056,0.0620161870825163,1
2019-08-04T07:00:00Z,255.674129630111,21.4031013120855,431.289561968341,0.5,6,1.75539957736296,1.10177249516448,255.555224132136,0.284576606830223,1
2019-08-04T08:00:00Z,257.027677772216,21.5841597821571,555.973824085492,0.5,6,1.82545876017755,1.11531495010888,256.24189660384,0.276653294558821,1
2019-08-04T09:00:00Z,256.056915737822,21.7799843166257,655.366345805457,0.786731950395042,6,1.84523405101247,1.1306750214451,256.978798025024,0.263949875905294,1
2019-08-04T10:00:00Z,255.402274415659,22.0149011621946,724.945673513225,1.73176513917946,6,1.84902291472447,1.14686007035085,257.713982098782,0.16382408346626,1
2019-08-04T11:00:00Z,256.203043203281,22.2322023296969,761.546582125959,2.12169287177782,6,1.84707796215978,1.16277925561177,258.431948888499,0.0399742221463455,1
2019-08-04T12:00:00Z,257.019403073938,22.4112645430063,763.504063978134,2.87334459349089,6,1.84237587425653,1.17731543018718,259.124313871118,-0.0252108571966739,1
2019-08-04T13:00:00Z,257.787463307079,22.5774208299951,730.729071491082,3.06268429690577,6,1.83516007376637,1.18941091434109,259.788891406211,-0.0941711127746268,1
2019-08-04T14:00:00Z,261.59413562248,22.6762150754603,664.71256802601,2.77857448942062,6,1.82326794718528,1.19815915952289,260.424871852104,-0.125501160502249,1
2019-08-04T15:00:00Z,260.655031893762,22.7316183788711,568.457702643606,3.08820821513067,6,1.79877424414525,1.20289087096459,261.033600898133,-0.0110296555924795,1
2019-08-04T16:00:00Z,261.059446673359,22.73845152016,446.343194200322,3.37289682887524,6,1.73461357987001,1.2032418318128,261.606012056654,0.0375057554874544,1
2019-08-04T17:00:00Z,258.811320761228,22.6736078580928,303.924139559502,3.16993736872415,6,1.54016393651095,1.19919127753938,262.108329908637,0.136116568453635,1
2019-08-04T18:00:00Z,258.926106114406,22.5588114876109,147.679307327765,3.36335723184405,6,0.979010105160926,1.19106413919112,262.420424362016,0.268565617634298,1
2019-08-04T19:00:00Z,258.767097781911,22.4356389741092,0,4.15423181961578,6,0,1.17949676127538,262.181322655041,0.177782055287469,1
2019-08-04T20:00:00Z,257.849515377787,22.260799794541,0,3.99307053819358,6,0,1.16537209555117,260.981329468726,-0.0634156879261482,1
2019-08-04T21:00:00Z,257.980384528267,22.1040598502796,0,4.69011659383961,6,0,1.1497351263959,259.813057397345,-0.340064168333624,1
2019-08-04T22:00:00Z,254.932958081246,21.8611632181407,0,4.06401438320375,6,0,1.13370124881506,258.680181718351,-0.0416327791960348,1
2019-08-04T23:00:00Z,256.307494512961,21.6631368282594,0,3.23183213973854,6,0,1.1183693122966,257.578780725808,-0.170292414084274,1
2019-08-05T00:00:00Z,253.366327524227,21.4713518962991,0,2.29939972756049,6,0,1.10474778702983,256.501283163243,0.00291623778179737,1
2019-08-05T01:00:00Z,254.264330648296,21.2802682038015,0,2.12571665748873,6,0,1.09369824788605,255.440325746649,0.397457367543133,1
2019-08-05T02:00:00Z,252.431854107877,21.1688016241092,0,1.66491470825119,6,0,1.08589637428787,254.398085107295,0.557945948235987,1
2019-08-05T03:00:00Z,249.803093860529,21.1194980657665,0,1.38713661554848,6,0,1.08180784300163,253.366228676495,0.468190784363817,1
2019-08-05T04:00:00Z,248.813608937826,21.1045227748815,0,1.49845828492881,6,0,1.08167524818632,252.341408350989,0.375572477494054,1
2019-08-05T05:00:00Z,247.925685189657,21.1874211933626,66.2387083362162,1.8222309967437,6,0.478513135967399,1.0855124593069,251.322640311475,0.418006632336687,1
2019-08-05T06:00:00Z,246.818575008373,21.2611356340439,149.107942108567,1.41826697539387,6,0.979985142925057,1.09310425280342,250.78546487644,0.33281050705769,1
2019-08-05T07:00:00Z,248.605566791528,21.4423589204934,225.151820926548,2.02057592891245,6,1.30057385393921,1.10401109944847,250.73594572164,0.269997347934026,1
2019-08-05T08:00:00Z,249.781598639623,21.5825242895877,290.889467395569,1.93240317574125,6,1.4785533149365,1.11758107023465,251.000348989244,0.530388118231235,1
2019-08-05T09:00:00Z,249.178562105804,21.7734359901665,343.311767683923,1.86962947019589,6,1.57012946154906,1.13297235048345,251.421849292614,0.824675493561338,1
2019-08-05T10:00:00Z,247.246486030829,21.9907500793995,380.019112475482,1.47441259283609,6,1.61393692612443,1.14919028450839,251.911643770663,0.685000897465501,1
2019-08-05T11:00:00Z,248.03371727718,22.2085055520116,399.331238102919,1.31849061736372,6,1.6304400150177,1.1651418147012,252.418019635422,0.643763888357681,1
2019-08-05T12:00:00Z,247.261997002448,22.3957033306482,400.364139928611,1.64605435934421,6,1.62830967689613,1.17970752417862,252.917056274322,0.451680732788066,1
2019-08-05T13:00:00Z,248.546132434508,22.535854750639,383.070537294707,2.14685146013181,6,1.60835654735953,1.19182758418895,253.394976286708,0.335712361826609,1
2019-08-05T14:00:00Z,250.742158947877,22.6711904439219,348.242037775877,2.14879853431406,6,1.56387431446243,1.20059360423736,253.837685791056,0.285254482605037,1
2019-08-05T15:00:00Z,250.896465343855,22.7321904529145,297.472901666926,3.0390746091665,6,1.4773190955887,1.20533492966884,254.222090710051,0.291587333412627,1
2019-08-05T16:00:00Z,250.220524082178,22.7324599316209,233.087065371041,3.94268519384105,6,1.31374956232344,1.20568660360661,254.515751442228,0.443172534528171,1
2019-08-05T17:00:00Z,248.475821254092,22.6624587318451,158.031764163144,3.39975164367439,6,1.01795933319052,1.20162781933271,254.648442521966,0.405860137778306,1
2019-08-05T18:00:00Z,249.035242074981,22.5829964902197,75.7426237027859,3.32965052695482,6,0.541908110854691,1.19348416809564,254.488291237347,0.285928874471928,1
2019-08-05T19:00:00Z,250.041413886526,22.4330384505932,0,3.78462191225075,6,0,1.18189328734072,253.865882670493,0.324261002322313,1
2019-08-05T20:00:00Z,249.969674634419,22.2861754846912,0,4.22892671326701,6,0,1.16773992282675,252.728396034428,0.208231191127579,1
2019-08-05T21:00:00Z,248.614439192533,22.06903394499,0,4.22734908466687,6,0,1.15207118215214,251.626613080667,0.0702825967929521,1
2019-08-05T22:00:00Z,250.39421994666,21.9122465894881,0,3.99569377981026,6,0,1.13600472660516,250.557901726108,-0.169379155544707,1
2019-08-05T23:00:00Z,246.945854909684,21.7108245511744,0,3.75766864170067,6,0,1.12064163833902,249.517603082248,-0.157831590753879,1
2019-08-06T00:00:00Z,247.178844922296,21.4995425365955,0,3.61927595055909,6,0,1.10699243657374,248.502828295907,0.0166566970319149,1
2019-08-06T01:00:00Z,246.00173498865,21.352357491983,0,3.32254713629019,6,0,1.09592044674639,247.512138352038,0.0996962417137671,1
2019-08-06T02:00:00Z,244.880558859504,21.2360034873437,0,4.32593794112937,6,0,1.08810272113907,246.536491173704,0.170718918251716,1
2019-08-06T03:00:00Z,243.167541112437,21.1684900049368,0,3.56582475294488,6,0,1.08400588268988,245.611308219305,0.165759905749613,1
2019-08-06T04:00:00Z,242.252591867218,21.1815679977187,0,2.89045054886024,6,0,1.08387301846566,244.673429752516,0.0188079909905261,1
2019-08-06T05:00:00Z,240.305583071114,21.2288176999598,71.713746935711,2.86418657242906,6,0.514086630792318,1.08771802611165,243.720751620088,-0.0630527929913837,1
2019-08-06T06:00:00Z,242.097212553817,21.3775350339493,164.293958025755,3.09467176292334,6,1.0390480169023,1.09532524477219,243.28046212697,-0.159745666382142,1
2019-08-06T07:00:00Z,240.112165576629,21.5221978363173,249.306037889846,2.97072882127147,6,1.33828719242786,1.10625425217523,243.362943438799,-0.167409107406409,1
2019-08-06T08:00:00Z,240.837034970937,21.6956654716538,322.833941264154,2.93594564883449,6,1.48458502437526,1.11985179471044,243.724266271804,-0.0991120840253439,1
2019-08-06T09:00:00Z,241.630605587336,21.8676074835844,381.4906365853,2.91452791868957,6,1.55169088134595,1.13527434728276,244.209389358221,0.0744414966651196,1
2019-08-06T10:00:00Z,244.101792890506,22.0597106757369,422.574128157242,3.57965822577673,6,1.5807894892477,1.15152523324354,244.736556093166,0.19753570576291,1
2019-08-06T11:00:00Z,246.509365247747,22.2321719047119,444.191922432602,3.61317472930795,6,1.59063668054499,1.16750917408736,245.283558930489,0.4032074888184,1
2019-08-06T12:00:00Z,244.901234617927,22.4528062711412,445.348204922173,3.75637534199478,6,1.58841747737945,1.18210447847642,245.81427801296,0.141018462479119,1
2019-08-06T13:00:00Z,244.97569395295,22.6214337755715,425.989711965375,4.57137201335328,6,1.57472749422523,1.19424916427689,246.32112148615,-0.0678520290388817,1
2019-08-06T14:00:00Z,245.469716053575,22.7222842319258,387.008184298108,5.39386894793801,6,1.54395704774759,1.20303299530727,246.8107711669,-0.0390361583681188,1
2019-08-06T15:00:00Z,245.812314872779,22.7739935263682,330.199289395422,5.54779600972722,6,1.48020182320893,1.20778395426243,247.270577104579,0.193792875365785,1
2019-08-06T16:00:00Z,246.879899760136,22.7471647035552,258.179904813808,5.65690960548367,6,1.34712609155628,1.20813634273862,247.657666292777,0.427105086544499,1
2019-08-06T17:00:00Z,248.957001715017,22.7039894664181,174.267572840735,6.51426397440329,6,1.07522979194136,1.20406931174237,247.909818381193,0.452351375559372,1
2019-08-06T18:00:00Z,248.262308879154,22.5963789188595,82.3276793216673,7.1866321463012,6,0.582865880026977,1.19590911406524,247.915777058186,0.401236393378304,1
2019-08-06T19:00:00Z,249.375879407912,22.4649848354648,0,7.67298860264758,6,0,1.18429468271759,247.46546006583,0.556334470916696,1
2019-08-06T20:00:00Z,247.560234871302,22.2855383107019,0,7.24667210689117,6,0,1.17011256110307,246.481230689966,0.622649351558144,1
2019-08-06T21:00:00Z,246.923902730606,22.0851774996463,0,6.46021015414571,6,0,1.15441198435508,245.525033536009,0.521081524552188,1
2019-08-06T22:00:00Z,243.851685601778,21.8487728687158,0,6.5900439659694,6,0,1.13831288464937,244.581321986374,0.649433293591928,1
2019-08-06T23:00:00Z,242.692212443658,21.6561978449666,0,6.27762276784168,6,0,1.12291858134078,243.684730500931,0.637456049247823,1
2019-08-07T00:00:00Z,242.02525873094,21.4600615349699,0,6.38338988440366,6,0,1.10924164684331,242.813134908962,0.582403622706064,1
2019-08-07T01:00:00Z,241.515791515076,21.3082150516063,0,5.34418426624752,6,0,1.09814716071662,241.982384203881,0.622189783692753,1
2019-08-07T02:00:00Z,241.609788473449,21.2112991769094,0,5.65087235763113,6,0,1.09031355089171,241.127504887229,0.621975178870934,1
2019-08-07T03:00:00Z,239.07982987151,21.2038001217394,0,5.01740423965399,6,0,1.08620838840091,240.310906400664,0.353162622302566,1
2019-08-07T04:00:00Z,239.320162953637,21.1970397681735,0,4.50887122074549,6,0,1.0860752542204,239.475836235775,0.211250931356568,1
2019-08-07T05:00:00Z,238.814249381952,21.2776707695431,117.644146286826,4.24026561393926,6,0.79400115427685,1.08992807423293,238.622694974119,0.0430123394763602,1
2019-08-07T06:00:00Z,239.746752661413,21.3714183234379,274.574007298509,3.66347197254507,6,1.36247177402235,1.09755074939866,238.548671212559,0.038322837178173,1
2019-08-07T07:00:00Z,240.659237151873,21.5208056959839,418.774385689736,3.55409918006306,6,1.52635316581332,1.10850196258637,239.004101583176,-0.0178601120801044,1
2019-08-07T08:00:00Z,239.94392036455,21.6947410147621,543.560030264832,3.19308644025498,6,1.56677233558729,1.12212713289148,239.599287083831,0.103022223115197,1
2019-08-07T09:00:00Z,240.90803784575,21.8810038025122,643.145773266913,3.31460253483761,6,1.57610793735776,1.13758102132706,240.197871042262,0.228853315666559,1
2019-08-07T10:00:00Z,239.849038333688,22.1089732370029,712.914735635714,3.06072109396226,6,1.57724330247947,1.15386492617613,240.784250886484,0.208509560713046,1
2019-08-07T11:00:00Z,240.526902764584,22.290419125559,749.632369415808,2.94514401598051,6,1.57586915145687,1.16988134352359,241.337213832146,0.154028909627588,1
2019-08-07T12:00:00Z,240.106418857455,22.4696237325517,751.596414128619,3.5870360930632,6,1.57343027688556,1.18450630295583,241.860051124416,0.341205441944568,1
2019-08-07T13:00:00Z,241.742603691326,22.6121245408993,718.715815004312,4.8474698988812,6,1.57001673841902,1.19667566458166,242.374119911654,0.413455304681871,1
2019-08-07T14:00:00Z,245.47116537307,22.7078760209269,652.514944357737,5.03523822447842,6,1.56452204823354,1.20547734278271,242.900609968801,0.528084149167903,1
2019-08-07T15:00:00Z,246.668371457238,22.760959678978,556.062930401886,5.04264796010436,6,1.55243467013232,1.21023795483515,243.408584010346,0.52924882517162,1
2019-08-07T16:00:00Z,246.554478832254,22.7836641826467,433.8313698747,5.72915014620935,6,1.51552203999875,1.21059105930158,243.892083390054,0.481121301445617,1
2019-08-07T17:00:00Z,246.040316343976,22.698751929887,291.487021041865,5.8219265215441,6,1.37810084314593,1.20651576482712,244.353668130031,0.612413536000759,1
2019-08-07T18:00:00Z,246.063745095466,22.6186030054886,135.629088002909,6.24623171785532,6,0.88580403086205,1.19833898709053,244.68271840991,0.63192178398893,1
2019-08-07T19:00:00Z,245.401533429179,22.4086871844088,0,5.58612702973498,6,0,1.18670095729957,244.545636889907,0.994261302237453,1
2019-08-07T20:00:00Z,244.816264704726,22.3052192450274,0,5.76401883288174,6,0,1.17249002015521,243.526862762754,0.622610355722054,1
2019-08-07T21:00:00Z,242.273933653691,22.1120687658454,0,6.51415199471722,6,0,1.15675754264865,242.549851412091,0.47239442214915,1
2019-08-07T22:00:00Z,242.201535364899,21.8880381612064,0,6.33667482741397,6,0,1.14062573245713,241.644181181102,0.571952010718312,1
2019-08-07T23:00:00Z,239.709162235363,21.6883225999977,0,6.51337973183052,6,0,1.12520015068272,240.770476541919,0.30869254647455,1
2019-08-08T00:00:00Z,241.705901200448,21.5280218616111,0,6.11569866496734,6,0,1.11149542710511,239.945032678639,0.334652259530558,1
2019-08-08T01:00:00Z,240.358038952499,21.3631395461794,0,6.05153859237695,6,0,1.10037839897063,239.131945883669,0.432520858163273,1
2019-08-08T02:00:00Z,238.760654807028,21.27888129907,0,5.3854784858585,6,0,1.09252887265426,238.344345668375,0.407599294404739,1
2019-08-08T03:00:00Z,238.473647030805,21.2136126906991,0,4.72421501816267,6,0,1.08841536920888,237.539445522502,0.222709985019246,1
2019-08-08T04:00:00Z,235.745209895984,21.2257981378605,0,4.46783233292814,6,0,1.08828196452357,236.711519517252,0.0846908334825431,1
2019-08-08T05:00:00Z,235.000943391417,21.2887006205552,102.916292022676,4.29762541633391,6,0.705643502460498,1.09214261277598,235.877127026789,0.117904043095665,1
2019-08-08T06:00:00Z,234.688611740233,21.4171624751439,244.972901784576,4.52869559587992,6,1.2724018486741,1.09978077585174,235.737710829044,-0.119682925532239,1
2019-08-08T07:00:00Z,233.803594402947,21.5395164090909,375.598240983239,4.70520074630226,6,1.45594573159241,1.11075423994231,236.165008812432,0.0669852495856423,1
2019-08-08T08:00:00Z,234.967533277219,21.7064770279064,488.696886068073,4.25581039126828,6,1.50696070259012,1.12440709415199,236.76393590237,0.247301961669745,1
2019-08-08T09:00:00Z,235.287512645192,21.9149716075474,578.991268773847,4.11283387049063,6,1.52108813666286,1.13989238211969,237.364790577854,0.176103577728331,1
2019-08-08T10:00:00Z,236.603455670849,22.1365236916312,642.267945444014,4.11566777141728,6,1.52466996118804,1.15620937294551,237.945192513537,0.0350172180348166,1
2019-08-08T11:00:00Z,235.278723855527,22.3414375138785,675.574210672832,4.56853850585905,6,1.52479246199406,1.17225833278304,238.500475123526,0.00838619399317535,1
2019-08-08T12:00:00Z,237.290014836714,22.5359321536655,677.355880603608,4.20164241867387,6,1.52335160269774,1.18691300751221,239.045788944296,-0.0484783460083054,1
2019-08-08T13:00:00Z,236.766319121142,22.6935350046522,647.529816444723,4.92603891001284,6,1.52045278480379,1.19910709510023,239.548700952005,-0.00117783688562713,1
2019-08-08T14:00:00Z,238.626312832097,22.8150314073724,587.48780400903,5.24645417168955,6,1.51458068038471,1.20792665673422,240.052809818436,-0.0436273430438619,1
2019-08-08T15:00:00Z,238.616341363505,22.8541869775597,500.031608244053,5.59557135395043,6,1.49989144859963,1.2126969414973,240.544261669137,0.0629141196519856,1
2019-08-08T16:00:00Z,239.394982637356,22.8213823850806,389.242233330002,6.17295144149803,6,1.45456893734656,1.21305076340873,241.021213276276,0.336760203695102,1
2019-08-08T17:00:00Z,238.428888738322,22.7340695290667,260.289489115022,6.33428722780119,6,1.29745570112955,1.20896718866615,241.468987953451,0.586749358258479,1
2019-08-08T18:00:00Z,240.845296663378,22.6416086991444,119.190750166889,6.14894877491897,6,0.795379156396113,1.20077379718239,241.768098741739,0.717389783137616,1
2019-08-08T19:00:00Z,239.441864692305,22.5065572105416,0,5.87832796898748,6,0,1.18911212100031,241.570889796077,0.680737780446051,1
2019-08-08T20:00:00Z,240.228835660133,22.3229001539121,0,5.59270812551943,6,0,1.17487230977813,240.59391374124,0.572028606709412,1
2019-08-08T21:00:00Z,239.115068997538,22.1254585293183,0,5.57178179325985,6,0,1.15910786669638,239.639753041745,0.549273760684992,1
2019-08-08T22:00:00Z,238.255687401647,21.9302154628312,0,4.72947832860132,6,0,1.1429432795572,238.721270695521,0.569356093482776,1
2019-08-08T23:00:00Z,237.575490908321,21.7210513066651,0,3.89936088506436,6,0,1.12748635576472,237.798003178651,0.542761600614512,1
2019-08-09T00:00:00Z,237.715857208631,21.550881862065,0,3.93677271178261,6,0,1.11375378664455,236.868132911417,0.641761556165533,1
2019-08-09T01:00:00Z,235.888872407602,21.3535972844233,0,3.22466912873057,6,0,1.10261417070095,235.967286857227,0.896623728310513,1
2019-08-09T02:00:00Z,233.808757038267,21.2179707245473,0,2.65045254282464,6,0,1.09474869555366,235.056462995305,1.03837775407725,1
2019-08-09T03:00:00Z,232.09215558798,21.2151814640735,0,3.22045213349479,6,0,1.09062683420638,234.138135203534,0.776082796895324,1
2019-08-09T04:00:00Z,230.204424809635,21.210261893534,0,2.67475782841763,6,0,1.09049315846665,233.255998570736,0.737555667939511,1
2019-08-09T05:00:00Z,228.621562079459,21.2789070133836,63.0893766092943,2.20833768711923,6,0.45296086409922,1.09436165086453,232.354937478599,0.511718379416029,1
2019-08-09T06:00:00Z,229.153054076999,21.4031959509467,153.3378638081,2.21698259416302,6,0.960551716441157,1.10201533331898,231.886737968788,0.199920991301304,1
2019-08-09T07:00:00Z,227.59810899059,21.5548986220161,236.383721922079,2.44120895777137,6,1.23793774073672,1.11301109352225,231.917706531527,0.363548132743765,1
2019-08-09T08:00:00Z,228.479341181625,21.7224814933078,308.326097644871,2.73521112969123,6,1.3672922521166,1.12669168788523,232.219419493932,0.464955712386194,1
2019-08-09T09:00:00Z,227.391901034581,21.8996681198507,365.785693554795,3.92363348203557,6,1.42488607691598,1.14220843918328,232.642046879049,0.682595488874723,1
2019-08-09T10:00:00Z,228.803904541239,22.0971836151306,406.063501419802,4.89373230368067,6,1.45007156345262,1.15855858321062,233.152363392707,0.936309954283044,1
2019-08-09T11:00:00Z,229.345923476608,22.2718395107123,427.267580768067,5.56647658927125,6,1.45963344450811,1.17464015165874,233.710726405252,0.965508287795426,1
2019-08-09T12:00:00Z,231.143719968654,22.4904901094883,428.40192764572,5.2174800079113,6,1.45966021721065,1.18932460206099,234.285742836408,0.742303205965297,1
2019-08-09T13:00:00Z,231.513867517325,22.655844437767,409.413259193523,5.35858881261673,6,1.45046999213227,1.20154346584994,234.811855412057,0.55391023223178,1
2019-08-09T14:00:00Z,232.217570857355,22.7919875749356,371.193516464255,4.76557022641511,6,1.42686574815968,1.2103809472528,235.311205899462,0.352023235566316,1
2019-08-09T15:00:00Z,232.963560821811,22.8550591593905,315.537967917772,4.48788275716323,6,1.37388258780021,1.21516092437972,235.739859779348,0.296585134465674,1
2019-08-09T16:00:00Z,233.981362688173,22.8350233207793,245.060881568103,4.89413255669014,6,1.25580489093708,1.21551546519388,236.092522330743,0.484070002683347,1
2019-08-09T17:00:00Z,233.743388348532,22.7627664817032,163.072726854102,5.3315046540409,6,1.00078266944218,1.21142359335915,236.341094325364,0.570174851866505,1
2019-08-09T18:00:00Z,233.59934412138,22.6663629243652,73.4246743417889,5.03678101163394,6,0.521313425237425,1.20321355437207,236.359354824509,0.683632176003382,1
2019-08-09T19:00:00Z,231.598100392176,22.5360057271377,0,4.94505123154066,6,0,1.19152818375364,235.899408090835,0.688082579196609,1
2019-08-09T20:00:00Z,230.760297097765,22.3381565139945,0,5.59025523550815,6,0,1.17725943978668,234.938882429221,0.54147218503066,1
2019-08-09T21:00:00Z,230.741297106028,22.1770709630712,0,5.45790664086811,6,0,1.16146296618141,234.044934900842,0.298310687321868,1
2019-08-09T22:00:00Z,230.508993820999,22.0087035036718,0,5.73445889667821,6,0,1.1452655354977,233.178781465873,0.0104248640952566,1
2019-08-09T23:00:00Z,227.626066748727,21.7883443725056,0,5.61172517977475,6,0,1.12977720600579,232.366044933274,0.041940914945817,1
2019-08-10T00:00:00Z,226.894009911013,21.6102302908123,0,5.07434945957333,6,0,1.1160167347659,231.579756092806,0.0185724297204067,1
2019-08-10T01:00:00Z,228.423300849776,21.4432347891877,0,4.30687317944096,6,0,1.10485448511881,230.787440139668,0.20420055828938,1
2019-08-10T02:00:00Z,227.170925994809,21.3281394471079,0,4.07551517367755,6,0,1.09697302873543,229.969694991865,0.31998199369515,1
2019-08-10T03:00:00Z,226.331906319383,21.2891873883139,0,3.37515231994967,6,0,1.09284279250448,229.155878297604,0.266184251701841,1
2019-08-10T04:00:00Z,225.743136407527,21.3325056175332,0,2.96041660716125,6,0,1.09270884515961,228.312328682882,-0.0212090257796293,1
2019-08-10T05:00:00Z,224.387965175702,21.3937528802716,45.5679984320133,2.77790260424193,6,0.331993919806807,1.09658519764084,227.45184180726,-0.254759138846765,1
2019-08-10T06:00:00Z,222.137531548987,21.4937554262057,113.232574772856,2.50903515454193,6,0.761181744455317,1.10425443100658,226.912996072084,-0.360925956008159,1
2019-08-10T07:00:00Z,222.636200203379,21.6337638641245,175.542668916915,1.95946252981278,6,1.05001556815422,1.11527253262425,226.78189114413,-0.268454552838341,1
2019-08-10T08:00:00Z,221.361084356268,21.7657112463,229.55179403879,1.47540062346519,6,1.21901079565117,1.12898092350357,226.901433895402,0.164834362695817,1
2019-08-10T09:00:00Z,223.460866068785,21.9687487825001,272.705995152392,1.70551346068727,6,1.31091651779397,1.14452920205981,227.1545474304,0.192656892527363,1
2019-08-10T10:00:00Z,223.700929601129,22.1974356137474,302.964619185557,2.16315180745946,6,1.35806269694112,1.16091256665004,227.486130473894,0.0092059366712564,1
2019-08-10T11:00:00Z,226.276774554104,22.425283060296,318.896812304839,2.55260858869927,6,1.37845051008327,1.17702680996359,227.858697509237,-0.0211960499531192,1
2019-08-10T12:00:00Z,228.310408182349,22.6201685738244,319.749181375939,3.08586789184314,6,1.37977674352696,1.19174109653776,228.244144780878,-0.211067468218087,1
2019-08-10T13:00:00Z,228.421435343364,22.7817010515141,305.481420020364,2.96543153690765,6,1.36237028154276,1.20398478686844,228.632166579485,-0.551514650305136,1
2019-08-10T14:00:00Z,230.626321333152,22.9252889377691,276.768214602174,3.23254426306251,6,1.31934034555122,1.21284022444992,228.97858788775,-0.64991040068032,1
2019-08-10T15:00:00Z,229.634213563268,22.9818597022901,234.967340015498,3.9285791605686,6,1.23391061131515,1.21762991363385,229.279500218425,-0.5876213456895,1
2019-08-10T16:00:00Z,229.667538540359,22.9671017333526,182.055453942397,4.85347775287983,6,1.07532810707187,1.21798517481141,229.519058882873,-0.548136881644387,1
2019-08-10T17:00:00Z,229.279378522754,22.90817409249,120.534625708285,4.70356644198198,6,0.801203795218213,1.21388498902633,229.647382340496,-0.298234360610155,1
2019-08-10T18:00:00Z,229.112913394488,22.7791993872656,53.3140197490282,4.17893625114541,6,0.386157952164994,1.20565826871118,229.499178655659,-0.115328608145424,1
2019-08-10T19:00:00Z,229.476022627408,22.6456507333602,0,4.34239354494666,6,0,1.19394915551355,228.922262046763,-0.19216965166541,1
2019-08-10T20:00:00Z,229.230738090697,22.4861329823692,0,4.50767582056426,6,0,1.17965142001566,227.991661704171,-0.473958074252992,1
2019-08-10T21:00:00Z,228.624209017238,22.306589344714,0,4.79276003049877,6,0,1.16382285080659,227.100189373319,-0.498998000298843,1
2019-08-10T22:00:00Z,224.756196449565,22.0987420272612,0,5.20293246378209,6,0,1.14759250984614,226.259215629614,-0.634865618962964,1
2019-08-10T23:00:00Z,223.300911141203,21.8976132943809,0,4.86571672571022,6,0,1.13207271084405,225.481073403653,-0.668388382668822,1
2019-08-11T00:00:00Z,226.401911777848,21.7086926904181,0,3.92179438300324,6,0,1.11828428079234,224.709061322194,-0.516773328416802,1
2019-08-11T01:00:00Z,223.728027246542,21.5527568917715,0,2.85490133770154,6,0,1.10709935145412,223.89620383555,-0.500887990395448,1
2019-08-11T02:00:00Z,222.884327657993,21.4411972688638,0,1.77504282739932,6,0,1.09920188136365,223.037924951076,-0.45793934829107,1
2019-08-11T03:00:00Z,223.448523556244,21.4047441625071,0,1.42427414563611,6,0,1.09506325323277,222.141247785876,-0.552730552362231,1
2019-08-11T04:00:00Z,222.7873371483,21.3943344198699,0,1.29439338217715,6,0,1.0949290337309,221.240145323281,-0.559457273264785,1
2019-08-11T05:00:00Z,222.89714500669,21.4595868202035,51.4002277765701,0.773442034802939,6,0.372991204834468,1.09881326226577,220.338540357919,-0.710759214329744,1
2019-08-11T06:00:00Z,221.823852880508,21.5694799938671,130.768804902207,1.17674619597792,6,0.855791367483993,1.10649807813946,219.792533312499,-0.791558273296959,1
2019-08-11T07:00:00Z,218.446067791209,21.7082476727203,203.911610154192,1.32842738068572,6,1.15383584457213,1.11753856656529,219.733011824835,-0.796608581559506,1
2019-08-11T08:00:00Z,219.902122725803,21.9016351844327,267.346387806181,1.23019792376439,6,1.31196637391198,1.13127481043847,219.962793533884,-0.625131124495506,1
2019-08-11T09:00:00Z,222.456574436533,22.0505753647792,318.053071606038,1.6288182233637,6,1.39111201978057,1.14685468031065,220.329055472328,-0.318913347590423,1
2019-08-11T10:00:00Z,220.919850276131,22.2648752817882,353.617567106365,2.01034647543929,6,1.42958863821912,1.163271332962,220.767680679721,-0.333970910339558,1
2019-08-11T11:00:00Z,223.200222144188,22.4692448768334,372.346684284113,2.12636292032572,6,1.44611374991578,1.17941831753046,221.237676746802,-0.293490382126124,1
2019-08-11T12:00:00Z,222.830994721243,22.657895398281,373.34874862233,2.65961470047993,6,1.44802024472707,1.1941625008983,221.706305259242,-0.41733772812717,1
2019-08-11T13:00:00Z,223.832405528135,22.8126666390579,356.576052841154,3.57632820859013,6,1.43552255965289,1.20643106821378,222.180213937388,-0.591067525899257,1
2019-08-11T14:00:00Z,225.201868746698,22.931730953566,322.827128193648,4.28094720037696,6,1.40187324021423,1.21530449845763,222.672142383511,-0.452091679254708,1
2019-08-11T15:00:00Z,226.103770159616,22.9908369696045,273.708727192334,4.87439687541383,6,1.32947935761668,1.22010391943172,223.158086572397,-0.453132733761368,1
2019-08-11T16:00:00Z,224.742121210914,22.9569307356684,211.559327730787,4.94749035992709,6,1.18205520338016,1.22045990243633,223.600601745383,-0.147904708311976,1
2019-08-11T17:00:00Z,226.119435700155,22.903056316454,139.337800492435,5.25784927008983,6,0.9005481803764,1.21635138580845,223.896512923464,-0.137393919085302,1
2019-08-11T18:00:00Z,225.828731492077,22.7880854463088,60.482540079789,4.96783703606793,6,0.435798452987774,1.20810795027176,223.93755224874,-0.0186814055035858,1
2019-08-11T19:00:00Z,227.261080944942,22.6623515294875,0,5.19970864198385,6,0,1.19637504625427,223.507153266389,0.0720458739852871,1
2019-08-11T20:00:00Z,228.705995295255,22.4467634502338,0,4.99937109334299,6,0,1.18204826031985,222.682334991721,0.222169574597938,1
2019-08-11T21:00:00Z,225.732728206022,22.2715012251483,0,4.53081147172928,6,0,1.16618753029446,221.87238448099,0.00432316050233458,1
2019-08-11T22:00:00Z,226.227487849123,22.070307844573,0,3.94890297249031,6,0,1.14992421218948,221.0578825334,-0.0451782327548386,1
2019-08-11T23:00:00Z,224.523602614394,21.8531733958142,0,3.71159168823588,6,0,1.13437287973681,220.230815104422,0.0799199061512535,1
2019-08-12T00:00:00Z,222.594925581922,21.6980909467445,0,3.28813616060183,6,0,1.12055643406598,219.414983241597,0.0815754855005416,1
2019-08-12T01:00:00Z,222.09559336388,21.5113774514763,0,2.55589783277006,6,0,1.10934877895557,218.594455727878,0.222814315396546,1
2019-08-12T02:00:00Z,220.645950956468,21.39766560718,0,2.22268976125083,6,0,1.10143526262102,217.747407822939,0.194077870004116,1
2019-08-12T03:00:00Z,219.000674804336,21.3731145654244,0,2.60124181931856,6,0,1.09728822553938,216.89630204505,0.0223331177084706,1
2019-08-12T04:00:00Z,218.544177137998,21.4127403838566,0,2.99405044282859,6,0,1.09715373332752,216.077559246077,-0.31384657056882,1
2019-08-12T05:00:00Z,217.851349048735,21.442858138801,55.1024448420044,2.36483913023688,6,0.399135289252294,1.10104585391877,215.290075739235,-0.303094664348402,1
2019-08-12T06:00:00Z,215.892027129473,21.5772300133843,143.748856846638,1.86086563726936,6,0.925715456926821,1.10874628396127,214.859089890132,-0.347753978797999,1
2019-08-12T07:00:00Z,214.948733889483,21.6828180205165,225.504397521834,1.77223923440571,6,1.23365852008145,1.11980920468125,214.91792986338,-0.0757759219052891,1
2019-08-12T08:00:00Z,215.826537796542,21.8615326468306,296.449961536115,1.61243559647654,6,1.38751568164836,1.13357335814058,215.265486134982,-0.103005929504239,1
2019-08-12T09:00:00Z,216.089340443924,22.0685106075359,353.184640084074,2.46291404803657,6,1.46095196573536,1.1491848835166,215.740376104673,-0.0462464129927337,1
2019-08-12T10:00:00Z,216.062883930762,22.2399689917499,392.988749834887,2.82854253692971,6,1.49580898098192,1.16563489186443,216.309777936629,0.112849150349401,1
2019-08-12T11:00:00Z,217.17622730193,22.47790027846,413.954206058749,3.30037578588508,6,1.51104160887051,1.18181468421217,216.91098240637,0.0595114391824883,1
2019-08-12T12:00:00Z,218.196735799404,22.6430226062653,415.075990250675,3.82825552492803,6,1.51369745359048,1.19658882511861,217.532122631127,0.0371163815947648,1
2019-08-12T13:00:00Z,218.064518833422,22.7844864801171,396.300327579368,4.02307922212011,6,1.50390328518734,1.20888231996447,218.167451469043,0.103882958948986,1
2019-08-12T14:00:00Z,218.275198373581,22.8765588205841,358.527264684719,4.71743320538684,6,1.4749975569316,1.21777377942855,218.784692927432,0.302028255823233,1
2019-08-12T15:00:00Z,217.743707277833,22.9402419708089,303.567524252358,4.45286643751891,6,1.40893045797841,1.22258295196605,219.406645060755,0.303582178803706,1
2019-08-12T16:00:00Z,221.273296463675,22.939539226461,234.055704622242,4.75592624989501,6,1.26591937813068,1.22293965826434,219.930154993462,0.255971059394768,1
2019-08-12T17:00:00Z,220.378481398274,22.8808312431089,153.323985370987,5.56526610244559,6,0.975178882754683,1.21882279386688,220.328270954171,0.18941435555912,1
2019-08-12T18:00:00Z,220.656663876163,22.8115876548383,65.2423930279738,4.94674996379837,6,0.469003163145618,1.21056260914632,220.503395441215,0.141235963775845,1
2019-08-12T19:00:00Z,220.034563256122,22.6854877155177,0,4.59013829797022,6,0,1.19880586597027,220.135398956147,0.0311072479793794,1
2019-08-12T20:00:00Z,220.320160025871,22.5224690769432,0,4.11753463788314,6,0,1.18444997057405,219.293730603244,-0.226191776495199,1
2019-08-12T21:00:00Z,220.150046729793,22.3322175152868,0,4.34728708111403,6,0,1.16855701438733,218.444530301438,-0.259416870069396,1
2019-08-12T22:00:00Z,221.14053421992,22.1162560033516,0,4.14904963947367,6,0,1.15226065213418,217.642878780213,-0.139266018368001,1
2019-08-12T23:00:00Z,219.732309816979,21.899819692106,0,3.77052308429404,6,0,1.1366777221606,216.855507521368,-0.160021666794975,1
2019-08-13T00:00:00Z,217.356846825241,21.7469384119211,0,3.75251596929396,6,0,1.12283320394793,216.066409664115,-0.175480818353609,1
2019-08-13T01:00:00Z,218.424403884387,21.5755288643033,0,2.5992179513608,6,0,1.11160277689063,215.301135196647,-0.199117762665424,1
2019-08-13T02:00:00Z,216.744766722653,21.4612253132805,0,2.62593954547586,6,0,1.1036731817089,214.472814415095,-0.0275629318624299,1
2019-08-13T03:00:00Z,215.253298142759,21.4243245880873,0,2.04757937982941,6,0,1.09951771859102,213.661374938848,-0.0393105560646739,1
2019-08-13T04:00:00Z,215.785130139079,21.4372491493837,0,1.88121806336137,6,0,1.09938295311509,212.824264374432,-0.345132555500913,1
2019-08-13T05:00:00Z,215.895852685723,21.4950656072907,71.4993562819399,2.03566014404864,6,0.511671122476117,1.10328298179795,211.982326986976,-0.42615886599743,1
2019-08-13T06:00:00Z,213.725025526077,21.5871905635649,191.585349395963,1.54940887602121,6,1.14319927959524,1.11099905773446,211.658849609946,-0.427982794151646,1
2019-08-13T07:00:00Z,215.292549664526,21.7344651310013,302.423301929684,2.17257904680436,6,1.43433686934725,1.12208445632698,211.931900753989,-0.435503154918209,1
2019-08-13T08:00:00Z,217.029443274372,21.9188781865309,398.662941087707,2.06904204038758,6,1.54831286442543,1.13587657607975,212.513362179426,-0.413008777147895,1
2019-08-13T09:00:00Z,218.447069423494,22.1102231747269,475.658671102019,2.48618704791236,6,1.59362188705732,1.1515198212779,213.182131726116,-0.293464899567247,1
2019-08-13T10:00:00Z,214.358996606367,22.3397518113478,529.693821371619,1.95228646893397,6,1.61337465625357,1.16800325309504,213.896849115324,-0.278450761622516,1
2019-08-13T11:00:00Z,217.109088434837,22.5300910115156,558.160054338175,1.84892150811462,6,1.62260919990893,1.18421591988157,214.57691279304,-0.366939117747093,1
2019-08-13T12:00:00Z,215.856037364314,22.7438887691658,559.683272877489,2.15619941999797,6,1.62603678504539,1.19902007919496,215.237542234184,-0.726920865049272,1
2019-08-13T13:00:00Z,217.732565941059,22.923329223043,534.189949515208,2.94459454346964,6,1.62370094421874,1.21133855221948,215.894489232228,-0.825115162473411,1
2019-08-13T14:00:00Z,218.82880640676,23.016614393694,482.910675680816,3.37514941219809,6,1.611066769869,1.22024807753593,216.573153328994,-0.729760350121134,1
2019-08-13T15:00:00Z,217.189926586156,23.0533787843214,408.320759673428,3.14782298512091,6,1.57373728223674,1.22506702145028,217.249800489077,-0.519554437467465,1
2019-08-13T16:00:00Z,216.850656410485,23.0334402852444,314.020740742484,3.74621534199329,6,1.47096051511431,1.22542445251185,217.863908584203,-0.138866629496874,1
2019-08-13T17:00:00Z,218.14750540924,22.9639822070325,204.562587003218,4.13432988465855,6,1.2007978691585,1.22129922338363,218.408746860212,0.0101254084538822,1
2019-08-13T18:00:00Z,218.474608746046,22.8732989308279,85.2299668092794,4.77471485326629,6,0.602892319342346,1.21302225544786,218.712555988091,-0.073001787168228,1
2019-08-13T19:00:00Z,217.394152460143,22.7146714851545,0,4.8146192999573,6,0,1.20124162467636,218.478344084443,-0.0710511634254339,1
2019-08-13T20:00:00Z,217.111828106781,22.5382302132712,0,5.73972690422164,6,0,1.18685656067312,217.666700990453,-0.0795025245870578,1
2019-08-13T21:00:00Z,215.761054615028,22.3315431773728,0,5.12196954632297,6,0,1.17093131284728,216.968245138063,-0.000967443436949572,1
2019-08-13T22:00:00Z,214.890914853858,22.1143538948191,0,5.16002505753601,6,0,1.15460183930617,216.243749472533,0.0209924655055808,1
2019-08-13T23:00:00Z,210.481213941566,21.8885098147505,0,5.53316718244944,6,0,1.13898724761119,215.55504346573,0.230668085456333,1
2019-08-14T00:00:00Z,212.364856832638,21.7059533480639,0,4.93719183285986,6,0,1.1251145998183,214.935083890944,0.40327965434584,1
2019-08-14T01:00:00Z,212.866572771098,21.5540228746308,0,4.77931023160843,6,0,1.11386135454559,214.282348006046,0.379444953909146,1
2019-08-14T02:00:00Z,212.441502950243,21.4538350506693,0,4.4744718682397,6,0,1.10591564784736,213.637065693654,0.341508215905733,1
2019-08-14T03:00:00Z,210.795367019148,21.3919182285836,0,3.8617480258474,6,0,1.10175174157304,212.979501632362,0.521196296571282,1
2019-08-14T04:00:00Z,211.803542924558,21.3774104541228,0,4.16737373255449,6,0,1.10161670227781,212.276405591965,0.460998082561291,1
2019-08-14T05:00:00Z,210.124969381326,21.4792166193032,49.6320570528802,3.6858564224433,6,0.362123911288008,1.10552465512011,211.607185625547,0.231570858563488,1
2019-08-14T06:00:00Z,210.307764984043,21.5729205438325,136.853680666724,3.06808835252534,6,0.910165533705442,1.11325640874029,211.25456840396,0.0840621603241917,1
2019-08-14T07:00:00Z,208.561724843668,21.7372726495798,217.422605267339,2.09225037002151,6,1.26139913819883,1.12436433087635,211.389425025305,0.0302602353957552,1
2019-08-14T08:00:00Z,211.856198754299,21.8830100993406,287.422233196728,2.45109369804859,6,1.45457526726508,1.13818447374506,211.793636876377,0.186969437159095,1
2019-08-14T09:00:00Z,212.606895562272,22.0892038076133,343.449758966697,1.98175829330406,6,1.55463809794665,1.15385950321435,212.392497742293,0.287390182108262,1
2019-08-14T10:00:00Z,211.820845999309,22.2957881455786,382.781585640812,2.40241688255526,6,1.60512783386207,1.17037642641127,213.040885369915,0.218566646846895,1
2019-08-14T11:00:00Z,213.644283436302,22.4927550138605,403.50572368961,2.83234073474806,6,1.62806131022327,1.18662203443157,213.738753744698,0.288973145548088,1
2019-08-14T12:00:00Z,215.013403761768,22.6880546464457,404.614736176972,2.10056904374136,6,1.63214424117372,1.20145627314394,214.460726099928,0.120317972563797,1
2019-08-14T13:00:00Z,217.408281209389,22.8598638725193,386.054712048082,2.54428083027991,6,1.61738760014378,1.21379977509831,215.122092458993,0.0369022207139553,1
2019-08-14T14:00:00Z,218.749705050243,22.9901709380404,348.727886840971,2.98056852090087,6,1.57519007672633,1.2227274029737,215.772832324093,-0.105293207786179,1
2019-08-14T15:00:00Z,222.454129440099,23.0347176482618,294.448783424241,3.69766698233902,6,1.48399481647477,1.22755613811858,216.391213716879,-0.0614609277771967,1
2019-08-14T16:00:00Z,221.163914664185,23.0154055216284,225.856004837141,3.64854898036109,6,1.30157622501781,1.22791429541601,216.954237266265,0.165433316628634,1
2019-08-14T17:00:00Z,219.668636842052,22.9460288384761,146.28396713774,4.47540715953212,6,0.964896648862194,1.22378068456141,217.327331203232,0.34493583172507,1
2019-08-14T18:00:00Z,220.72165275652,22.8434908297111,59.6008075519029,5.10634704236773,6,0.432554782433672,1.21548689930994,217.427546219506,0.476560273775728,1
2019-08-14T19:00:00Z,220.301019475574,22.7333491412421,0,6.18132534100101,6,0,1.20368233240768,217.060489346056,0.171667694297953,1
2019-08-14T20:00:00Z,220.808839663668,22.5347268318333,0,6.73863840141085,6,0,1.18926804053204,216.386190792646,0.0528220032391711,1
2019-08-14T21:00:00Z,219.614435784815,22.367321126509,0,6.19512793338627,6,0,1.17331043545625,215.80370584458,-0.100631940713989,1
2019-08-14T22:00:00Z,216.750836709169,22.1855625307284,0,5.9618420237699,6,0,1.15694778335098,215.196172434147,-0.22041215400219,1
2019-08-14T23:00:00Z,217.488712690305,21.9900137990603,0,5.38560015928065,6,0,1.14130146560365,214.597443092233,-0.210586790211183,1
2019-08-15T00:00:00Z,216.27957904025,21.7637686941751,0,4.3686081197049,6,0,1.12740063107628,213.969023070973,0.143591625528132,1
2019-08-15T01:00:00Z,214.352535489722,21.5891670813227,0,3.17317189551535,6,0,1.11612452122564,213.267408117031,0.332997867777726,1
2019-08-15T02:00:00Z,212.457746208554,21.4866104018965,0,2.77697700383488,6,0,1.10816267027519,212.485824889116,0.374321566195599,1
2019-08-15T03:00:00Z,211.229624406091,21.4204795534901,0,1.89839493848103,6,0,1.10399030368945,211.69061736345,0.439058357473821,1
2019-08-15T04:00:00Z,209.923218000012,21.4409963818197,0,1.71984017356083,6,0,1.10385499001857,210.849447432293,0.246640431781072,1
2019-08-15T05:00:00Z,210.263153618603,21.5035174368235,81.2598997448392,1.79760650598911,6,0.58087504336011,1.10777088312078,210.002903427949,0.138399769387225,1
2019-08-15T06:00:00Z,208.462252358118,21.6058536631648,231.046197397442,2.1224407794077,6,1.33885067897659,1.11551834627886,209.739344127437,0.249321129943825,1
2019-08-15T07:00:00Z,209.284623315383,21.7430542835355,369.520746581863,1.88678884978046,6,1.65253789353015,1.12664883772228,210.24239291112,0.229644061089613,1
2019-08-15T08:00:00Z,210.993072986633,21.917056047153,489.903997202652,2.33548299494994,6,1.76267704594546,1.14049706064487,211.028256042147,0.22005646677118,1
2019-08-15T09:00:00Z,208.472725066567,22.1313768459679,586.302127737779,2.87865317783083,6,1.80369024731632,1.15620393896524,211.928556100257,0.24071161956872,1
2019-08-15T10:00:00Z,209.195237216331,22.3336654679377,653.995599767224,3.17691573011844,6,1.82170956691766,1.17275442159044,212.879715048103,0.136076988037445,1
2019-08-15T11:00:00Z,211.042031313163,22.5459905166389,689.670220990227,3.16293840792684,6,1.83110416728521,1.18903303777519,213.84175934448,0.100600900773538,1
2019-08-15T12:00:00Z,213.13769479072,22.7177450909758,691.579404159224,3.85867355816396,6,1.8360344413301,1.20389741700248,214.784140261297,0.00896167311203071,1
2019-08-15T13:00:00Z,213.748720590187,22.8975734137574,659.629677925061,3.38528140406186,6,1.83649695028248,1.21626599874099,215.754500842475,-0.019086379217026,1
2019-08-15T14:00:00Z,215.17370020916,22.9959443092761,595.385263083664,4.32005630524867,6,1.82836608116239,1.22521176595649,216.66769546341,0.123971899367882,1
2019-08-15T15:00:00Z,215.341281400302,23.0135033647261,501.991490176529,5.18133857385046,6,1.79761683876779,1.23005031222592,217.61985237389,0.295629724869914,1
2019-08-15T16:00:00Z,216.260683522397,23.0692286971093,384.02080782874,5.40822134779683,6,1.70013697327109,1.23040919723481,218.593921239146,0.207632542459446,1
2019-08-15T17:00:00Z,217.502672822904,22.9535350464467,247.248921074049,5.73495670593553,6,1.40972140879395,1.22626718762365,219.47887629979,0.519070586432905,1
2019-08-15T18:00:00Z,216.901918320204,22.847362266457,98.3720196698066,5.13075729524128,6,0.69435561833369,1.2179565508867,220.098958642922,0.539715913674375,1
2019-08-15T19:00:00Z,217.522326926751,22.7243553933187,0,4.91694243914817,6,0,1.20612799921976,219.962904270756,0.423647583705404,1
2019-08-15T20:00:00Z,216.205927498754,22.5422468486521,0,4.71142192980009,6,0,1.19168442008592,219.137678752731,0.526954554138293,1
2019-08-15T21:00:00Z,213.872706166846,22.3425465251044,0,5.39815629488079,6,0,1.17569439201606,218.32532910028,0.453391870980537,1
2019-08-15T22:00:00Z,214.682116051648,22.1305241536713,0,4.53032164394766,6,0,1.15929849393372,217.604622857136,0.591633121061044,1
2019-08-15T23:00:00Z,213.278953251842,21.9159063246178,0,3.83140097427545,6,0,1.14362038567238,216.838886894705,0.586595585809246,1
2019-08-16T00:00:00Z,211.924221950923,21.7539421728212,0,3.61140400994483,6,0,1.12969130714014,216.044993894584,0.557220203937925,1
2019-08-16T01:00:00Z,211.765990939407,21.6161261909272,0,3.34035785606405,6,0,1.11839228625485,215.25927882695,0.389189801461328,1
2019-08-16T02:00:00Z,211.667230521904,21.5119948341277,0,2.85197968717546,6,0,1.11041425824995,214.473862278816,0.548595774800108,1
2019-08-16T03:00:00Z,211.120012810876,21.4576403903228,0,2.49067540198278,6,0,1.10623341416295,213.668849606636,0.383674719787419,1
2019-08-16T04:00:00Z,211.289402211244,21.4518848384907,0,2.47653796433495,6,0,1.10609782555894,212.849892459957,0.380655131355616,1
2019-08-16T05:00:00Z,210.140981118113,21.5161862074841,33.7188007326759,2.04611918714949,6,0.248422238681712,1.11002167505424,212.034817766203,0.279118506669734,1
2019-08-16T06:00:00Z,209.778266189627,21.6245296069251,99.0873765132772,2.29499186448288,6,0.701064346104531,1.1177848796692,211.44052065613,0.267190225265485,1
2019-08-16T07:00:00Z,208.008854811755,21.7430318486312,159.569725403502,2.49137379426465,6,1.05583015450069,1.12893798627676,211.305997087564,0.413759410122351,1
2019-08-16T08:00:00Z,208.1199449449,21.9238527658982,212.183323393332,3.1855431784054,6,1.30267163644339,1.14281434630687,211.52435308743,0.391279916540697,1
2019-08-16T09:00:00Z,207.580047747951,22.1461477095212,254.333672713791,3.1004786217574,6,1.46019202191141,1.15855313818948,212.018445419924,0.376467250809861,1
2019-08-16T10:00:00Z,207.776645296186,22.351678482199,283.942242501154,2.78780917247698,6,1.55218287726014,1.1751372484297,212.639117327121,0.344475570887782,1
2019-08-16T11:00:00Z,208.062618923218,22.5343352151407,299.548965943972,3.11755000419184,6,1.59612468319666,1.19144893984558,213.304306414021,0.398752755005672,1
2019-08-16T12:00:00Z,208.936296083183,22.7413404569839,300.384239542382,3.8018589147905,6,1.60060515650127,1.20634352082791,214.009740049976,0.216604819654183,1
2019-08-16T13:00:00Z,214.075389160045,22.9168202673476,286.406874030291,4.70967059350574,6,1.5655165848774,1.2187372333082,214.743954969747,0.0794052765334363,1
2019-08-16T14:00:00Z,212.846196428864,23.0324819347152,258.306125513021,5.84956786331275,6,1.48211693381159,1.22770117671969,215.492769076331,0.113273136920128,1
2019-08-16T15:00:00Z,213.378930007664,23.0708241429226,217.4677066603,5.29247274230304,6,1.33297420696606,1.23254955404812,216.240883055873,0.213913362628088,1
2019-08-16T16:00:00Z,212.589824647861,23.0578955692567,165.905454021046,5.39698508073459,6,1.09461452151751,1.23290916824704,216.773157467126,0.366335270893496,1
2019-08-16T17:00:00Z,212.234276389378,22.9970273911267,106.16202110209,6.17429844690664,6,0.748492803731525,1.22875874281455,217.071081594386,0.431118853580139,1
2019-08-16T18:00:00Z,214.429207132248,22.8833547975236,41.1834942640184,5.8794818542657,6,0.302776274673425,1.22043122035294,217.099707406319,0.536554630257349,1
2019-08-16T19:00:00Z,214.630094653562,22.7423122373817,0,5.77266872756232,6,0,1.20857863518856,216.669693434496,0.513089998008093,1
2019-08-16T20:00:00Z,216.262464767646,22.5931702326211,0,5.20780927623378,6,0,1.19410570929006,215.952088547938,0.332204747405625,1
2019-08-16T21:00:00Z,215.267467513288,22.3718317424133,0,4.73665990754876,6,0,1.17808319234841,215.211176523734,0.446153032754917,1
2019-08-16T22:00:00Z,215.563067729811,22.2001254175978,0,4.2267789871459,6,0,1.16165398073915,214.458307554484,0.164553600325619,1
2019-08-16T23:00:00Z,215.446261772947,21.981019612534,0,3.59966999567677,6,0,1.14594401737117,213.690855971398,0.294485520734849,1
2019-08-17T00:00:00Z,215.390221281476,21.792925627663,0,3.51400385227576,6,0,1.1319866374473,212.89922420599,0.410191713631497,1
2019-08-17T01:00:00Z,212.888905918586,21.645438106138,0,2.2423628687857,6,0,1.12066465897624,212.12550063727,0.485370511698459,1
2019-08-17T02:00:00Z,211.900649646791,21.542890328925,0,1.886740744617,6,0,1.11267042104801,211.281012359926,0.430571781090706,1
2019-08-17T03:00:00Z,212.35047667687,21.4875726245335,0,2.16186674458119,6,0,1.10848108223499,210.430351122176,0.341966581142136,1
2019-08-17T04:00:00Z,212.027977790469,21.4667287337918,0,1.25453901972443,6,0,1.10834521813923,209.605406679755,0.437478446583102,1
2019-08-17T05:00:00Z,210.698375926559,21.5498949049886,53.7274397117835,1.20671981608553,6,0.393213665289179,1.11227704019359,208.73674879605,0.286012386217895,1
2019-08-17T06:00:00Z,209.67509983409,21.6615801212495,163.598646278072,0.536845905617927,6,1.09132277615692,1.12005601824924,208.257492744386,0.155235552226436,1
2019-08-17T07:00:00Z,208.819991893571,21.8072388403786,265.343539312426,0.5,6,1.53630268898472,1.13123178597092,208.445303640301,0.0512893363445016,1
2019-08-17T08:00:00Z,206.581937886803,22.0069121387633,353.908220632434,0.5,6,1.77714658738744,1.14513634027811,209.062357303506,0.0617881075259228,1
2019-08-17T09:00:00Z,208.472511062972,22.2010285004021,424.893482881336,1.01305006759804,6,1.89991866390411,1.16090711056559,209.900789477475,0.129448703973164,1
2019-08-17T10:00:00Z,210.194468838445,22.4091347596463,474.773328073792,1.32812476297717,6,1.96134379202827,1.17752491674612,210.853979870093,-0.00782564956775105,1
2019-08-17T11:00:00Z,210.738143755466,22.6380057084897,501.070111863837,1.31848214464006,6,1.98945732432496,1.19386975059607,211.855941658137,0.0784079459942171,1
2019-08-17T12:00:00Z,210.65969203717,22.7742146198962,502.477613724462,2.00493672844367,6,1.99512616128025,1.208794594698,212.86117362518,-0.0295234607452349,1
2019-08-17T13:00:00Z,213.373463261907,22.957676912903,478.925919865569,1.71773171549819,6,1.97828657835556,1.22121348898123,213.879189029103,0.0250744669873807,1
2019-08-17T14:00:00Z,215.884203888182,23.0493580960888,431.584896009519,2.46521070402403,6,1.92801989532777,1.23019564551949,214.846569010191,0.0787181432565793,1
2019-08-17T15:00:00Z,214.638914585146,23.094926710359,362.806077523685,2.45845294743919,6,1.8166351564671,1.23505387388187,215.783540987263,0.272911782143568,1
2019-08-17T16:00:00Z,216.28945868556,23.0934156696768,276.005863358103,2.35447756390671,6,1.58892269716797,1.2354142187524,216.597429799084,0.206932559470394,1
2019-08-17T17:00:00Z,215.571285632174,23.0333393677295,175.495815808645,2.74407482697274,6,1.16157595346393,1.23125536039915,217.173779367896,0.389644951951465,1
2019-08-17T18:00:00Z,214.784468221414,22.9285784523157,66.2684954989998,2.13769187513003,6,0.482600705607195,1.2229109179041,217.346119186067,0.395383906800336,1
2019-08-17T19:00:00Z,215.355532896077,22.800258321674,0,2.04031070540877,6,0,1.21103425041053,216.820094938817,0.347300050962326,1
2019-08-17T20:00:00Z,214.544253568091,22.640166542405,0,1.79747623999371,6,0,1.19653191812,215.825787793616,0.163511572951225,1
2019-08-17T21:00:00Z,212.743521026925,22.4518904401829,0,1.3347555805374,6,0,1.18047684629499,214.843583311235,0.077008882861666,1
2019-08-17T22:00:00Z,211.504629056176,22.2446489665024,0,1.34832873792468,6,0,1.16401425347168,213.866769901822,0.0406434578225948,1
2019-08-17T23:00:00Z,210.232123642735,22.0584616312419,0,1.23767964243367,6,0,1.14827237027321,212.91500481191,-0.158514173682643,1
2019-08-18T00:00:00Z,208.436345193681,21.8532265170509,0,1.23777941565413,6,0,1.13428663145434,211.982402270798,0.0815746734405572,1
2019-08-18T01:00:00Z,207.295856827534,21.7097757612302,0,1.68779011027313,6,0,1.12294164875181,211.070963966864,0.226367834465059,1
2019-08-18T02:00:00Z,208.034547928237,21.6008227999131,0,1.29163031562094,6,0,1.11493116796459,210.197999115668,0.156540232446887,1
2019-08-18T03:00:00Z,207.574571841269,21.5549846960344,0,1.81794704530009,6,0,1.11073331716579,209.320285406572,-0.0336736528924995,1
2019-08-18T04:00:00Z,206.667210973488,21.5904005204997,0,0.728958259631301,6,0,1.11059717701854,208.477888441322,-0.249953124318253,1
2019-08-18T05:00:00Z,207.171995108158,21.6644676151052,58.7617355885873,0.5,6,0.429833722150629,1.11453698783077,207.591965356219,-0.572197673071933,1
2019-08-18T06:00:00Z,206.208858768119,21.7651326910124,185.938343090537,0.5,6,1.22526514942544,1.12233177137592,207.127813061134,-0.603824572432515,1
2019-08-18T07:00:00Z,205.073486015061,21.8789579176559,303.810838923115,0.5,6,1.70866867033296,1.13353024625502,207.45020138369,-0.366795991834791,1
2019-08-18T08:00:00Z,204.072018550015,22.0581620775083,406.481037452607,0.5,6,1.95551538191098,1.14746305212501,208.240502912211,-0.216452895779661,1
2019-08-18T09:00:00Z,205.220023721502,22.2427002025183,488.811456133145,0.5,6,2.07521081811499,1.16326586579176,209.257471765515,-0.0231479132714374,1
2019-08-18T10:00:00Z,205.313381819791,22.4533916919227,546.68238841869,0.5,6,2.13322843144047,1.17991743637671,210.371051335018,-0.145096251771274,1
2019-08-18T11:00:00Z,207.443194083765,22.6757823550277,577.198048494194,0.90008863108267,6,2.15969754802415,1.19629548000022,211.518272213403,-0.367359838822391,1
2019-08-18T12:00:00Z,210.23085940049,22.8769215270135,578.83147261303,1.35621876636615,6,2.16577999395685,1.21125064871099,212.677706179483,-0.575624824000253,1
2019-08-18T13:00:00Z,211.963577532047,23.0331160020023,551.500926367155,2.14549986247234,6,2.15143206609533,1.22369477596206,213.835472626668,-0.58127031390951,1
2019-08-18T14:00:00Z,213.093484478379,23.1724502394077,496.57399457006,3.04269963178049,6,2.10549107940973,1.2326951826329,214.992627878419,-0.697037589075485,1
2019-08-18T15:00:00Z,213.781325026377,23.2064812705654,416.799149100122,2.64999640607242,6,1.99829705651064,1.23756328204477,216.135635970113,-0.515101611072121,1
2019-08-18T16:00:00Z,215.046138080229,23.1799293941863,316.16821896002,3.29716976742068,6,1.76635166226157,1.23792435907151,217.135537194038,-0.346011248832995,1
2019-08-18T17:00:00Z,215.262229038086,23.0994015960613,199.716644370711,3.40955090681189,6,1.30419454930252,1.2337570506633,217.934503272085,-0.104573711607121,1
2019-08-18T18:00:00Z,216.03582429617,22.9884114775107,73.2715099240233,3.44452268730425,6,0.532991565032968,1.22539565375634,218.27958991644,-0.119972626994659,1
2019-08-18T19:00:00Z,216.928994189663,22.8743778013181,0,3.13459020682536,6,0,1.2134948550026,217.86690062204,-0.237323471496134,1
2019-08-18T20:00:00Z,215.939755152374,22.7204166246368,0,3.0445778429585,6,0,1.19896305657152,216.922381245807,-0.336885921959477,1
2019-08-18T21:00:00Z,213.922137964264,22.5160466505284,0,2.44000705375974,6,0,1.18287536371747,215.997781774279,-0.457119768930587,1
2019-08-18T22:00:00Z,214.502679615404,22.346629890107,0,1.97889013372915,6,0,1.16637932185547,215.064011991377,-0.688587493446623,1
2019-08-18T23:00:00Z,215.150712543229,22.1431974781307,0,1.79975758992893,6,0,1.15060545397112,214.131800624499,-0.523992700731501,1
2019-08-19T00:00:00Z,211.86309876032,21.9293849382303,0,1.44349467547195,6,0,1.13659129863707,213.215162337354,-0.586687740265816,1
2019-08-19T01:00:00Z,211.256507865262,21.7887309866726,0,1.47090320270994,6,0,1.12522326496259,212.30388286239,-0.461539752191874,1
2019-08-19T02:00:00Z,210.199636509552,21.6651099545011,0,0.5,6,0,1.11719650831381,211.411964438071,-0.369012404523328,1
2019-08-19T03:00:00Z,210.184994860426,21.6405929108156,0,0.5,6,0,1.1129901282344,210.500542927171,-0.488048808203125,1
2019-08-19T04:00:00Z,210.903745864031,21.6571656010669,0,0.5,6,0,1.11285371147476,209.59774414446,-0.76717612955798,1
2019-08-19T05:00:00Z,208.756821848534,21.7278571169409,28.5097261403592,0.5,6,0.210650694147378,1.11680152727659,208.698653671097,-0.915774525977525,1
2019-08-19T06:00:00Z,207.960425920274,21.8322000173442,94.0541796111295,0.5,6,0.677562073382034,1.12461214842516,208.008650500481,-0.946920932096482,1
2019-08-19T07:00:00Z,206.393615395293,21.9808196322763,154.857206640805,0.5,6,1.06646651060084,1.13583337659856,207.778115237725,-0.960242181522371,1
2019-08-19T08:00:00Z,207.41614943195,22.1600170172604,207.853626274653,0.5,6,1.35776623614602,1.14979449143347,207.923315333401,-0.936723263232418,1
2019-08-19T09:00:00Z,207.903329138469,22.3435920740572,250.371801522438,0.5,6,1.5569753256526,1.16562941358589,208.342085988141,-0.881035929855958,1
2019-08-19T10:00:00Z,209.626196766384,22.5693409907089,280.268320988937,0.5,6,1.67949256264178,1.18231481717847,208.939200372037,-0.812421785411856,1
2019-08-19T11:00:00Z,210.278875598449,22.7779740618495,296.036051780308,0.5,6,1.73934732768196,1.19872613805185,209.636395212103,-0.836542227349331,1
2019-08-19T12:00:00Z,209.458570451181,22.932113147875,296.880116560962,0.5,6,1.74420388204455,1.21371169298564,210.3710555296,-0.709697380670739,1
2019-08-19T13:00:00Z,209.563042513313,23.1031729104638,282.757964632085,0.5,6,1.69394667247349,1.22618110447342,211.089829362881,-0.91263803613501,1
2019-08-19T14:00:00Z,211.800391532511,23.1869705762436,254.381516982595,0.5,6,1.58073373112531,1.23519979835783,211.740751683594,-0.833439564436561,1
2019-08-19T15:00:00Z,212.063384271082,23.257244403269,213.18127717699,1.36616315525223,6,1.39049739757335,1.2400777888754,212.265343174097,-0.753026624835204,1
2019-08-19T16:00:00Z,211.92896875291,23.2165338788445,161.234217309454,1.38865830061771,6,1.10787430451585,1.24043959954595,212.616791270677,-0.544666083364318,1
2019-08-19T17:00:00Z,213.299569408445,23.1764105898169,101.159074412318,1.88890289301209,6,0.726949921559333,1.2362638239138,212.684979515336,-0.436819835775294,1
2019-08-19T18:00:00Z,211.053445001957,23.0425075093776,35.9843355997383,2.686798223462,6,0.265540535176303,1.2278854381466,212.399065705114,-0.231435002700669,1
2019-08-19T19:00:00Z,210.724008620239,22.9255444161574,0,2.9276596994978,6,0,1.21596045910229,211.70832282405,-0.435922410920397,1
2019-08-19T20:00:00Z,210.264906018432,22.7584775573608,0,2.90992903077672,6,0,1.20139913466075,210.787945299389,-0.481606758575112,1
2019-08-19T21:00:00Z,208.452356587325,22.5726554228085,0,3.02294182072641,6,0,1.18527875449756,209.891133584651,-0.551094768919779,1
2019-08-19T22:00:00Z,206.63268574822,22.3628234935929,0,2.93405055224614,6,0,1.16874919563442,209.029133649089,-0.440812991059759,1
2019-08-19T23:00:00Z,206.885563675214,22.1398988592741,0,2.28294529668512,6,0,1.15294327807704,208.187663064148,-0.406897205594933,1
