depth,time,day,DO,T,T_prime,DO_prime,DO_IM,DO_clean,corrected
1,2022-04-12T00:00:00Z,2022-04-12,11.09,16.62,-0.305833333333332,-0.549583333333333,-0.467427802831773,11.09,FALSE
1,2022-04-12T00:30:00Z,2022-04-12,11.31,16.7,-0.225833333333334,-0.329583333333332,-0.320459127851081,11.31,FALSE
1,2022-04-12T01:00:00Z,2022-04-12,11.2,16.66,-0.265833333333333,-0.439583333333333,-0.39323795205951,11.2,FALSE
1,2022-04-12T01:30:00Z,2022-04-12,11.25,16.66,-0.265833333333333,-0.389583333333333,-0.39323795205951,11.25,FALSE
1,2022-04-12T02:00:00Z,2022-04-12,11.22,16.64,-0.285833333333333,-0.419583333333332,-0.430156499125163,11.22,FALSE
1,2022-04-12T02:30:00Z,2022-04-12,11.27,16.68,-0.245833333333334,-0.369583333333333,-0.356672161634816,11.27,FALSE
1,2022-04-12T03:00:00Z,2022-04-12,11.1,16.62,-0.305833333333332,-0.539583333333333,-0.467427802831773,11.1,FALSE
1,2022-04-12T03:30:00Z,2022-04-12,11.04,16.58,-0.345833333333335,-0.599583333333333,-0.543028680167876,11.04,FALSE
1,2022-04-12T04:00:00Z,2022-04-12,10.85,16.54,-0.385833333333334,-0.789583333333333,-0.620040584067806,10.85,FALSE
1,2022-04-12T04:30:00Z,2022-04-12,10.76,16.52,-0.405833333333334,-0.879583333333333,-0.659075670979208,10.76,FALSE
1,2022-04-12T05:00:00Z,2022-04-12,10.8,16.46,-0.465833333333332,-0.839583333333332,-0.778297471559164,10.8,FALSE
1,2022-04-12T05:30:00Z,2022-04-12,10.85,16.46,-0.465833333333332,-0.789583333333333,-0.778297471559164,10.85,FALSE
1,2022-04-12T06:00:00Z,2022-04-12,10.86,16.42,-0.505833333333332,-0.779583333333333,-0.859542455150593,10.86,FALSE
1,2022-04-12T06:30:00Z,2022-04-12,10.81,16.4,-0.525833333333335,-0.829583333333332,-0.900694081907752,10.81,FALSE
1,2022-04-12T07:00:00Z,2022-04-12,10.8,16.38,-0.545833333333334,-0.839583333333332,-0.942198465305862,10.8,FALSE
1,2022-04-12T07:30:00Z,2022-04-12,10.84,16.4,-0.525833333333335,-0.799583333333333,-0.900694081907752,10.84,FALSE
1,2022-04-12T08:00:00Z,2022-04-12,10.85,16.42,-0.505833333333332,-0.789583333333333,-0.859542455150593,10.85,FALSE
1,2022-04-12T08:30:00Z,2022-04-12,10.88,16.46,-0.465833333333332,-0.759583333333332,-0.778297471559164,10.88,FALSE
1,2022-04-12T09:00:00Z,2022-04-12,11.18,16.58,-0.345833333333335,-0.459583333333333,-0.543028680167876,11.18,FALSE
1,2022-04-12T09:30:00Z,2022-04-12,11.28,16.68,-0.245833333333334,-0.359583333333333,-0.356672161634816,11.28,FALSE
1,2022-04-12T10:00:00Z,2022-04-12,11.28,16.72,-0.205833333333334,-0.359583333333333,-0.284598850708303,11.28,FALSE
1,2022-04-12T10:30:00Z,2022-04-12,11.39,16.76,-0.165833333333332,-0.249583333333332,-0.213936566345617,11.39,FALSE
1,2022-04-12T11:00:00Z,2022-04-12,11.57,16.8,-0.125833333333333,-0.0695833333333322,-0.144685308546771,11.57,FALSE
1,2022-04-12T11:30:00Z,2022-04-12,11.57,16.74,-0.185833333333335,-0.0695833333333322,-0.249091330206484,11.57,FALSE
1,2022-04-12T12:00:00Z,2022-04-12,11.71,16.98,0.0541666666666671,0.0704166666666684,0.149483897820609,11.71,FALSE
1,2022-04-12T12:30:00Z,2022-04-12,11.78,17,0.0741666666666667,0.140416666666667,0.18040558198997,11.78,FALSE
1,2022-04-12T13:00:00Z,2022-04-12,11.68,16.92,-0.00583333333333158,0.0404166666666672,0.0546023054667756,11.68,FALSE
1,2022-04-12T13:30:00Z,2022-04-12,11.71,16.92,-0.00583333333333158,0.0704166666666684,0.0546023054667756,11.71,FALSE
1,2022-04-12T14:00:00Z,2022-04-12,11.76,17.04,0.114166666666666,0.120416666666667,0.241190680405817,11.76,FALSE
1,2022-04-12T14:30:00Z,2022-04-12,11.86,17.16,0.234166666666667,0.220416666666667,0.415079816270365,11.86,FALSE
1,2022-04-12T15:00:00Z,2022-04-12,12.53,17.2,0.274166666666666,0.890416666666667,0.470220808430879,12.53,FALSE
1,2022-04-12T15:30:00Z,2022-04-12,12.16,17.36,0.434166666666666,0.520416666666668,0.676674511434609,12.16,FALSE
1,2022-04-12T16:00:00Z,2022-04-12,12.2,17.38,0.454166666666666,0.560416666666667,0.700893819425762,12.2,FALSE
1,2022-04-12T16:30:00Z,2022-04-12,12.34,17.54,0.614166666666666,0.700416666666667,0.881949044280493,12.34,FALSE
1,2022-04-12T17:00:00Z,2022-04-12,12.47,17.58,0.654166666666665,0.830416666666668,0.923685284084592,12.47,FALSE
1,2022-04-12T17:30:00Z,2022-04-12,12.54,17.54,0.614166666666666,0.900416666666667,0.881949044280493,12.54,FALSE
1,2022-04-12T18:00:00Z,2022-04-12,12.6,17.48,0.554166666666667,0.960416666666667,0.816699009767158,12.6,FALSE
1,2022-04-12T18:30:00Z,2022-04-12,12.47,17.32,0.394166666666667,0.830416666666668,0.627177625529427,12.47,FALSE
1,2022-04-12T19:00:00Z,2022-04-12,12.48,17.28,0.354166666666668,0.840416666666668,0.576269713060413,12.48,FALSE
1,2022-04-12T19:30:00Z,2022-04-12,12.44,17.28,0.354166666666668,0.800416666666667,0.576269713060413,12.44,FALSE
1,2022-04-12T20:00:00Z,2022-04-12,12.42,17.36,0.434166666666666,0.780416666666667,0.676674511434609,12.42,FALSE
1,2022-04-12T20:30:00Z,2022-04-12,12.43,17.34,0.414166666666667,0.790416666666667,0.652102446802497,12.43,FALSE
1,2022-04-12T21:00:00Z,2022-04-12,12.27,17.34,0.414166666666667,0.630416666666667,0.652102446802497,12.27,FALSE
1,2022-04-12T21:30:00Z,2022-04-12,12.18,17.34,0.414166666666667,0.540416666666667,0.652102446802497,12.18,FALSE
1,2022-04-12T22:00:00Z,2022-04-12,12.17,17.32,0.394166666666667,0.530416666666667,0.627177625529427,12.17,FALSE
1,2022-04-12T22:30:00Z,2022-04-12,12.15,17.32,0.394166666666667,0.510416666666668,0.627177625529427,12.15,FALSE
1,2022-04-12T23:00:00Z,2022-04-12,12.13,17.3,0.374166666666667,0.490416666666668,0.601900047615399,12.13,FALSE
1,2022-04-12T23:30:00Z,2022-04-12,12.17,17.24,0.314166666666665,0.530416666666667,0.52395077402756,12.17,FALSE
1,2022-04-13T00:00:00Z,2022-04-13,12.2,17.18,-0.411666666666665,-0.00854166666666778,-0.0825600218273224,12.2,FALSE
1,2022-04-13T00:30:00Z,2022-04-13,12.15,17.14,-0.451666666666664,-0.0585416666666667,-0.143503155247058,12.15,FALSE
1,2022-04-13T01:00:00Z,2022-04-13,12.08,17.1,-0.491666666666664,-0.128541666666667,-0.206845061604503,12.08,FALSE
1,2022-04-13T01:30:00Z,2022-04-13,11.97,17.08,-0.511666666666667,-0.238541666666666,-0.239415554634873,11.97,FALSE
1,2022-04-13T02:00:00Z,2022-04-13,11.85,17.08,-0.511666666666667,-0.358541666666667,-0.239415554634873,11.85,FALSE
1,2022-04-13T02:30:00Z,2022-04-13,11.79,17.04,-0.551666666666666,-0.418541666666668,-0.306355620398885,11.79,FALSE
1,2022-04-13T03:00:00Z,2022-04-13,11.75,17.04,-0.551666666666666,-0.458541666666667,-0.306355620398885,11.75,FALSE
1,2022-04-13T03:30:00Z,2022-04-13,11.68,17.02,-0.571666666666665,-0.528541666666667,-0.340725193132532,11.68,FALSE
1,2022-04-13T04:00:00Z,2022-04-13,11.67,16.98,-0.611666666666665,-0.538541666666667,-0.41126341830311,11.67,FALSE
1,2022-04-13T04:30:00Z,2022-04-13,11.61,16.96,-0.631666666666664,-0.598541666666668,-0.44743207074004,11.61,FALSE
1,2022-04-13T05:00:00Z,2022-04-13,11.55,16.94,-0.651666666666664,-0.658541666666666,-0.484200416411397,11.55,FALSE
1,2022-04-13T05:30:00Z,2022-04-13,11.46,16.9,-0.691666666666666,-0.748541666666666,-0.559536187457402,11.46,FALSE
1,2022-04-13T06:00:00Z,2022-04-13,11.47,16.88,-0.711666666666666,-0.738541666666666,-0.598103612832043,11.47,FALSE
1,2022-04-13T06:30:00Z,2022-04-13,11.53,16.86,-0.731666666666666,-0.678541666666668,-0.637270731441111,11.53,FALSE
1,2022-04-13T07:00:00Z,2022-04-13,11.33,16.8,-0.791666666666664,-0.878541666666667,-0.758370246674882,11.33,FALSE
1,2022-04-13T07:30:00Z,2022-04-13,11.32,16.82,-0.771666666666665,-0.888541666666667,-0.717404048362531,11.32,FALSE
1,2022-04-13T08:00:00Z,2022-04-13,11.37,16.86,-0.731666666666666,-0.838541666666668,-0.637270731441111,11.37,FALSE
1,2022-04-13T08:30:00Z,2022-04-13,11.45,16.86,-0.731666666666666,-0.758541666666668,-0.637270731441111,11.45,FALSE
1,2022-04-13T09:00:00Z,2022-04-13,11.57,16.9,-0.691666666666666,-0.638541666666667,-0.559536187457402,11.57,FALSE
1,2022-04-13T09:30:00Z,2022-04-13,11.61,16.88,-0.711666666666666,-0.598541666666668,-0.598103612832043,11.61,FALSE
1,2022-04-13T10:00:00Z,2022-04-13,11.75,16.94,-0.651666666666664,-0.458541666666667,-0.484200416411397,11.75,FALSE
1,2022-04-13T10:30:00Z,2022-04-13,11.84,16.98,-0.611666666666665,-0.368541666666667,-0.41126341830311,11.84,FALSE
1,2022-04-13T11:00:00Z,2022-04-13,12.19,17.04,-0.551666666666666,-0.0185416666666676,-0.306355620398885,12.19,FALSE
1,2022-04-13T11:30:00Z,2022-04-13,11.97,17.04,-0.551666666666666,-0.238541666666666,-0.306355620398885,11.97,FALSE
1,2022-04-13T12:00:00Z,2022-04-13,12.12,17.06,-0.531666666666666,-0.0885416666666679,-0.272585740899665,12.12,FALSE
1,2022-04-13T12:30:00Z,2022-04-13,12.32,17.1,-0.491666666666664,0.111458333333333,-0.206845061604503,12.32,FALSE
1,2022-04-13T13:00:00Z,2022-04-13,12.4,17.06,-0.531666666666666,0.191458333333333,-0.272585740899665,12.4,FALSE
1,2022-04-13T13:30:00Z,2022-04-13,12.87,17.14,-0.451666666666664,0.661458333333332,-0.143503155247058,12.87,FALSE
1,2022-04-13T14:00:00Z,2022-04-13,12.97,17.56,-0.0316666666666663,0.761458333333334,0.376760945391861,12.97,FALSE
1,2022-04-13T14:30:00Z,2022-04-13,12.69,18.34,0.748333333333335,0.481458333333332,0.641324619440949,12.69,FALSE
1,2022-04-13T15:00:00Z,2022-04-13,12.61,18.6,1.00833333333334,0.401458333333332,0.526816197554103,12.61,FALSE
1,2022-04-13T15:30:00Z,2022-04-13,12.75,18.56,0.968333333333334,0.541458333333333,0.551029503423092,12.75,FALSE
1,2022-04-13T16:00:00Z,2022-04-13,12.83,18.38,0.788333333333334,0.621458333333333,0.63030456472937,12.83,FALSE
1,2022-04-13T16:30:00Z,2022-04-13,12.75,18.36,0.768333333333334,0.541458333333333,0.636114438702373,12.75,FALSE
1,2022-04-13T17:00:00Z,2022-04-13,12.85,18.34,0.748333333333335,0.641458333333333,0.641324619440949,12.85,FALSE
1,2022-04-13T17:30:00Z,2022-04-13,12.86,18.5,0.908333333333335,0.651458333333332,0.582851762968366,12.86,FALSE
1,2022-04-13T18:00:00Z,2022-04-13,12.72,18.5,0.908333333333335,0.511458333333334,0.582851762968366,12.72,FALSE
1,2022-04-13T18:30:00Z,2022-04-13,12.61,18.36,0.768333333333334,0.401458333333332,0.636114438702373,12.61,FALSE
1,2022-04-13T19:00:00Z,2022-04-13,13.24,18.72,1.12833333333333,1.03145833333333,0.439783642320877,13.24,FALSE
1,2022-04-13T19:30:00Z,2022-04-13,12.92,18.7,1.10833333333333,0.711458333333333,0.455788301279151,12.92,FALSE
1,2022-04-13T20:00:00Z,2022-04-13,12.87,18.72,1.12833333333333,0.661458333333332,0.439783642320877,12.87,FALSE
1,2022-04-13T20:30:00Z,2022-04-13,12.82,18.64,1.04833333333334,0.611458333333333,0.500204118747405,12.82,FALSE
1,2022-04-13T21:00:00Z,2022-04-13,12.75,18.58,0.988333333333333,0.541458333333333,0.539222697105813,12.75,FALSE
1,2022-04-13T21:30:00Z,2022-04-13,12.65,18.5,0.908333333333335,0.441458333333333,0.582851762968366,12.65,FALSE
1,2022-04-13T22:00:00Z,2022-04-13,12.62,18.44,0.848333333333336,0.411458333333332,0.609276783403792,12.62,FALSE
1,2022-04-13T22:30:00Z,2022-04-13,12.62,18.36,0.768333333333334,0.411458333333332,0.636114438702373,12.62,FALSE
1,2022-04-13T23:00:00Z,2022-04-13,12.53,18.3,0.708333333333336,0.321458333333332,0.649945901214819,12.53,FALSE
1,2022-04-13T23:30:00Z,2022-04-13,12.48,18.26,0.668333333333337,0.271458333333333,0.656168410050978,12.48,FALSE
1,2022-04-14T00:00:00Z,2022-04-14,12.45,18.18,-0.265416666666667,-0.185833333333335,-0.0962563322904023,12.45,FALSE
1,2022-04-14T00:30:00Z,2022-04-14,12.44,18.14,-0.305416666666666,-0.195833333333335,-0.119368208113359,12.44,FALSE
1,2022-04-14T01:00:00Z,2022-04-14,12.48,18.14,-0.305416666666666,-0.155833333333334,-0.119368208113359,12.48,FALSE
1,2022-04-14T01:30:00Z,2022-04-14,12.48,18.18,-0.265416666666667,-0.155833333333334,-0.0962563322904023,12.48,FALSE
1,2022-04-14T02:00:00Z,2022-04-14,12.44,18.16,-0.285416666666666,-0.195833333333335,-0.107764856765797,12.44,FALSE
1,2022-04-14T02:30:00Z,2022-04-14,12.42,18.16,-0.285416666666666,-0.215833333333334,-0.107764856765797,12.42,FALSE
1,2022-04-14T03:00:00Z,2022-04-14,12.4,18.14,-0.305416666666666,-0.235833333333334,-0.119368208113359,12.4,FALSE
1,2022-04-14T03:30:00Z,2022-04-14,12.34,18.1,-0.345416666666665,-0.295833333333334,-0.142859391424983,12.34,FALSE
1,2022-04-14T04:00:00Z,2022-04-14,12.29,18.06,-0.385416666666668,-0.345833333333335,-0.166729882225275,12.29,FALSE
1,2022-04-14T04:30:00Z,2022-04-14,12.28,18,-0.445416666666667,-0.355833333333335,-0.203246819966962,12.28,FALSE
1,2022-04-14T05:00:00Z,2022-04-14,12.24,17.94,-0.505416666666665,-0.395833333333334,-0.240617199558151,12.24,FALSE
1,2022-04-14T05:30:00Z,2022-04-14,12.19,17.9,-0.545416666666668,-0.445833333333335,-0.266004920313112,12.19,FALSE
1,2022-04-14T06:00:00Z,2022-04-14,12.14,17.86,-0.585416666666667,-0.495833333333334,-0.291771948556738,12.14,FALSE
1,2022-04-14T06:30:00Z,2022-04-14,12.12,17.8,-0.645416666666666,-0.515833333333335,-0.331133692463429,12.12,FALSE
1,2022-04-14T07:00:00Z,2022-04-14,12.09,17.72,-0.725416666666668,-0.545833333333334,-0.384943593882686,12.09,FALSE
1,2022-04-14T07:30:00Z,2022-04-14,12.07,17.74,-0.705416666666668,-0.565833333333334,-0.371348878219622,12.07,FALSE
1,2022-04-14T08:00:00Z,2022-04-14,12.13,17.78,-0.665416666666665,-0.505833333333333,-0.344443927509992,12.13,FALSE
1,2022-04-14T08:30:00Z,2022-04-14,12.27,17.9,-0.545416666666668,-0.365833333333335,-0.266004920313112,12.27,FALSE
1,2022-04-14T09:00:00Z,2022-04-14,12.29,17.92,-0.525416666666665,-0.345833333333335,-0.253263646499547,12.29,FALSE
1,2022-04-14T09:30:00Z,2022-04-14,12.32,17.9,-0.545416666666668,-0.315833333333334,-0.266004920313112,12.32,FALSE
1,2022-04-14T10:00:00Z,2022-04-14,12.37,17.9,-0.545416666666668,-0.265833333333335,-0.266004920313112,12.37,FALSE
1,2022-04-14T10:30:00Z,2022-04-14,12.49,17.92,-0.525416666666665,-0.145833333333334,-0.253263646499547,12.49,FALSE
1,2022-04-14T11:00:00Z,2022-04-14,12.43,17.92,-0.525416666666665,-0.205833333333334,-0.253263646499547,12.43,FALSE
1,2022-04-14T11:30:00Z,2022-04-14,12.47,17.88,-0.565416666666668,-0.165833333333334,-0.278841020998842,12.47,FALSE
1,2022-04-14T12:00:00Z,2022-04-14,12.6,17.88,-0.565416666666668,-0.0358333333333345,-0.278841020998842,12.6,FALSE
1,2022-04-14T12:30:00Z,2022-04-14,12.62,17.88,-0.565416666666668,-0.0158333333333349,-0.278841020998842,12.62,FALSE
1,2022-04-14T13:00:00Z,2022-04-14,12.66,17.9,-0.545416666666668,0.024166666666666,-0.266004920313112,12.66,FALSE
1,2022-04-14T13:30:00Z,2022-04-14,12.84,17.9,-0.545416666666668,0.204166666666666,-0.266004920313112,12.84,FALSE
1,2022-04-14T14:00:00Z,2022-04-14,12.87,17.86,-0.585416666666667,0.234166666666665,-0.291771948556738,12.87,FALSE
1,2022-04-14T14:30:00Z,2022-04-14,13.14,18.4,-0.045416666666668,0.504166666666666,0.024078863375936,13.14,FALSE
1,2022-04-14T15:00:00Z,2022-04-14,13.44,18.72,0.274583333333332,0.804166666666665,0.178629270866223,13.44,FALSE
1,2022-04-14T15:30:00Z,2022-04-14,13.34,19.14,0.694583333333334,0.704166666666666,0.34463644086043,13.34,FALSE
1,2022-04-14T16:00:00Z,2022-04-14,13.23,19.34,0.894583333333333,0.594166666666666,0.408989309005153,13.23,FALSE
1,2022-04-14T16:30:00Z,2022-04-14,13.23,19.44,0.994583333333335,0.594166666666666,0.437609735371261,13.23,FALSE
1,2022-04-14T17:00:00Z,2022-04-14,13.15,19.52,1.07458333333333,0.514166666666666,0.458799192765145,13.15,FALSE
1,2022-04-14T17:30:00Z,2022-04-14,13.22,19.44,0.994583333333335,0.584166666666667,0.437609735371261,13.22,FALSE
1,2022-04-14T18:00:00Z,2022-04-14,13.29,19.4,0.954583333333332,0.654166666666665,0.426446045441318,13.29,FALSE
1,2022-04-14T18:30:00Z,2022-04-14,13.07,19.38,0.934583333333332,0.434166666666666,0.420721960168097,13.07,FALSE
1,2022-04-14T19:00:00Z,2022-04-14,12.97,19.3,0.854583333333334,0.334166666666667,0.396877350353543,12.97,FALSE
1,2022-04-14T19:30:00Z,2022-04-14,12.92,19.26,0.814583333333335,0.284166666666666,0.384386084213266,12.92,FALSE
1,2022-04-14T20:00:00Z,2022-04-14,12.85,19.22,0.774583333333332,0.214166666666666,0.37151551058432,12.85,FALSE
1,2022-04-14T20:30:00Z,2022-04-14,12.97,19.2,0.754583333333333,0.334166666666667,0.364937983461598,12.97,FALSE
1,2022-04-14T21:00:00Z,2022-04-14,12.65,19.2,0.754583333333333,0.0141666666666662,0.364937983461598,12.65,FALSE
1,2022-04-14T21:30:00Z,2022-04-14,12.87,19.16,0.714583333333334,0.234166666666665,0.351498448599653,12.87,FALSE
1,2022-04-14T22:00:00Z,2022-04-14,12.79,19.18,0.734583333333333,0.154166666666665,0.358265629466709,12.79,FALSE
1,2022-04-14T22:30:00Z,2022-04-14,12.78,19.18,0.734583333333333,0.144166666666665,0.358265629466709,12.78,FALSE
1,2022-04-14T23:00:00Z,2022-04-14,12.74,19.12,0.674583333333334,0.104166666666666,0.337679606249041,12.74,FALSE
1,2022-04-14T23:30:00Z,2022-04-14,12.64,19.02,0.574583333333333,0.00416666666666643,0.30147303010959,12.64,FALSE
1,2022-04-15T00:00:00Z,2022-04-15,12.67,18.98,-0.156666666666666,-0.0512499999999996,0.050214015833661,12.67,FALSE
1,2022-04-15T00:30:00Z,2022-04-15,12.79,18.96,-0.176666666666666,0.0687499999999996,0.0332491540106303,12.79,FALSE
1,2022-04-15T01:00:00Z,2022-04-15,12.82,19.04,-0.0966666666666676,0.0987500000000008,0.0970373927153333,12.82,FALSE
1,2022-04-15T01:30:00Z,2022-04-15,12.81,19.04,-0.0966666666666676,0.088750000000001,0.0970373927153333,12.81,FALSE
1,2022-04-15T02:00:00Z,2022-04-15,12.75,19.02,-0.116666666666667,0.0287500000000005,0.0821081351860125,12.75,FALSE
1,2022-04-15T02:30:00Z,2022-04-15,12.73,18.96,-0.176666666666666,0.00875000000000092,0.0332491540106303,12.73,FALSE
1,2022-04-15T03:00:00Z,2022-04-15,12.63,18.86,-0.276666666666667,-0.0912499999999987,-0.0617531765730768,12.63,FALSE
1,2022-04-15T03:30:00Z,2022-04-15,12.56,18.8,-0.336666666666666,-0.161249999999999,-0.126896992098139,12.56,FALSE
1,2022-04-15T04:00:00Z,2022-04-15,12.53,18.82,-0.316666666666666,-0.19125,-0.104503852158548,12.53,FALSE
1,2022-04-15T04:30:00Z,2022-04-15,12.43,18.8,-0.336666666666666,-0.29125,-0.126896992098139,12.43,FALSE
1,2022-04-15T05:00:00Z,2022-04-15,12.41,18.74,-0.396666666666668,-0.311249999999999,-0.198147620504335,12.41,FALSE
1,2022-04-15T05:30:00Z,2022-04-15,12.42,18.72,-0.416666666666668,-0.30125,-0.223254899502206,12.42,FALSE
1,2022-04-15T06:00:00Z,2022-04-15,12.44,18.8,-0.336666666666666,-0.28125,-0.126896992098139,12.44,FALSE
1,2022-04-15T06:30:00Z,2022-04-15,12.37,18.72,-0.416666666666668,-0.35125,-0.223254899502206,12.37,FALSE
1,2022-04-15T07:00:00Z,2022-04-15,12.33,18.7,-0.436666666666667,-0.391249999999999,-0.249040713264647,12.33,FALSE
1,2022-04-15T07:30:00Z,2022-04-15,12.36,18.7,-0.436666666666667,-0.36125,-0.249040713264647,12.36,FALSE
1,2022-04-15T08:00:00Z,2022-04-15,12.38,18.74,-0.396666666666668,-0.341249999999999,-0.198147620504335,12.38,FALSE
1,2022-04-15T08:30:00Z,2022-04-15,12.46,18.8,-0.336666666666666,-0.261249999999999,-0.126896992098139,12.46,FALSE
1,2022-04-15T09:00:00Z,2022-04-15,12.43,18.78,-0.356666666666666,-0.29125,-0.1499686668023,12.43,FALSE
1,2022-04-15T09:30:00Z,2022-04-15,12.37,18.7,-0.436666666666667,-0.35125,-0.249040713264647,12.37,FALSE
1,2022-04-15T10:00:00Z,2022-04-15,12.43,18.68,-0.456666666666667,-0.29125,-0.275505061791658,12.43,FALSE
1,2022-04-15T10:30:00Z,2022-04-15,12.49,18.66,-0.476666666666667,-0.231249999999999,-0.302647945083238,12.49,FALSE
1,2022-04-15T11:00:00Z,2022-04-15,12.57,18.64,-0.496666666666666,-0.151249999999999,-0.330469363139389,12.57,FALSE
1,2022-04-15T11:30:00Z,2022-04-15,12.6,18.64,-0.496666666666666,-0.12125,-0.330469363139389,12.6,FALSE
1,2022-04-15T12:00:00Z,2022-04-15,12.62,18.62,-0.516666666666666,-0.10125,-0.35896931596011,12.62,FALSE
1,2022-04-15T12:30:00Z,2022-04-15,12.63,18.64,-0.496666666666666,-0.0912499999999987,-0.330469363139389,12.63,FALSE
1,2022-04-15T13:00:00Z,2022-04-15,12.94,18.74,-0.396666666666668,0.21875,-0.198147620504335,12.94,FALSE
1,2022-04-15T13:30:00Z,2022-04-15,12.74,19.38,0.243333333333332,0.0187500000000007,0.24701895173458,12.74,FALSE
1,2022-04-15T14:00:00Z,2022-04-15,12.75,19.48,0.343333333333334,0.0287500000000005,0.253811762924184,12.75,FALSE
1,2022-04-15T14:30:00Z,2022-04-15,12.8,19.18,0.043333333333333,0.0787500000000012,0.182543222012621,12.8,FALSE
1,2022-04-15T15:00:00Z,2022-04-15,13,19.12,-0.0166666666666657,0.278750000000001,0.149969075186919,13,FALSE
1,2022-04-15T15:30:00Z,2022-04-15,13.06,19.24,0.103333333333332,0.338750000000001,0.209010555957193,13.06,FALSE
1,2022-04-15T16:00:00Z,2022-04-15,13.06,19.32,0.183333333333334,0.338750000000001,0.234800847845977,13.06,FALSE
1,2022-04-15T16:30:00Z,2022-04-15,13.05,19.56,0.423333333333332,0.328750000000001,0.247032386113607,13.05,FALSE
1,2022-04-15T17:00:00Z,2022-04-15,13.07,19.66,0.523333333333333,0.348750000000001,0.22329113289756,13.07,FALSE
1,2022-04-15T17:30:00Z,2022-04-15,13.11,19.64,0.503333333333334,0.38875,0.22939645306991,13.11,FALSE
1,2022-04-15T18:00:00Z,2022-04-15,13.12,19.56,0.423333333333332,0.39875,0.247032386113607,13.12,FALSE
1,2022-04-15T18:30:00Z,2022-04-15,13.08,19.62,0.483333333333334,0.358750000000001,0.234823238477689,13.08,FALSE
1,2022-04-15T19:00:00Z,2022-04-15,13.05,19.58,0.443333333333332,0.328750000000001,0.243641204999538,13.05,FALSE
1,2022-04-15T19:30:00Z,2022-04-15,13.02,19.56,0.423333333333332,0.29875,0.247032386113607,13.02,FALSE
1,2022-04-15T20:00:00Z,2022-04-15,13.07,19.58,0.443333333333332,0.348750000000001,0.243641204999538,13.07,FALSE
1,2022-04-15T20:30:00Z,2022-04-15,13.1,19.68,0.543333333333333,0.37875,0.216507277960641,13.1,FALSE
1,2022-04-15T21:00:00Z,2022-04-15,13.02,19.7,0.563333333333333,0.29875,0.209044888259152,13.02,FALSE
1,2022-04-15T21:30:00Z,2022-04-15,12.73,19.8,0.663333333333334,0.00875000000000092,0.161554918283154,12.73,FALSE
1,2022-04-15T22:00:00Z,2022-04-15,12.68,19.8,0.663333333333334,-0.0412499999999998,0.161554918283154,12.68,FALSE
1,2022-04-15T22:30:00Z,2022-04-15,12.78,19.88,0.743333333333332,0.0587499999999999,0.111349316540097,12.78,FALSE
1,2022-04-15T23:00:00Z,2022-04-15,12.72,19.9,0.763333333333332,-0.00124999999999886,0.0971015791929083,12.72,FALSE
1,2022-04-15T23:30:00Z,2022-04-15,12.64,20.02,0.883333333333333,-0.0812499999999989,-0.00263407494619983,12.64,FALSE
1,2022-04-16T00:00:00Z,2022-04-16,12.49,20.08,0.444999999999997,0.0649999999999995,0.215576057839066,12.49,FALSE
1,2022-04-16T00:30:00Z,2022-04-16,12.49,20.02,0.384999999999998,0.0649999999999995,0.214752735781665,12.49,FALSE
1,2022-04-16T01:00:00Z,2022-04-16,12.45,19.98,0.344999999999999,0.0249999999999986,0.211929687187626,12.45,FALSE
1,2022-04-16T01:30:00Z,2022-04-16,12.46,19.9,0.264999999999997,0.0350000000000001,0.200825588665699,12.46,FALSE
1,2022-04-16T02:00:00Z,2022-04-16,12.42,19.84,0.204999999999998,-0.00500000000000078,0.187721763607136,12.42,FALSE
1,2022-04-16T02:30:00Z,2022-04-16,12.47,19.76,0.125,0.0449999999999999,0.163882328639561,12.47,FALSE
1,2022-04-16T03:00:00Z,2022-04-16,12.48,19.7,0.0649999999999977,0.0549999999999997,0.141227001246759,12.48,FALSE
1,2022-04-16T03:30:00Z,2022-04-16,12.49,19.64,0.00499999999999901,0.0649999999999995,0.114478172853572,12.49,FALSE
1,2022-04-16T04:00:00Z,2022-04-16,12.47,19.56,-0.0750000000000028,0.0449999999999999,0.0724454001064956,12.47,FALSE
1,2022-04-16T04:30:00Z,2022-04-16,12.36,19.5,-0.135000000000002,-0.0650000000000013,0.0361450693790713,12.36,FALSE
1,2022-04-16T05:00:00Z,2022-04-16,12.24,19.42,-0.215,-0.185000000000001,-0.0186230398136524,12.24,FALSE
1,2022-04-16T05:30:00Z,2022-04-16,12.25,19.44,-0.195,-0.175000000000001,-0.0042487623487403,12.25,FALSE
1,2022-04-16T06:00:00Z,2022-04-16,12.27,19.26,-0.375,-0.155000000000001,-0.149991263534501,12.27,FALSE
1,2022-04-16T06:30:00Z,2022-04-16,12.26,19.3,-0.335000000000001,-0.165000000000001,-0.114420206937365,12.26,FALSE
1,2022-04-16T07:00:00Z,2022-04-16,12.25,19.28,-0.355,-0.175000000000001,-0.131978318513689,12.25,FALSE
1,2022-04-16T07:30:00Z,2022-04-16,12.2,19.26,-0.375,-0.225000000000001,-0.149991263534501,12.2,FALSE
1,2022-04-16T08:00:00Z,2022-04-16,12.12,19.3,-0.335000000000001,-0.305000000000002,-0.114420206937365,12.12,FALSE
1,2022-04-16T08:30:00Z,2022-04-16,12.16,19.3,-0.335000000000001,-0.265000000000001,-0.114420206937365,12.16,FALSE
1,2022-04-16T09:00:00Z,2022-04-16,12.11,19.24,-0.395000000000003,-0.315000000000001,-0.168459041999804,12.11,FALSE
1,2022-04-16T09:30:00Z,2022-04-16,12.08,19.16,-0.475000000000001,-0.345000000000001,-0.246878490305877,12.08,FALSE
1,2022-04-16T10:00:00Z,2022-04-16,12.15,19.1,-0.535,-0.275,-0.310468827702549,12.15,FALSE
1,2022-04-16T10:30:00Z,2022-04-16,12.19,19.1,-0.535,-0.235000000000001,-0.310468827702549,12.19,FALSE
1,2022-04-16T11:00:00Z,2022-04-16,12.23,19.08,-0.555000000000003,-0.195,-0.332575273723752,12.23,FALSE
1,2022-04-16T11:30:00Z,2022-04-16,12.14,19.14,-0.495000000000001,-0.285,-0.267620435993613,12.14,FALSE
1,2022-04-16T12:00:00Z,2022-04-16,12.23,19.16,-0.475000000000001,-0.195,-0.246878490305877,12.23,FALSE
1,2022-04-16T12:30:00Z,2022-04-16,12.32,19.22,-0.415000000000003,-0.105,-0.187381653909591,12.32,FALSE
1,2022-04-16T13:00:00Z,2022-04-16,12.29,19.26,-0.375,-0.135000000000002,-0.149991263534501,12.29,FALSE
1,2022-04-16T13:30:00Z,2022-04-16,12.34,19.28,-0.355,-0.0850000000000009,-0.131978318513689,12.34,FALSE
1,2022-04-16T14:00:00Z,2022-04-16,12.31,19.32,-0.315000000000001,-0.115,-0.0973169288055279,12.31,FALSE
1,2022-04-16T14:30:00Z,2022-04-16,12.49,19.46,-0.175000000000001,0.0649999999999995,0.00967068167168435,12.49,FALSE
1,2022-04-16T15:00:00Z,2022-04-16,12.68,19.54,-0.0950000000000024,0.254999999999999,0.0608001233085083,12.68,FALSE
1,2022-04-16T15:30:00Z,2022-04-16,12.64,19.58,-0.0550000000000033,0.215,0.0836358434599955,12.64,FALSE
1,2022-04-16T16:00:00Z,2022-04-16,12.69,19.62,-0.0150000000000006,0.264999999999999,0.104652229833535,12.69,FALSE
1,2022-04-16T16:30:00Z,2022-04-16,12.67,19.62,-0.0150000000000006,0.244999999999999,0.104652229833535,12.67,FALSE
1,2022-04-16T17:00:00Z,2022-04-16,12.62,19.72,0.0849999999999973,0.194999999999999,0.149233610488847,12.62,FALSE
1,2022-04-16T17:30:00Z,2022-04-16,12.59,19.78,0.145,0.164999999999999,0.170524437548186,12.59,FALSE
1,2022-04-16T18:00:00Z,2022-04-16,12.73,19.68,0.0449999999999982,0.305,0.132765558560184,12.73,FALSE
1,2022-04-16T18:30:00Z,2022-04-16,12.79,19.62,-0.0150000000000006,0.364999999999998,0.104652229833535,12.79,FALSE
1,2022-04-16T19:00:00Z,2022-04-16,12.64,19.6,-0.0350000000000001,0.215,0.0943714533690098,12.64,FALSE
1,2022-04-16T19:30:00Z,2022-04-16,12.8,19.72,0.0849999999999973,0.375,0.149233610488847,12.8,FALSE
1,2022-04-16T20:00:00Z,2022-04-16,12.73,19.88,0.244999999999997,0.305,0.196912480423999,12.73,FALSE
1,2022-04-16T20:30:00Z,2022-04-16,12.75,19.9,0.264999999999997,0.324999999999999,0.200825588665699,12.75,FALSE
1,2022-04-16T21:00:00Z,2022-04-16,12.77,19.98,0.344999999999999,0.344999999999999,0.211929687187626,12.77,FALSE
1,2022-04-16T21:30:00Z,2022-04-16,12.73,20.2,0.564999999999998,0.305,0.204942198952707,12.73,FALSE
1,2022-04-16T22:00:00Z,2022-04-16,12.64,20.46,0.824999999999999,0.215,0.12573024097139,12.64,FALSE
1,2022-04-16T22:30:00Z,2022-04-16,12.35,20.98,1.345,-0.0750000000000011,-0.263294231346397,12.35,FALSE
1,2022-04-16T23:00:00Z,2022-04-16,12.24,20.88,1.245,-0.185000000000001,-0.164603076988151,12.24,FALSE
1,2022-04-16T23:30:00Z,2022-04-16,12.13,20.66,1.025,-0.295,0.0124921194850866,12.13,FALSE
1,2022-04-17T00:00:00Z,2022-04-17,12.11,20.38,0.676666666666666,0.00375000000000014,-0.18009293510821,12.11,FALSE
1,2022-04-17T00:30:00Z,2022-04-17,12.12,20.1,0.396666666666668,0.0137499999999999,-0.0286400410306951,12.12,FALSE
1,2022-04-17T01:00:00Z,2022-04-17,12.13,19.96,0.256666666666668,0.0237500000000015,0.0136313667423726,12.13,FALSE
1,2022-04-17T01:30:00Z,2022-04-17,12.05,20.06,0.356666666666666,-0.0562499999999986,-0.0142866429414034,12.05,FALSE
1,2022-04-17T02:00:00Z,2022-04-17,11.94,20.28,0.576666666666668,-0.16625,-0.115761277244091,11.94,FALSE
1,2022-04-17T02:30:00Z,2022-04-17,11.83,20.2,0.496666666666666,-0.276249999999999,-0.0724890217933713,11.83,FALSE
1,2022-04-17T03:00:00Z,2022-04-17,11.87,20.06,0.356666666666666,-0.23625,-0.0142866429414034,11.87,FALSE
1,2022-04-17T03:30:00Z,2022-04-17,11.82,19.88,0.176666666666666,-0.286249999999999,0.0277727036488169,11.82,FALSE
1,2022-04-17T04:00:00Z,2022-04-17,11.8,19.88,0.176666666666666,-0.306249999999999,0.0277727036488169,11.8,FALSE
1,2022-04-17T04:30:00Z,2022-04-17,11.77,19.78,0.076666666666668,-0.33625,0.0352080362311501,11.77,FALSE
1,2022-04-17T05:00:00Z,2022-04-17,11.69,19.74,0.0366666666666653,-0.41625,0.0349959750483033,11.69,FALSE
1,2022-04-17T05:30:00Z,2022-04-17,11.71,19.62,-0.0833333333333322,-0.396249999999998,0.0234356970456601,11.71,FALSE
1,2022-04-17T06:00:00Z,2022-04-17,11.64,19.58,-0.123333333333335,-0.466249999999999,0.0159409062267441,11.64,FALSE
1,2022-04-17T06:30:00Z,2022-04-17,11.67,19.5,-0.203333333333333,-0.436249999999999,-0.00451072263813812,11.67,FALSE
1,2022-04-17T07:00:00Z,2022-04-17,11.66,19.5,-0.203333333333333,-0.446249999999999,-0.00451072263813812,11.66,FALSE
1,2022-04-17T07:30:00Z,2022-04-17,11.75,19.44,-0.263333333333332,-0.356249999999999,-0.0246287356104697,11.75,FALSE
1,2022-04-17T08:00:00Z,2022-04-17,11.66,19.44,-0.263333333333332,-0.446249999999999,-0.0246287356104697,11.66,FALSE
1,2022-04-17T08:30:00Z,2022-04-17,11.59,19.46,-0.243333333333332,-0.516249999999999,-0.0174675606841049,11.59,FALSE
1,2022-04-17T09:00:00Z,2022-04-17,11.6,19.46,-0.243333333333332,-0.50625,-0.0174675606841049,11.6,FALSE
1,2022-04-17T09:30:00Z,2022-04-17,11.82,19.5,-0.203333333333333,-0.286249999999999,-0.00451072263813812,11.82,FALSE
1,2022-04-17T10:00:00Z,2022-04-17,11.74,19.52,-0.183333333333334,-0.366249999999999,0.00128494048146385,11.74,FALSE
1,2022-04-17T10:30:00Z,2022-04-17,11.86,19.58,-0.123333333333335,-0.24625,0.0159409062267441,11.86,FALSE
1,2022-04-17T11:00:00Z,2022-04-17,11.77,19.5,-0.203333333333333,-0.33625,-0.00451072263813812,11.77,FALSE
1,2022-04-17T11:30:00Z,2022-04-17,11.97,19.64,-0.0633333333333326,-0.136249999999999,0.0265003365517364,11.97,FALSE
1,2022-04-17T12:00:00Z,2022-04-17,12,19.72,0.0166666666666657,-0.106249999999999,0.0342071885534985,12,FALSE
1,2022-04-17T12:30:00Z,2022-04-17,12.14,19.62,-0.0833333333333322,0.0337500000000013,0.0234356970456601,12.14,FALSE
1,2022-04-17T13:00:00Z,2022-04-17,12.21,19.72,0.0166666666666657,0.103750000000002,0.0342071885534985,12.21,FALSE
1,2022-04-17T13:30:00Z,2022-04-17,12.38,19.74,0.0366666666666653,0.273750000000002,0.0349959750483033,12.38,FALSE
1,2022-04-17T14:00:00Z,2022-04-17,12.25,19.68,-0.0233333333333334,0.143750000000001,0.031264103757126,12.25,FALSE
1,2022-04-17T14:30:00Z,2022-04-17,12.28,19.72,0.0166666666666657,0.17375,0.0342071885534985,12.28,FALSE
1,2022-04-17T15:00:00Z,2022-04-17,12.41,19.9,0.196666666666665,0.303750000000001,0.0249201253255875,12.41,FALSE
1,2022-04-17T15:30:00Z,2022-04-17,12.4,19.7,-0.00333333333333385,0.293750000000001,0.0329632314564394,12.4,FALSE
1,2022-04-17T16:00:00Z,2022-04-17,12.79,19.54,-0.163333333333334,0.68375,0.00662543299881154,12.79,FALSE
1,2022-04-17T16:30:00Z,2022-04-17,12.6,19.64,-0.0633333333333326,0.49375,0.0265003365517364,12.6,FALSE
1,2022-04-17T17:00:00Z,2022-04-17,12.8,19.58,-0.123333333333335,0.693750000000001,0.0159409062267441,12.8,FALSE
1,2022-04-17T17:30:00Z,2022-04-17,12.41,19.58,-0.123333333333335,0.303750000000001,0.0159409062267441,12.41,FALSE
1,2022-04-17T18:00:00Z,2022-04-17,12.44,19.42,-0.283333333333331,0.33375,-0.0322450811390888,12.44,FALSE
1,2022-04-17T18:30:00Z,2022-04-17,12.41,19.46,-0.243333333333332,0.303750000000001,-0.0174675606841049,12.41,FALSE
1,2022-04-17T19:00:00Z,2022-04-17,12.33,20.06,0.356666666666666,0.223750000000001,-0.0142866429414034,12.33,FALSE
1,2022-04-17T19:30:00Z,2022-04-17,12.2,19.78,0.076666666666668,0.09375,0.0352080362311501,12.2,FALSE
1,2022-04-17T20:00:00Z,2022-04-17,12.62,19.6,-0.103333333333332,0.51375,0.0199158869373296,12.62,FALSE
1,2022-04-17T20:30:00Z,2022-04-17,12.61,19.52,-0.183333333333334,0.50375,0.00128494048146385,12.61,FALSE
1,2022-04-17T21:00:00Z,2022-04-17,12.42,19.44,-0.263333333333332,0.313750000000001,-0.0246287356104697,12.42,FALSE
1,2022-04-17T21:30:00Z,2022-04-17,12.5,19.44,-0.263333333333332,0.393750000000001,-0.0246287356104697,12.5,FALSE
1,2022-04-17T22:00:00Z,2022-04-17,12.51,19.48,-0.223333333333333,0.403750000000001,-0.0107615563599944,12.51,FALSE
1,2022-04-17T22:30:00Z,2022-04-17,12.32,19.64,-0.0633333333333326,0.213750000000001,0.0265003365517364,12.32,FALSE
1,2022-04-17T23:00:00Z,2022-04-17,12.29,19.7,-0.00333333333333385,0.18375,0.0329632314564394,12.29,FALSE
1,2022-04-17T23:30:00Z,2022-04-17,12.21,20.02,0.316666666666666,0.103750000000002,-0.00175392726113016,12.21,FALSE
1,2022-04-18T00:00:00Z,2022-04-18,12.09,20.28,0.288333333333334,0.15875,0.0479898317635506,12.09,FALSE
1,2022-04-18T00:30:00Z,2022-04-18,11.95,20.46,0.468333333333334,0.0187499999999989,0.123076369277299,11.95,FALSE
1,2022-04-18T01:00:00Z,2022-04-18,11.91,20.48,0.488333333333333,-0.0212500000000002,0.132840322278215,11.91,FALSE
1,2022-04-18T01:30:00Z,2022-04-18,11.86,20.42,0.428333333333335,-0.0712500000000009,0.104401065908434,11.86,FALSE
1,2022-04-18T02:00:00Z,2022-04-18,11.88,20.28,0.288333333333334,-0.0512499999999996,0.0479898317635506,11.88,FALSE
1,2022-04-18T02:30:00Z,2022-04-18,11.93,20.16,0.168333333333333,-0.00125000000000064,0.0107211795822138,11.93,FALSE
1,2022-04-18T03:00:00Z,2022-04-18,11.8,20.24,0.248333333333331,-0.13125,0.0344301441924823,11.8,FALSE
1,2022-04-18T03:30:00Z,2022-04-18,11.62,20.2,0.208333333333332,-0.311250000000001,0.0220072601320371,11.62,FALSE
1,2022-04-18T04:00:00Z,2022-04-18,11.75,20.12,0.128333333333334,-0.18125,0.000571902543012207,11.75,FALSE
1,2022-04-18T04:30:00Z,2022-04-18,11.69,20.1,0.108333333333334,-0.241250000000001,-0.0040764346601054,11.69,FALSE
1,2022-04-18T05:00:00Z,2022-04-18,11.72,20.02,0.0283333333333324,-0.21125,-0.0198277746960219,11.72,FALSE
1,2022-04-18T05:30:00Z,2022-04-18,11.72,19.86,-0.131666666666668,-0.21125,-0.0376888126403918,11.72,FALSE
1,2022-04-18T06:00:00Z,2022-04-18,11.6,19.7,-0.291666666666668,-0.331250000000001,-0.0373609944148119,11.6,FALSE
1,2022-04-18T06:30:00Z,2022-04-18,11.58,19.56,-0.431666666666668,-0.35125,-0.0221536073905176,11.58,FALSE
1,2022-04-18T07:00:00Z,2022-04-18,11.58,19.58,-0.411666666666669,-0.35125,-0.0251786938840974,11.58,FALSE
1,2022-04-18T07:30:00Z,2022-04-18,11.48,19.64,-0.351666666666667,-0.45125,-0.0325487480989045,11.48,FALSE
1,2022-04-18T08:00:00Z,2022-04-18,11.48,19.74,-0.251666666666669,-0.45125,-0.0391481542371397,11.48,FALSE
1,2022-04-18T08:30:00Z,2022-04-18,11.6,19.88,-0.111666666666668,-0.331250000000001,-0.0364508859691397,11.6,FALSE
1,2022-04-18T09:00:00Z,2022-04-18,11.5,19.86,-0.131666666666668,-0.43125,-0.0376888126403918,11.5,FALSE
1,2022-04-18T09:30:00Z,2022-04-18,11.66,19.86,-0.131666666666668,-0.27125,-0.0376888126403918,11.66,FALSE
1,2022-04-18T10:00:00Z,2022-04-18,11.77,19.9,-0.0916666666666686,-0.161250000000001,-0.0349287584202322,11.77,FALSE
1,2022-04-18T10:30:00Z,2022-04-18,11.79,19.94,-0.0516666666666659,-0.141250000000001,-0.0310319006894504,11.79,FALSE
1,2022-04-18T11:00:00Z,2022-04-18,11.86,19.92,-0.0716666666666654,-0.0712500000000009,-0.0331224299936688,11.86,FALSE
1,2022-04-18T11:30:00Z,2022-04-18,12.03,19.76,-0.231666666666666,0.098749999999999,-0.0396154328318204,12.03,FALSE
1,2022-04-18T12:00:00Z,2022-04-18,12.02,19.74,-0.251666666666669,0.0887499999999992,-0.0391481542371397,12.02,FALSE
1,2022-04-18T12:30:00Z,2022-04-18,12.07,19.72,-0.271666666666668,0.13875,-0.0383966747648035,12.07,FALSE
1,2022-04-18T13:00:00Z,2022-04-18,12.15,19.74,-0.251666666666669,0.21875,-0.0391481542371397,12.15,FALSE
1,2022-04-18T13:30:00Z,2022-04-18,12.17,19.74,-0.251666666666669,0.23875,-0.0391481542371397,12.17,FALSE
1,2022-04-18T14:00:00Z,2022-04-18,12.27,19.86,-0.131666666666668,0.338749999999999,-0.0376888126403918,12.27,FALSE
1,2022-04-18T14:30:00Z,2022-04-18,12.21,19.86,-0.131666666666668,0.278750000000001,-0.0376888126403918,12.21,FALSE
1,2022-04-18T15:00:00Z,2022-04-18,12.25,20.06,0.0683333333333316,0.31875,-0.012520506433375,12.25,FALSE
1,2022-04-18T15:30:00Z,2022-04-18,12.29,20.14,0.148333333333333,0.358749999999999,0.00550444062378526,12.29,FALSE
1,2022-04-18T16:00:00Z,2022-04-18,12.33,20.24,0.248333333333331,0.39875,0.0344301441924823,12.33,FALSE
1,2022-04-18T16:30:00Z,2022-04-18,12.36,20.32,0.328333333333333,0.428749999999999,0.0626863228452395,12.36,FALSE
1,2022-04-18T17:00:00Z,2022-04-18,12.31,20.56,0.568333333333332,0.37875,0.174738143058433,12.31,FALSE
1,2022-04-18T17:30:00Z,2022-04-18,12.12,20.26,0.268333333333334,0.188749999999999,0.0410678875391893,12.12,FALSE
1,2022-04-18T18:00:00Z,2022-04-18,12.28,19.96,-0.0316666666666663,0.348749999999999,-0.0286571705075764,12.28,FALSE
1,2022-04-18T18:30:00Z,2022-04-18,12.01,19.7,-0.291666666666668,0.0787499999999994,-0.0373609944148119,12.01,FALSE
1,2022-04-18T19:00:00Z,2022-04-18,12.26,19.54,-0.451666666666668,0.328749999999999,-0.0188443200192824,12.26,FALSE
1,2022-04-18T19:30:00Z,2022-04-18,12.28,20.12,0.128333333333334,0.348749999999999,0.000571902543012207,12.28,FALSE
1,2022-04-18T20:00:00Z,2022-04-18,12.1,20.2,0.208333333333332,0.168749999999999,0.0220072601320371,12.1,FALSE
1,2022-04-18T20:30:00Z,2022-04-18,12.2,19.7,-0.291666666666668,0.268749999999999,-0.0373609944148119,12.2,FALSE
1,2022-04-18T21:00:00Z,2022-04-18,12.35,19.66,-0.331666666666667,0.418749999999999,-0.0344370310818624,12.35,FALSE
1,2022-04-18T21:30:00Z,2022-04-18,11.8,20.24,0.248333333333331,-0.13125,0.0344301441924823,11.8,FALSE
1,2022-04-18T22:00:00Z,2022-04-18,11.58,20.22,0.228333333333332,-0.35125,0.028076601723432,11.58,FALSE
1,2022-04-18T22:30:00Z,2022-04-18,11.92,20,0.00833333333333286,-0.0112500000000004,-0.0230551075108622,11.92,FALSE
1,2022-04-18T23:00:00Z,2022-04-18,11.83,20,0.00833333333333286,-0.10125,-0.0230551075108622,11.83,FALSE
1,2022-04-18T23:30:00Z,2022-04-18,11.69,20.06,0.0683333333333316,-0.241250000000001,-0.012520506433375,11.69,FALSE
1,2022-04-19T00:00:00Z,2022-04-19,11.83,20,0.0558333333333323,0.257708333333333,0.0506255307154854,11.83,FALSE
1,2022-04-19T00:30:00Z,2022-04-19,11.83,20,0.0558333333333323,0.257708333333333,0.0506255307154854,11.83,FALSE
1,2022-04-19T01:00:00Z,2022-04-19,11.8,20.02,0.0758333333333319,0.227708333333334,0.0511127856697048,11.8,FALSE
1,2022-04-19T01:30:00Z,2022-04-19,11.72,20.02,0.0758333333333319,0.147708333333334,0.0511127856697048,11.72,FALSE
1,2022-04-19T02:00:00Z,2022-04-19,11.75,19.88,-0.0641666666666687,0.177708333333333,0.0341004125157687,11.75,FALSE
1,2022-04-19T02:30:00Z,2022-04-19,11.7,19.86,-0.0841666666666683,0.127708333333333,0.0290792947367493,11.7,FALSE
1,2022-04-19T03:00:00Z,2022-04-19,11.54,19.92,-0.024166666666666,-0.0322916666666675,0.0421995640060368,11.54,FALSE
1,2022-04-19T03:30:00Z,2022-04-19,11.55,19.88,-0.0641666666666687,-0.0222916666666659,0.0341004125157687,11.55,FALSE
1,2022-04-19T04:00:00Z,2022-04-19,11.54,19.9,-0.0441666666666691,-0.0322916666666675,0.038473835605531,11.54,FALSE
1,2022-04-19T04:30:00Z,2022-04-19,11.57,19.84,-0.104166666666668,-0.00229166666666636,0.0234104822684728,11.57,FALSE
1,2022-04-19T05:00:00Z,2022-04-19,11.53,19.78,-0.164166666666667,-0.0422916666666673,0.0025178767281003,11.53,FALSE
1,2022-04-19T05:30:00Z,2022-04-19,11.57,19.78,-0.164166666666667,-0.00229166666666636,0.0025178767281003,11.57,FALSE
1,2022-04-19T06:00:00Z,2022-04-19,11.53,19.72,-0.224166666666669,-0.0422916666666673,-0.0242039810155882,11.53,FALSE
1,2022-04-19T06:30:00Z,2022-04-19,11.5,19.62,-0.324166666666667,-0.0722916666666666,-0.0816943043735428,11.5,FALSE
1,2022-04-19T07:00:00Z,2022-04-19,11.49,19.62,-0.324166666666667,-0.0822916666666664,-0.0816943043735428,11.49,FALSE
1,2022-04-19T07:30:00Z,2022-04-19,11.45,19.54,-0.404166666666669,-0.122291666666667,-0.139345067466538,11.45,FALSE
1,2022-04-19T08:00:00Z,2022-04-19,11.44,19.5,-0.444166666666668,-0.132291666666667,-0.172056617148577,11.44,FALSE
1,2022-04-19T08:30:00Z,2022-04-19,11.34,19.6,-0.344166666666666,-0.232291666666667,-0.0951354531129051,11.34,FALSE
1,2022-04-19T09:00:00Z,2022-04-19,11.32,19.64,-0.304166666666667,-0.252291666666666,-0.0689008503234376,11.32,FALSE
1,2022-04-19T09:30:00Z,2022-04-19,11.29,19.7,-0.244166666666668,-0.282291666666668,-0.0344066563086648,11.29,FALSE
1,2022-04-19T10:00:00Z,2022-04-19,11.34,19.72,-0.224166666666669,-0.232291666666667,-0.0242039810155882,11.34,FALSE
1,2022-04-19T10:30:00Z,2022-04-19,11.45,19.78,-0.164166666666667,-0.122291666666667,0.0025178767281003,11.45,FALSE
1,2022-04-19T11:00:00Z,2022-04-19,11.5,19.8,-0.144166666666667,-0.0722916666666666,0.0101297732641483,11.5,FALSE
1,2022-04-19T11:30:00Z,2022-04-19,11.47,20,0.0558333333333323,-0.102291666666666,0.0506255307154854,11.47,FALSE
1,2022-04-19T12:00:00Z,2022-04-19,11.57,19.76,-0.184166666666666,-0.00229166666666636,-0.0057417144972048,11.57,FALSE
1,2022-04-19T12:30:00Z,2022-04-19,11.63,19.78,-0.164166666666667,0.0577083333333341,0.0025178767281003,11.63,FALSE
1,2022-04-19T13:00:00Z,2022-04-19,11.66,19.72,-0.224166666666669,0.0877083333333335,-0.0242039810155882,11.66,FALSE
1,2022-04-19T13:30:00Z,2022-04-19,11.76,19.68,-0.264166666666668,0.187708333333333,-0.0452570262909986,11.76,FALSE
1,2022-04-19T14:00:00Z,2022-04-19,11.91,19.7,-0.244166666666668,0.337708333333334,-0.0344066563086648,11.91,FALSE
1,2022-04-19T14:30:00Z,2022-04-19,11.76,19.84,-0.104166666666668,0.187708333333333,0.0234104822684728,11.76,FALSE
1,2022-04-19T15:00:00Z,2022-04-19,11.74,20,0.0558333333333323,0.167708333333334,0.0506255307154854,11.74,FALSE
1,2022-04-19T15:30:00Z,2022-04-19,11.7,20.22,0.275833333333331,0.127708333333333,0.0203621273027543,11.7,FALSE
1,2022-04-19T16:00:00Z,2022-04-19,11.67,20.26,0.315833333333334,0.0977083333333333,0.00643965935827715,11.67,FALSE
1,2022-04-19T16:30:00Z,2022-04-19,11.68,20.22,0.275833333333331,0.107708333333333,0.0203621273027543,11.68,FALSE
1,2022-04-19T17:00:00Z,2022-04-19,11.7,20.22,0.275833333333331,0.127708333333333,0.0203621273027543,11.7,FALSE
1,2022-04-19T17:30:00Z,2022-04-19,11.64,20.32,0.375833333333333,0.0677083333333339,-0.0193017527278654,11.64,FALSE
1,2022-04-19T18:00:00Z,2022-04-19,11.64,20.32,0.375833333333333,0.0677083333333339,-0.0193017527278654,11.64,FALSE
1,2022-04-19T18:30:00Z,2022-04-19,11.61,20.28,0.335833333333333,0.0377083333333328,-0.00149311664784657,11.61,FALSE
1,2022-04-19T19:00:00Z,2022-04-19,11.59,20.24,0.295833333333331,0.0177083333333332,0.013724740675145,11.59,FALSE
1,2022-04-19T19:30:00Z,2022-04-19,11.6,20.22,0.275833333333331,0.027708333333333,0.0203621273027543,11.6,FALSE
1,2022-04-19T20:00:00Z,2022-04-19,11.53,20.22,0.275833333333331,-0.0422916666666673,0.0203621273027543,11.53,FALSE
1,2022-04-19T20:30:00Z,2022-04-19,11.5,20.28,0.335833333333333,-0.0722916666666666,-0.00149311664784657,11.5,FALSE
1,2022-04-19T21:00:00Z,2022-04-19,11.46,20.26,0.315833333333334,-0.112291666666666,0.00643965935827715,11.46,FALSE
1,2022-04-19T21:30:00Z,2022-04-19,11.45,20.22,0.275833333333331,-0.122291666666667,0.0203621273027543,11.45,FALSE
1,2022-04-19T22:00:00Z,2022-04-19,11.43,20.18,0.235833333333332,-0.142291666666667,0.0316938164902015,11.43,FALSE
1,2022-04-19T22:30:00Z,2022-04-19,11.43,20.12,0.175833333333333,-0.142291666666667,0.0438336401019438,11.43,FALSE
1,2022-04-19T23:00:00Z,2022-04-19,11.38,20.08,0.135833333333331,-0.192291666666666,0.0486883823968199,11.38,FALSE
1,2022-04-19T23:30:00Z,2022-04-19,11.38,20.06,0.115833333333331,-0.192291666666666,0.050144211510372,11.38,FALSE
9,2022-04-12T00:00:00Z,2022-04-12,7.85,14.82,-0.09375,-0.566041666666667,-0.33415921071059,8.18415921071059,TRUE
9,2022-04-12T00:30:00Z,2022-04-12,7.73,14.76,-0.153750000000001,-0.686041666666666,-0.562029580846607,8.29202958084661,TRUE
9,2022-04-12T01:00:00Z,2022-04-12,8.28,14.88,-0.0337499999999995,-0.136041666666667,-0.11405215815654,8.39405215815654,TRUE
9,2022-04-12T01:30:00Z,2022-04-12,8.69,14.96,0.0462500000000006,0.273958333333333,0.167347640121356,8.52265235987864,TRUE
9,2022-04-12T02:00:00Z,2022-04-12,8.47,14.9,-0.0137499999999999,0.053958333333334,-0.0424083223234067,8.51240832232341,TRUE
9,2022-04-12T02:30:00Z,2022-04-12,8.22,14.86,-0.0537500000000009,-0.196041666666666,-0.186558584832121,8.40655858483212,TRUE
9,2022-04-12T03:00:00Z,2022-04-12,8.21,14.84,-0.0737500000000004,-0.206041666666666,-0.259927602350135,8.46992760235014,TRUE
9,2022-04-12T03:30:00Z,2022-04-12,8.12,14.86,-0.0537500000000009,-0.296041666666667,-0.186558584832121,8.30655858483212,TRUE
9,2022-04-12T04:00:00Z,2022-04-12,8.09,14.84,-0.0737500000000004,-0.326041666666667,-0.259927602350135,8.34992760235014,TRUE
9,2022-04-12T04:30:00Z,2022-04-12,8.5,14.92,0.00624999999999965,0.0839583333333334,0.0283729226672861,8.47162707733271,TRUE
9,2022-04-12T05:00:00Z,2022-04-12,8.55,14.94,0.0262499999999992,0.133958333333334,0.0982915768155383,8.45170842318446,TRUE
9,2022-04-12T05:30:00Z,2022-04-12,8.66,14.96,0.0462500000000006,0.243958333333334,0.167347640121356,8.49265235987864,TRUE
9,2022-04-12T06:00:00Z,2022-04-12,8.68,14.96,0.0462500000000006,0.263958333333333,0.167347640121356,8.51265235987864,TRUE
9,2022-04-12T06:30:00Z,2022-04-12,8.67,14.94,0.0262499999999992,0.253958333333333,0.0982915768155383,8.57170842318446,TRUE
9,2022-04-12T07:00:00Z,2022-04-12,8.62,14.96,0.0462500000000006,0.203958333333333,0.167347640121356,8.45265235987864,TRUE
9,2022-04-12T07:30:00Z,2022-04-12,8.72,14.96,0.0462500000000006,0.303958333333334,0.167347640121356,8.55265235987864,TRUE
9,2022-04-12T08:00:00Z,2022-04-12,8.73,14.98,0.0662500000000001,0.313958333333334,0.235541112584727,8.49445888741527,TRUE
9,2022-04-12T08:30:00Z,2022-04-12,8.68,14.96,0.0462500000000006,0.263958333333333,0.167347640121356,8.51265235987864,TRUE
9,2022-04-12T09:00:00Z,2022-04-12,8.69,14.96,0.0462500000000006,0.273958333333333,0.167347640121356,8.52265235987864,TRUE
9,2022-04-12T09:30:00Z,2022-04-12,8.58,14.94,0.0262499999999992,0.163958333333333,0.0982915768155383,8.48170842318446,TRUE
9,2022-04-12T10:00:00Z,2022-04-12,8.55,14.94,0.0262499999999992,0.133958333333334,0.0982915768155383,8.45170842318446,TRUE
9,2022-04-12T10:30:00Z,2022-04-12,8.54,14.96,0.0462500000000006,0.123958333333333,0.167347640121356,8.37265235987864,TRUE
9,2022-04-12T11:00:00Z,2022-04-12,8.56,14.98,0.0662500000000001,0.143958333333334,0.235541112584727,8.32445888741527,TRUE
9,2022-04-12T11:30:00Z,2022-04-12,8.65,14.98,0.0662500000000001,0.233958333333334,0.235541112584727,8.41445888741527,TRUE
9,2022-04-12T12:00:00Z,2022-04-12,8.52,14.96,0.0462500000000006,0.103958333333333,0.167347640121356,8.35265235987864,TRUE
9,2022-04-12T12:30:00Z,2022-04-12,8.68,14.98,0.0662500000000001,0.263958333333333,0.235541112584727,8.44445888741527,TRUE
9,2022-04-12T13:00:00Z,2022-04-12,8.75,15,0.0862499999999997,0.333958333333333,0.302871994205657,8.44712800579434,TRUE
9,2022-04-12T13:30:00Z,2022-04-12,8.83,15.02,0.106249999999999,0.413958333333333,0.369340284984147,8.46065971501585,TRUE
9,2022-04-12T14:00:00Z,2022-04-12,8.68,15.04,0.126249999999999,0.263958333333333,0.434945984920196,8.2450540150798,TRUE
9,2022-04-12T14:30:00Z,2022-04-12,8.95,15.04,0.126249999999999,0.533958333333333,0.434945984920196,8.5150540150798,TRUE
9,2022-04-12T15:00:00Z,2022-04-12,8.7,15.02,0.106249999999999,0.283958333333333,0.369340284984147,8.33065971501585,TRUE
9,2022-04-12T15:30:00Z,2022-04-12,8.69,15,0.0862499999999997,0.273958333333333,0.302871994205657,8.38712800579434,TRUE
9,2022-04-12T16:00:00Z,2022-04-12,8.56,14.94,0.0262499999999992,0.143958333333334,0.0982915768155383,8.46170842318446,TRUE
9,2022-04-12T16:30:00Z,2022-04-12,8.62,15.02,0.106249999999999,0.203958333333333,0.369340284984147,8.25065971501585,TRUE
9,2022-04-12T17:00:00Z,2022-04-12,8.21,14.9,-0.0137499999999999,-0.206041666666666,-0.0424083223234067,8.25240832232341,TRUE
9,2022-04-12T17:30:00Z,2022-04-12,7.98,14.76,-0.153750000000001,-0.436041666666666,-0.562029580846607,8.54202958084661,TRUE
9,2022-04-12T18:00:00Z,2022-04-12,8.08,14.78,-0.133750000000001,-0.336041666666667,-0.48521019995883,8.56521019995883,TRUE
9,2022-04-12T18:30:00Z,2022-04-12,8.05,14.82,-0.09375,-0.366041666666666,-0.33415921071059,8.38415921071059,TRUE
9,2022-04-12T19:00:00Z,2022-04-12,8.09,14.8,-0.11375,-0.326041666666667,-0.409253409913486,8.49925340991349,TRUE
9,2022-04-12T19:30:00Z,2022-04-12,8.09,14.82,-0.09375,-0.326041666666667,-0.33415921071059,8.42415921071059,TRUE
9,2022-04-12T20:00:00Z,2022-04-12,8.08,14.82,-0.09375,-0.336041666666667,-0.33415921071059,8.41415921071059,TRUE
9,2022-04-12T20:30:00Z,2022-04-12,8.01,14.78,-0.133750000000001,-0.406041666666667,-0.48521019995883,8.49521019995883,TRUE
9,2022-04-12T21:00:00Z,2022-04-12,8.31,14.9,-0.0137499999999999,-0.106041666666666,-0.0424083223234067,8.35240832232341,TRUE
9,2022-04-12T21:30:00Z,2022-04-12,8.25,14.9,-0.0137499999999999,-0.166041666666667,-0.0424083223234067,8.29240832232341,TRUE
9,2022-04-12T22:00:00Z,2022-04-12,8.29,14.94,0.0262499999999992,-0.126041666666668,0.0982915768155383,8.19170842318446,TRUE
9,2022-04-12T22:30:00Z,2022-04-12,8.18,14.86,-0.0537500000000009,-0.236041666666667,-0.186558584832121,8.36655858483212,TRUE
9,2022-04-12T23:00:00Z,2022-04-12,8.15,14.84,-0.0737500000000004,-0.266041666666666,-0.259927602350135,8.40992760235014,TRUE
9,2022-04-12T23:30:00Z,2022-04-12,8.18,14.86,-0.0537500000000009,-0.236041666666667,-0.186558584832121,8.36655858483212,TRUE
9,2022-04-13T00:00:00Z,2022-04-13,8.16,14.86,-0.0375000000000014,-0.0685416666666665,-0.0941683624195267,8.25416836241953,TRUE
9,2022-04-13T00:30:00Z,2022-04-13,8.17,14.9,0.0024999999999995,-0.0585416666666667,0.00773682962511024,8.16226317037489,TRUE
9,2022-04-13T01:00:00Z,2022-04-13,7.97,14.8,-0.0975000000000001,-0.258541666666667,-0.249475861153317,8.21947586115332,TRUE
9,2022-04-13T01:30:00Z,2022-04-13,8.18,14.8,-0.0975000000000001,-0.0485416666666669,-0.249475861153317,8.42947586115332,TRUE
9,2022-04-13T02:00:00Z,2022-04-13,8.12,14.82,-0.0775000000000006,-0.108541666666667,-0.197380066819808,8.31738006681981,TRUE
9,2022-04-13T02:30:00Z,2022-04-13,8.36,14.92,0.0224999999999991,0.131458333333333,0.058199483514058,8.30180051648594,TRUE
9,2022-04-13T03:00:00Z,2022-04-13,8.16,14.86,-0.0375000000000014,-0.0685416666666665,-0.0941683624195267,8.25416836241953,TRUE
9,2022-04-13T03:30:00Z,2022-04-13,7.96,14.8,-0.0975000000000001,-0.268541666666667,-0.249475861153317,8.20947586115332,TRUE
9,2022-04-13T04:00:00Z,2022-04-13,8.15,14.88,-0.0175000000000001,-0.0785416666666663,-0.0430524523527498,8.19305245235275,TRUE
9,2022-04-13T04:30:00Z,2022-04-13,8.21,14.88,-0.0175000000000001,-0.0185416666666658,-0.0430524523527498,8.25305245235275,TRUE
9,2022-04-13T05:00:00Z,2022-04-13,8.35,14.92,0.0224999999999991,0.121458333333333,0.058199483514058,8.29180051648594,TRUE
9,2022-04-13T05:30:00Z,2022-04-13,8.4,14.94,0.0424999999999987,0.171458333333334,0.108335509314094,8.29166449068591,TRUE
9,2022-04-13T06:00:00Z,2022-04-13,8.49,14.98,0.0824999999999996,0.261458333333334,0.207627676647432,8.28237232335257,TRUE
9,2022-04-13T06:30:00Z,2022-04-13,8.25,14.9,0.0024999999999995,0.0214583333333334,0.00773682962511024,8.24226317037489,TRUE
9,2022-04-13T07:00:00Z,2022-04-13,8.22,14.9,0.0024999999999995,-0.008541666666666,0.00773682962511024,8.21226317037489,TRUE
9,2022-04-13T07:30:00Z,2022-04-13,8.19,14.9,0.0024999999999995,-0.0385416666666671,0.00773682962511024,8.18226317037489,TRUE
9,2022-04-13T08:00:00Z,2022-04-13,8.21,14.9,0.0024999999999995,-0.0185416666666658,0.00773682962511024,8.20226317037489,TRUE
9,2022-04-13T08:30:00Z,2022-04-13,8.21,14.9,0.0024999999999995,-0.0185416666666658,0.00773682962511024,8.20226317037489,TRUE
9,2022-04-13T09:00:00Z,2022-04-13,8.24,14.9,0.0024999999999995,0.0114583333333336,0.00773682962511024,8.23226317037489,TRUE
9,2022-04-13T09:30:00Z,2022-04-13,8.16,14.88,-0.0175000000000001,-0.0685416666666665,-0.0430524523527498,8.20305245235275,TRUE
9,2022-04-13T10:00:00Z,2022-04-13,8.27,14.9,0.0024999999999995,0.0414583333333329,0.00773682962511024,8.26226317037489,TRUE
9,2022-04-13T10:30:00Z,2022-04-13,8.28,14.92,0.0224999999999991,0.0514583333333327,0.058199483514058,8.22180051648594,TRUE
9,2022-04-13T11:00:00Z,2022-04-13,8.37,14.94,0.0424999999999987,0.141458333333333,0.108335509314094,8.26166449068591,TRUE
9,2022-04-13T11:30:00Z,2022-04-13,8.14,14.86,-0.0375000000000014,-0.0885416666666661,-0.0941683624195267,8.23416836241953,TRUE
9,2022-04-13T12:00:00Z,2022-04-13,8.2,14.88,-0.0175000000000001,-0.0285416666666674,-0.0430524523527498,8.24305245235275,TRUE
9,2022-04-13T12:30:00Z,2022-04-13,8.16,14.88,-0.0175000000000001,-0.0685416666666665,-0.0430524523527498,8.20305245235275,TRUE
9,2022-04-13T13:00:00Z,2022-04-13,8.13,14.84,-0.057500000000001,-0.0985416666666659,-0.145610900575211,8.27561090057521,TRUE
9,2022-04-13T13:30:00Z,2022-04-13,8.34,14.92,0.0224999999999991,0.111458333333333,0.058199483514058,8.28180051648594,TRUE
9,2022-04-13T14:00:00Z,2022-04-13,8.26,14.92,0.0224999999999991,0.0314583333333331,0.058199483514058,8.20180051648594,TRUE
9,2022-04-13T14:30:00Z,2022-04-13,8.07,14.9,0.0024999999999995,-0.158541666666666,0.00773682962511024,8.06226317037489,TRUE
9,2022-04-13T15:00:00Z,2022-04-13,8.12,14.86,-0.0375000000000014,-0.108541666666667,-0.0941683624195267,8.21416836241953,TRUE
9,2022-04-13T15:30:00Z,2022-04-13,8.11,14.88,-0.0175000000000001,-0.118541666666667,-0.0430524523527498,8.15305245235275,TRUE
9,2022-04-13T16:00:00Z,2022-04-13,8.17,14.88,-0.0175000000000001,-0.0585416666666667,-0.0430524523527498,8.21305245235275,TRUE
9,2022-04-13T16:30:00Z,2022-04-13,8.29,14.88,-0.0175000000000001,0.0614583333333325,-0.0430524523527498,8.33305245235275,TRUE
9,2022-04-13T17:00:00Z,2022-04-13,7.91,14.84,-0.057500000000001,-0.318541666666667,-0.145610900575211,8.05561090057521,TRUE
9,2022-04-13T17:30:00Z,2022-04-13,8.42,14.94,0.0424999999999987,0.191458333333333,0.108335509314094,8.31166449068591,TRUE
9,2022-04-13T18:00:00Z,2022-04-13,8.02,14.86,-0.0375000000000014,-0.208541666666667,-0.0941683624195267,8.11416836241953,TRUE
9,2022-04-13T18:30:00Z,2022-04-13,8.18,14.9,0.0024999999999995,-0.0485416666666669,0.00773682962511024,8.17226317037489,TRUE
9,2022-04-13T19:00:00Z,2022-04-13,8.15,14.9,0.0024999999999995,-0.0785416666666663,0.00773682962511024,8.14226317037489,TRUE
9,2022-04-13T19:30:00Z,2022-04-13,8.12,14.84,-0.057500000000001,-0.108541666666667,-0.145610900575211,8.26561090057521,TRUE
9,2022-04-13T20:00:00Z,2022-04-13,8.42,14.9,0.0024999999999995,0.191458333333333,0.00773682962511024,8.41226317037489,TRUE
9,2022-04-13T20:30:00Z,2022-04-13,7.87,14.8,-0.0975000000000001,-0.358541666666667,-0.249475861153317,8.11947586115332,TRUE
9,2022-04-13T21:00:00Z,2022-04-13,8.35,14.96,0.0625,0.121458333333333,0.158144907025221,8.19185509297478,TRUE
9,2022-04-13T21:30:00Z,2022-04-13,8.22,14.9,0.0024999999999995,-0.008541666666666,0.00773682962511024,8.21226317037489,TRUE
9,2022-04-13T22:00:00Z,2022-04-13,8.45,14.98,0.0824999999999996,0.221458333333333,0.207627676647432,8.24237232335257,TRUE
9,2022-04-13T22:30:00Z,2022-04-13,8.62,15.02,0.122499999999999,0.391458333333333,0.305613331625117,8.31438666837488,TRUE
9,2022-04-13T23:00:00Z,2022-04-13,8.73,15.1,0.202499999999999,0.501458333333334,0.497665104513545,8.23233489548646,TRUE
9,2022-04-13T23:30:00Z,2022-04-13,8.44,15.04,0.142499999999998,0.211458333333333,0.354116216980591,8.08588378301941,TRUE
9,2022-04-14T00:00:00Z,2022-04-14,8,14.92,0.14625,0.151458333333333,0.372908078428734,7.62709192157127,TRUE
9,2022-04-14T00:30:00Z,2022-04-14,7.94,14.82,0.0462500000000006,0.0914583333333336,0.0795544353883867,7.86044556461161,TRUE
9,2022-04-14T01:00:00Z,2022-04-14,8,14.82,0.0462500000000006,0.151458333333333,0.0795544353883867,7.92044556461161,TRUE
9,2022-04-14T01:30:00Z,2022-04-14,8.05,14.84,0.0662500000000001,0.201458333333334,0.1342164765309,7.9157835234691,TRUE
9,2022-04-14T02:00:00Z,2022-04-14,8.01,14.82,0.0462500000000006,0.161458333333333,0.0795544353883867,7.93044556461161,TRUE
9,2022-04-14T02:30:00Z,2022-04-14,8.08,14.88,0.106250000000001,0.231458333333333,0.249553590014264,7.83044640998574,TRUE
9,2022-04-14T03:00:00Z,2022-04-14,7.89,14.82,0.0462500000000006,0.0414583333333329,0.0795544353883867,7.81044556461161,TRUE
9,2022-04-14T03:30:00Z,2022-04-14,7.95,14.84,0.0662500000000001,0.101458333333333,0.1342164765309,7.8157835234691,TRUE
9,2022-04-14T04:00:00Z,2022-04-14,7.98,14.84,0.0662500000000001,0.131458333333334,0.1342164765309,7.8457835234691,TRUE
9,2022-04-14T04:30:00Z,2022-04-14,8.13,14.86,0.0862499999999997,0.281458333333334,0.190882861406191,7.93911713859381,TRUE
9,2022-04-14T05:00:00Z,2022-04-14,8.24,14.9,0.126250000000001,0.391458333333333,0.31022866235511,7.92977133764489,TRUE
9,2022-04-14T05:30:00Z,2022-04-14,8.2,14.9,0.126250000000001,0.351458333333333,0.31022866235511,7.88977133764489,TRUE
9,2022-04-14T06:00:00Z,2022-04-14,8.22,14.9,0.126250000000001,0.371458333333334,0.31022866235511,7.90977133764489,TRUE
9,2022-04-14T06:30:00Z,2022-04-14,8.41,14.94,0.16625,0.561458333333333,0.437591838235135,7.97240816176486,TRUE
9,2022-04-14T07:00:00Z,2022-04-14,8.19,14.92,0.14625,0.341458333333333,0.372908078428734,7.81709192157127,TRUE
9,2022-04-14T07:30:00Z,2022-04-14,8.02,14.86,0.0862499999999997,0.171458333333333,0.190882861406191,7.82911713859381,TRUE
9,2022-04-14T08:00:00Z,2022-04-14,8.11,14.86,0.0862499999999997,0.261458333333333,0.190882861406191,7.91911713859381,TRUE
9,2022-04-14T08:30:00Z,2022-04-14,8.34,14.94,0.16625,0.491458333333333,0.437591838235135,7.90240816176486,TRUE
9,2022-04-14T09:00:00Z,2022-04-14,8.51,15.02,0.24625,0.661458333333333,0.716370314788523,7.79362968521148,TRUE
9,2022-04-14T09:30:00Z,2022-04-14,8.07,14.88,0.106250000000001,0.221458333333334,0.249553590014264,7.82044640998574,TRUE
9,2022-04-14T10:00:00Z,2022-04-14,7.98,14.86,0.0862499999999997,0.131458333333334,0.190882861406191,7.78911713859381,TRUE
9,2022-04-14T10:30:00Z,2022-04-14,7.82,14.82,0.0462500000000006,-0.0285416666666665,0.0795544353883867,7.74044556461161,TRUE
9,2022-04-14T11:00:00Z,2022-04-14,7.26,14.52,-0.25375,-0.588541666666667,-0.499854933816008,7.75985493381601,TRUE
9,2022-04-14T11:30:00Z,2022-04-14,7.55,14.58,-0.19375,-0.298541666666667,-0.420051247165127,7.97005124716513,TRUE
9,2022-04-14T12:00:00Z,2022-04-14,7.56,14.64,-0.133749999999999,-0.288541666666667,-0.322208466919247,7.88220846691925,TRUE
9,2022-04-14T12:30:00Z,2022-04-14,7.74,14.72,-0.0537499999999991,-0.108541666666667,-0.163690614332519,7.90369061433252,TRUE
9,2022-04-14T13:00:00Z,2022-04-14,7.8,14.74,-0.0337499999999995,-0.0485416666666669,-0.119050291853894,7.91905029185389,TRUE
9,2022-04-14T13:30:00Z,2022-04-14,8.07,14.82,0.0462500000000006,0.221458333333334,0.0795544353883867,7.99044556461161,TRUE
9,2022-04-14T14:00:00Z,2022-04-14,8,14.88,0.106250000000001,0.151458333333333,0.249553590014264,7.75044640998574,TRUE
9,2022-04-14T14:30:00Z,2022-04-14,7.17,14.64,-0.133749999999999,-0.678541666666667,-0.322208466919247,7.49220846691925,TRUE
9,2022-04-14T15:00:00Z,2022-04-14,7.44,14.54,-0.233750000000001,-0.408541666666666,-0.47525804866516,7.91525804866516,TRUE
9,2022-04-14T15:30:00Z,2022-04-14,7.63,14.64,-0.133749999999999,-0.218541666666667,-0.322208466919247,7.95220846691925,TRUE
9,2022-04-14T16:00:00Z,2022-04-14,7.66,14.66,-0.11375,-0.188541666666667,-0.285585519371732,7.94558551937173,TRUE
9,2022-04-14T16:30:00Z,2022-04-14,7.2,14.52,-0.25375,-0.648541666666667,-0.499854933816008,7.69985493381601,TRUE
9,2022-04-14T17:00:00Z,2022-04-14,7.35,14.46,-0.313749999999999,-0.498541666666667,-0.561619526871888,7.91161952687189,TRUE
9,2022-04-14T17:30:00Z,2022-04-14,7.65,14.6,-0.17375,-0.198541666666666,-0.389441330815946,8.03944133081595,TRUE
9,2022-04-14T18:00:00Z,2022-04-14,7.49,14.66,-0.11375,-0.358541666666667,-0.285585519371732,7.77558551937173,TRUE
9,2022-04-14T18:30:00Z,2022-04-14,7.56,14.74,-0.0337499999999995,-0.288541666666667,-0.119050291853894,7.67905029185389,TRUE
9,2022-04-14T19:00:00Z,2022-04-14,7.69,14.7,-0.0737500000000004,-0.158541666666666,-0.20632659307837,7.89632659307837,TRUE
9,2022-04-14T19:30:00Z,2022-04-14,7.62,14.7,-0.0737500000000004,-0.228541666666667,-0.20632659307837,7.82632659307837,TRUE
9,2022-04-14T20:00:00Z,2022-04-14,7.67,14.72,-0.0537499999999991,-0.178541666666667,-0.163690614332519,7.83369061433252,TRUE
9,2022-04-14T20:30:00Z,2022-04-14,7.97,14.8,0.026250000000001,0.121458333333333,0.0268967379786511,7.94310326202135,TRUE
9,2022-04-14T21:00:00Z,2022-04-14,7.87,14.8,0.026250000000001,0.0214583333333334,0.0268967379786511,7.84310326202135,TRUE
9,2022-04-14T21:30:00Z,2022-04-14,7.7,14.72,-0.0537499999999991,-0.148541666666667,-0.163690614332519,7.86369061433252,TRUE
9,2022-04-14T22:00:00Z,2022-04-14,7.7,14.78,0.00624999999999965,-0.148541666666667,-0.0237566156983113,7.72375661569831,TRUE
9,2022-04-14T22:30:00Z,2022-04-14,7.84,14.8,0.026250000000001,-0.00854166666666689,0.0268967379786511,7.81310326202135,TRUE
9,2022-04-14T23:00:00Z,2022-04-14,7.67,14.74,-0.0337499999999995,-0.178541666666667,-0.119050291853894,7.78905029185389,TRUE
9,2022-04-14T23:30:00Z,2022-04-14,7.73,14.76,-0.0137499999999999,-0.118541666666666,-0.0724056256424915,7.80240562564249,TRUE
9,2022-04-15T00:00:00Z,2022-04-15,7.6,14.68,0.0854166666666671,0.169375,0.130828406713845,7.46917159328616,TRUE
9,2022-04-15T00:30:00Z,2022-04-15,7.42,14.62,0.0254166666666666,-0.0106250000000001,0.0200439494290559,7.39995605057094,TRUE
9,2022-04-15T01:00:00Z,2022-04-15,7.66,14.66,0.0654166666666676,0.229375,0.092432099876562,7.56756790012344,TRUE
9,2022-04-15T01:30:00Z,2022-04-15,7.39,14.6,0.00541666666666707,-0.0406250000000004,-0.0139478941811643,7.40394789418116,TRUE
9,2022-04-15T02:00:00Z,2022-04-15,7.36,14.56,-0.0345833333333321,-0.0706249999999997,-0.0775271181745427,7.43752711817454,TRUE
9,2022-04-15T02:30:00Z,2022-04-15,7.31,14.48,-0.114583333333332,-0.120625,-0.187067713253053,7.49706771325305,TRUE
9,2022-04-15T03:00:00Z,2022-04-15,7.47,14.62,0.0254166666666666,0.0393749999999997,0.0200439494290559,7.44995605057094,TRUE
9,2022-04-15T03:30:00Z,2022-04-15,7.7,14.76,0.165416666666667,0.269375,0.299095178153186,7.40090482184681,TRUE
9,2022-04-15T04:00:00Z,2022-04-15,7.84,14.76,0.165416666666667,0.409375,0.299095178153186,7.54090482184681,TRUE
9,2022-04-15T04:30:00Z,2022-04-15,8.03,14.86,0.265416666666667,0.599374999999999,0.54246211665533,7.48753788334467,TRUE
9,2022-04-15T05:00:00Z,2022-04-15,7.78,14.78,0.185416666666667,0.349375,0.344832257035573,7.43516774296443,TRUE
9,2022-04-15T05:30:00Z,2022-04-15,7.75,14.76,0.165416666666667,0.319375,0.299095178153186,7.45090482184681,TRUE
9,2022-04-15T06:00:00Z,2022-04-15,7.54,14.7,0.105416666666667,0.109375,0.170692867960148,7.36930713203985,TRUE
9,2022-04-15T06:30:00Z,2022-04-15,7.55,14.6,0.00541666666666707,0.119375,-0.0139478941811643,7.56394789418116,TRUE
9,2022-04-15T07:00:00Z,2022-04-15,7.59,14.7,0.105416666666667,0.159375,0.170692867960148,7.41930713203985,TRUE
9,2022-04-15T07:30:00Z,2022-04-15,7.71,14.72,0.125416666666668,0.279375,0.212025483615476,7.49797451638453,TRUE
9,2022-04-15T08:00:00Z,2022-04-15,7.53,14.7,0.105416666666667,0.0993750000000002,0.170692867960148,7.35930713203985,TRUE
9,2022-04-15T08:30:00Z,2022-04-15,7.8,14.8,0.205416666666668,0.369375,0.392037490326984,7.40796250967302,TRUE
9,2022-04-15T09:00:00Z,2022-04-15,7.56,14.72,0.125416666666668,0.129375,0.212025483615476,7.34797451638452,TRUE
9,2022-04-15T09:30:00Z,2022-04-15,7.64,14.74,0.145416666666668,0.209375,0.254826253679821,7.38517374632018,TRUE
9,2022-04-15T10:00:00Z,2022-04-15,7.34,14.62,0.0254166666666666,-0.0906250000000002,0.0200439494290559,7.31995605057094,TRUE
9,2022-04-15T10:30:00Z,2022-04-15,7.37,14.68,0.0854166666666671,-0.0606249999999999,0.130828406713845,7.23917159328616,TRUE
9,2022-04-15T11:00:00Z,2022-04-15,7.31,14.58,-0.0145833333333325,-0.120625,-0.0464715833823639,7.35647158338236,TRUE
9,2022-04-15T11:30:00Z,2022-04-15,7.32,14.46,-0.134583333333332,-0.110625,-0.210782476000128,7.53078247600013,TRUE
9,2022-04-15T12:00:00Z,2022-04-15,7.27,14.48,-0.114583333333332,-0.160625,-0.187067713253053,7.45706771325305,TRUE
9,2022-04-15T12:30:00Z,2022-04-15,7.46,14.6,0.00541666666666707,0.0293749999999999,-0.0139478941811643,7.47394789418117,TRUE
9,2022-04-15T13:00:00Z,2022-04-15,7.49,14.56,-0.0345833333333321,0.0593750000000002,-0.0775271181745427,7.56752711817454,TRUE
9,2022-04-15T13:30:00Z,2022-04-15,7.37,14.58,-0.0145833333333325,-0.0606249999999999,-0.0464715833823639,7.41647158338236,TRUE
9,2022-04-15T14:00:00Z,2022-04-15,7.2,14.44,-0.154583333333333,-0.230625,-0.233029084338184,7.43302908433818,TRUE
9,2022-04-15T14:30:00Z,2022-04-15,7.37,14.5,-0.0945833333333326,-0.0606249999999999,-0.161884796096957,7.53188479609696,TRUE
9,2022-04-15T15:00:00Z,2022-04-15,7.53,14.56,-0.0345833333333321,0.0993750000000002,-0.0775271181745427,7.60752711817454,TRUE
9,2022-04-15T15:30:00Z,2022-04-15,7.45,14.54,-0.0545833333333334,0.0193750000000001,-0.107114498557703,7.5571144985577,TRUE
9,2022-04-15T16:00:00Z,2022-04-15,7.42,14.52,-0.074583333333333,-0.0106250000000001,-0.135233724531841,7.55523372453184,TRUE
9,2022-04-15T16:30:00Z,2022-04-15,7.5,14.66,0.0654166666666676,0.069375,0.092432099876562,7.40756790012344,TRUE
9,2022-04-15T17:00:00Z,2022-04-15,7.17,14.44,-0.154583333333333,-0.260625,-0.233029084338184,7.40302908433818,TRUE
9,2022-04-15T17:30:00Z,2022-04-15,7.2,14.46,-0.134583333333332,-0.230625,-0.210782476000128,7.41078247600013,TRUE
9,2022-04-15T18:00:00Z,2022-04-15,7.15,14.46,-0.134583333333332,-0.280625,-0.210782476000128,7.36078247600013,TRUE
9,2022-04-15T18:30:00Z,2022-04-15,7.12,14.44,-0.154583333333333,-0.310625,-0.233029084338184,7.35302908433818,TRUE
9,2022-04-15T19:00:00Z,2022-04-15,7.2,14.46,-0.134583333333332,-0.230625,-0.210782476000128,7.41078247600013,TRUE
9,2022-04-15T19:30:00Z,2022-04-15,7.21,14.48,-0.114583333333332,-0.220625,-0.187067713253053,7.39706771325305,TRUE
9,2022-04-15T20:00:00Z,2022-04-15,7.32,14.54,-0.0545833333333334,-0.110625,-0.107114498557703,7.4271144985577,TRUE
9,2022-04-15T20:30:00Z,2022-04-15,7.26,14.5,-0.0945833333333326,-0.170625,-0.161884796096957,7.42188479609696,TRUE
9,2022-04-15T21:00:00Z,2022-04-15,7.16,14.46,-0.134583333333332,-0.270625,-0.210782476000128,7.37078247600013,TRUE
9,2022-04-15T21:30:00Z,2022-04-15,7.22,14.5,-0.0945833333333326,-0.210625,-0.161884796096957,7.38188479609696,TRUE
9,2022-04-15T22:00:00Z,2022-04-15,7.23,14.52,-0.074583333333333,-0.200625,-0.135233724531841,7.36523372453184,TRUE
9,2022-04-15T22:30:00Z,2022-04-15,7.16,14.5,-0.0945833333333326,-0.270625,-0.161884796096957,7.32188479609696,TRUE
9,2022-04-15T23:00:00Z,2022-04-15,7.34,14.58,-0.0145833333333325,-0.0906250000000002,-0.0464715833823639,7.38647158338236,TRUE
9,2022-04-15T23:30:00Z,2022-04-15,7.3,14.6,0.00541666666666707,-0.130625,-0.0139478941811643,7.31394789418116,TRUE
9,2022-04-16T00:00:00Z,2022-04-16,7.28,14.64,-0.0729166666666661,-0.161874999999999,-0.125082408086429,7.40508240808643,TRUE
9,2022-04-16T00:30:00Z,2022-04-16,7.39,14.64,-0.0729166666666661,-0.0518749999999999,-0.125082408086429,7.51508240808643,TRUE
9,2022-04-16T01:00:00Z,2022-04-16,7.31,14.62,-0.0929166666666674,-0.131875,-0.163539062170879,7.47353906217088,TRUE
9,2022-04-16T01:30:00Z,2022-04-16,7.39,14.66,-0.0529166666666665,-0.0518749999999999,-0.0878774072375503,7.47787740723755,TRUE
9,2022-04-16T02:00:00Z,2022-04-16,7.4,14.68,-0.0329166666666669,-0.0418749999999992,-0.0519240596242402,7.45192405962424,TRUE
9,2022-04-16T02:30:00Z,2022-04-16,7.49,14.7,-0.0129166666666674,0.0481250000000006,-0.0172223652464985,7.5072223652465,TRUE
9,2022-04-16T03:00:00Z,2022-04-16,7.56,14.7,-0.0129166666666674,0.118125,-0.0172223652464985,7.5772223652465,TRUE
9,2022-04-16T03:30:00Z,2022-04-16,7.52,14.68,-0.0329166666666669,0.078125,-0.0519240596242402,7.57192405962424,TRUE
9,2022-04-16T04:00:00Z,2022-04-16,7.53,14.7,-0.0129166666666674,0.0881250000000007,-0.0172223652464985,7.5472223652465,TRUE
9,2022-04-16T04:30:00Z,2022-04-16,7.46,14.72,0.007083333333334,0.0181250000000004,0.0162276758956778,7.44377232410432,TRUE
9,2022-04-16T05:00:00Z,2022-04-16,7.61,14.78,0.0670833333333327,0.168125000000001,0.109067879908787,7.50093212009121,TRUE
9,2022-04-16T05:30:00Z,2022-04-16,7.66,14.76,0.0470833333333331,0.218125000000001,0.079372798473319,7.58062720152668,TRUE
9,2022-04-16T06:00:00Z,2022-04-16,7.5,14.7,-0.0129166666666674,0.0581250000000004,-0.0172223652464985,7.5172223652465,TRUE
9,2022-04-16T06:30:00Z,2022-04-16,7.64,14.74,0.0270833333333336,0.198125,0.0484260638022826,7.59157393619772,TRUE
9,2022-04-16T07:00:00Z,2022-04-16,7.59,14.78,0.0670833333333327,0.148125,0.109067879908787,7.48093212009121,TRUE
9,2022-04-16T07:30:00Z,2022-04-16,7.67,14.8,0.0870833333333341,0.228125,0.137511308108689,7.53248869189131,TRUE
9,2022-04-16T08:00:00Z,2022-04-16,7.59,14.8,0.0870833333333341,0.148125,0.137511308108689,7.45248869189131,TRUE
9,2022-04-16T08:30:00Z,2022-04-16,7.61,14.82,0.107083333333334,0.168125000000001,0.16470308307302,7.44529691692698,TRUE
9,2022-04-16T09:00:00Z,2022-04-16,7.63,14.8,0.0870833333333341,0.188125,0.137511308108689,7.49248869189131,TRUE
9,2022-04-16T09:30:00Z,2022-04-16,7.49,14.72,0.007083333333334,0.0481250000000006,0.0162276758956778,7.47377232410432,TRUE
9,2022-04-16T10:00:00Z,2022-04-16,7.5,14.72,0.007083333333334,0.0581250000000004,0.0162276758956778,7.48377232410432,TRUE
9,2022-04-16T10:30:00Z,2022-04-16,7.5,14.76,0.0470833333333331,0.0581250000000004,0.079372798473319,7.42062720152668,TRUE
9,2022-04-16T11:00:00Z,2022-04-16,7.43,14.72,0.007083333333334,-0.0118749999999999,0.0162276758956778,7.41377232410432,TRUE
9,2022-04-16T11:30:00Z,2022-04-16,7.38,14.68,-0.0329166666666669,-0.0618749999999997,-0.0519240596242402,7.43192405962424,TRUE
9,2022-04-16T12:00:00Z,2022-04-16,7.39,14.68,-0.0329166666666669,-0.0518749999999999,-0.0519240596242402,7.44192405962424,TRUE
9,2022-04-16T12:30:00Z,2022-04-16,7.38,14.68,-0.0329166666666669,-0.0618749999999997,-0.0519240596242402,7.43192405962424,TRUE
9,2022-04-16T13:00:00Z,2022-04-16,7.38,14.68,-0.0329166666666669,-0.0618749999999997,-0.0519240596242402,7.43192405962424,TRUE
9,2022-04-16T13:30:00Z,2022-04-16,7.33,14.66,-0.0529166666666665,-0.111875,-0.0878774072375503,7.41787740723755,TRUE
9,2022-04-16T14:00:00Z,2022-04-16,7.29,14.66,-0.0529166666666665,-0.151875,-0.0878774072375503,7.37787740723755,TRUE
9,2022-04-16T14:30:00Z,2022-04-16,7.31,14.64,-0.0729166666666661,-0.131875,-0.125082408086429,7.43508240808643,TRUE
9,2022-04-16T15:00:00Z,2022-04-16,7.34,14.66,-0.0529166666666665,-0.101875,-0.0878774072375503,7.42787740723755,TRUE
9,2022-04-16T15:30:00Z,2022-04-16,7.23,14.62,-0.0929166666666674,-0.211874999999999,-0.163539062170879,7.39353906217088,TRUE
9,2022-04-16T16:00:00Z,2022-04-16,7.31,14.62,-0.0929166666666674,-0.131875,-0.163539062170879,7.47353906217088,TRUE
9,2022-04-16T16:30:00Z,2022-04-16,7.27,14.66,-0.0529166666666665,-0.171875,-0.0878774072375503,7.35787740723755,TRUE
9,2022-04-16T17:00:00Z,2022-04-16,7.41,14.7,-0.0129166666666674,-0.0318749999999994,-0.0172223652464985,7.4272223652465,TRUE
9,2022-04-16T17:30:00Z,2022-04-16,7.37,14.72,0.007083333333334,-0.0718749999999995,0.0162276758956778,7.35377232410432,TRUE
9,2022-04-16T18:00:00Z,2022-04-16,7.34,14.7,-0.0129166666666674,-0.101875,-0.0172223652464985,7.3572223652465,TRUE
9,2022-04-16T18:30:00Z,2022-04-16,7.28,14.7,-0.0129166666666674,-0.161874999999999,-0.0172223652464985,7.2972223652465,TRUE
9,2022-04-16T19:00:00Z,2022-04-16,7.29,14.7,-0.0129166666666674,-0.151875,-0.0172223652464985,7.3072223652465,TRUE
9,2022-04-16T19:30:00Z,2022-04-16,7.43,14.7,-0.0129166666666674,-0.0118749999999999,-0.0172223652464985,7.4472223652465,TRUE
9,2022-04-16T20:00:00Z,2022-04-16,7.45,14.72,0.007083333333334,0.0081250000000006,0.0162276758956778,7.43377232410432,TRUE
9,2022-04-16T20:30:00Z,2022-04-16,7.47,14.74,0.0270833333333336,0.0281250000000002,0.0484260638022826,7.42157393619772,TRUE
9,2022-04-16T21:00:00Z,2022-04-16,7.44,14.76,0.0470833333333331,-0.00187499999999918,0.079372798473319,7.36062720152668,TRUE
9,2022-04-16T21:30:00Z,2022-04-16,7.43,14.76,0.0470833333333331,-0.0118749999999999,0.079372798473319,7.35062720152668,TRUE
9,2022-04-16T22:00:00Z,2022-04-16,7.46,14.78,0.0670833333333327,0.0181250000000004,0.109067879908787,7.35093212009121,TRUE
9,2022-04-16T22:30:00Z,2022-04-16,7.49,14.8,0.0870833333333341,0.0481250000000006,0.137511308108689,7.35248869189131,TRUE
9,2022-04-16T23:00:00Z,2022-04-16,7.47,14.78,0.0670833333333327,0.0281250000000002,0.109067879908787,7.36093212009121,TRUE
9,2022-04-16T23:30:00Z,2022-04-16,7.52,14.78,0.0670833333333327,0.078125,0.109067879908787,7.41093212009121,TRUE
9,2022-04-17T00:00:00Z,2022-04-17,7.59,14.8,-0.00583333333333336,0.102916666666666,-0.0136949445252165,7.60369494452522,TRUE
9,2022-04-17T00:30:00Z,2022-04-17,7.67,14.86,0.0541666666666654,0.182916666666666,0.125905492110189,7.54409450788981,TRUE
9,2022-04-17T01:00:00Z,2022-04-17,7.66,14.84,0.0341666666666658,0.172916666666667,0.0793576507124235,7.58064234928758,TRUE
9,2022-04-17T01:30:00Z,2022-04-17,7.63,14.82,0.0141666666666662,0.142916666666666,0.0328241718339549,7.59717582816605,TRUE
9,2022-04-17T02:00:00Z,2022-04-17,7.65,14.84,0.0341666666666658,0.162916666666667,0.0793576507124235,7.57064234928758,TRUE
9,2022-04-17T02:30:00Z,2022-04-17,7.85,14.94,0.134166666666665,0.362916666666666,0.312240482894229,7.53775951710577,TRUE
9,2022-04-17T03:00:00Z,2022-04-17,7.63,14.84,0.0341666666666658,0.142916666666666,0.0793576507124235,7.55064234928758,TRUE
9,2022-04-17T03:30:00Z,2022-04-17,7.78,14.92,0.114166666666666,0.292916666666667,0.265635191419275,7.51436480858073,TRUE
9,2022-04-17T04:00:00Z,2022-04-17,7.74,14.88,0.0741666666666667,0.252916666666667,0.172467696027257,7.56753230397274,TRUE
9,2022-04-17T04:30:00Z,2022-04-17,7.87,14.9,0.0941666666666663,0.382916666666667,0.219044262463617,7.65095573753638,TRUE
9,2022-04-17T05:00:00Z,2022-04-17,7.9,14.96,0.154166666666667,0.412916666666667,0.358860136888486,7.54113986311152,TRUE
9,2022-04-17T05:30:00Z,2022-04-17,7.78,14.96,0.154166666666667,0.292916666666667,0.358860136888486,7.42113986311152,TRUE
9,2022-04-17T06:00:00Z,2022-04-17,7.75,14.96,0.154166666666667,0.262916666666666,0.358860136888486,7.39113986311152,TRUE
9,2022-04-17T06:30:00Z,2022-04-17,7.87,15,0.194166666666666,0.382916666666667,0.452142532434882,7.41785746756512,TRUE
9,2022-04-17T07:00:00Z,2022-04-17,7.85,14.96,0.154166666666667,0.362916666666666,0.358860136888486,7.49113986311151,TRUE
9,2022-04-17T07:30:00Z,2022-04-17,7.65,14.88,0.0741666666666667,0.162916666666667,0.172467696027257,7.47753230397274,TRUE
9,2022-04-17T08:00:00Z,2022-04-17,7.64,14.9,0.0941666666666663,0.152916666666666,0.219044262463617,7.42095573753638,TRUE
9,2022-04-17T08:30:00Z,2022-04-17,7.52,14.84,0.0341666666666658,0.032916666666666,0.0793576507124235,7.44064234928758,TRUE
9,2022-04-17T09:00:00Z,2022-04-17,7.26,14.76,-0.0458333333333343,-0.227083333333334,-0.106690089685672,7.36669008968567,TRUE
9,2022-04-17T09:30:00Z,2022-04-17,7.3,14.76,-0.0458333333333343,-0.187083333333334,-0.106690089685672,7.40669008968567,TRUE
9,2022-04-17T10:00:00Z,2022-04-17,7.33,14.76,-0.0458333333333343,-0.157083333333333,-0.106690089685672,7.43669008968567,TRUE
9,2022-04-17T10:30:00Z,2022-04-17,7.44,14.8,-0.00583333333333336,-0.0470833333333331,-0.0136949445252165,7.45369494452522,TRUE
9,2022-04-17T11:00:00Z,2022-04-17,7.58,14.86,0.0541666666666654,0.0929166666666665,0.125905492110189,7.45409450788981,TRUE
9,2022-04-17T11:30:00Z,2022-04-17,7.49,14.82,0.0141666666666662,0.00291666666666668,0.0328241718339549,7.45717582816605,TRUE
9,2022-04-17T12:00:00Z,2022-04-17,7.35,14.76,-0.0458333333333343,-0.137083333333334,-0.106690089685672,7.45669008968567,TRUE
9,2022-04-17T12:30:00Z,2022-04-17,7.38,14.78,-0.0258333333333347,-0.107083333333334,-0.0601996983650948,7.44019969836509,TRUE
9,2022-04-17T13:00:00Z,2022-04-17,7.26,14.72,-0.0858333333333334,-0.227083333333334,-0.199627784768934,7.45962778476893,TRUE
9,2022-04-17T13:30:00Z,2022-04-17,7.31,14.7,-0.105833333333335,-0.177083333333334,-0.246075088531623,7.55607508853162,TRUE
9,2022-04-17T14:00:00Z,2022-04-17,7.37,14.74,-0.0658333333333339,-0.117083333333333,-0.153166118486951,7.52316611848695,TRUE
9,2022-04-17T14:30:00Z,2022-04-17,7.25,14.66,-0.145833333333334,-0.237083333333334,-0.338926608499102,7.5889266084991,TRUE
9,2022-04-17T15:00:00Z,2022-04-17,7.39,14.72,-0.0858333333333334,-0.0970833333333339,-0.199627784768934,7.58962778476893,TRUE
9,2022-04-17T15:30:00Z,2022-04-17,7.41,14.76,-0.0458333333333343,-0.0770833333333334,-0.106690089685672,7.51669008968567,TRUE
9,2022-04-17T16:00:00Z,2022-04-17,7.53,14.8,-0.00583333333333336,0.0429166666666667,-0.0136949445252165,7.54369494452522,TRUE
9,2022-04-17T16:30:00Z,2022-04-17,7.42,14.78,-0.0258333333333347,-0.0670833333333336,-0.0601996983650948,7.48019969836509,TRUE
9,2022-04-17T17:00:00Z,2022-04-17,7.42,14.76,-0.0458333333333343,-0.0670833333333336,-0.106690089685672,7.52669008968567,TRUE
9,2022-04-17T17:30:00Z,2022-04-17,7.33,14.72,-0.0858333333333334,-0.157083333333333,-0.199627784768934,7.52962778476893,TRUE
9,2022-04-17T18:00:00Z,2022-04-17,7.33,14.72,-0.0858333333333334,-0.157083333333333,-0.199627784768934,7.52962778476893,TRUE
9,2022-04-17T18:30:00Z,2022-04-17,7.33,14.72,-0.0858333333333334,-0.157083333333333,-0.199627784768934,7.52962778476893,TRUE
9,2022-04-17T19:00:00Z,2022-04-17,7.34,14.8,-0.00583333333333336,-0.147083333333334,-0.0136949445252165,7.35369494452522,TRUE
9,2022-04-17T19:30:00Z,2022-04-17,7.22,14.7,-0.105833333333335,-0.267083333333334,-0.246075088531623,7.46607508853162,TRUE
9,2022-04-17T20:00:00Z,2022-04-17,7.5,14.82,0.0141666666666662,0.0129166666666665,0.0328241718339549,7.46717582816605,TRUE
9,2022-04-17T20:30:00Z,2022-04-17,7.27,14.74,-0.0658333333333339,-0.217083333333334,-0.153166118486951,7.42316611848695,TRUE
9,2022-04-17T21:00:00Z,2022-04-17,7.23,14.72,-0.0858333333333334,-0.257083333333333,-0.199627784768934,7.42962778476893,TRUE
9,2022-04-17T21:30:00Z,2022-04-17,7.28,14.72,-0.0858333333333334,-0.207083333333333,-0.199627784768934,7.47962778476893,TRUE
9,2022-04-17T22:00:00Z,2022-04-17,7.18,14.68,-0.125833333333334,-0.307083333333334,-0.292508029775011,7.47250802977501,TRUE
9,2022-04-17T22:30:00Z,2022-04-17,7.22,14.74,-0.0658333333333339,-0.267083333333334,-0.153166118486951,7.37316611848695,TRUE
9,2022-04-17T23:00:00Z,2022-04-17,7.31,14.78,-0.0258333333333347,-0.177083333333334,-0.0601996983650948,7.37019969836509,TRUE
9,2022-04-17T23:30:00Z,2022-04-17,7.32,14.78,-0.0258333333333347,-0.167083333333333,-0.0601996983650948,7.3801996983651,TRUE
9,2022-04-18T00:00:00Z,2022-04-18,7.4,14.78,-0.019166666666667,0.0193750000000001,-0.0340796674886139,7.43407966748861,TRUE
9,2022-04-18T00:30:00Z,2022-04-18,7.4,14.76,-0.0391666666666666,0.0193750000000001,-0.0675063394195874,7.46750633941959,TRUE
9,2022-04-18T01:00:00Z,2022-04-18,7.34,14.76,-0.0391666666666666,-0.0406250000000004,-0.0675063394195874,7.40750633941959,TRUE
9,2022-04-18T01:30:00Z,2022-04-18,7.28,14.76,-0.0391666666666666,-0.100625,-0.0675063394195874,7.34750633941959,TRUE
9,2022-04-18T02:00:00Z,2022-04-18,7.41,14.78,-0.019166666666667,0.0293749999999999,-0.0340796674886139,7.44407966748861,TRUE
9,2022-04-18T02:30:00Z,2022-04-18,7.31,14.8,0.000833333333334352,-0.0706250000000006,-0.000282440347718158,7.31028244034772,TRUE
9,2022-04-18T03:00:00Z,2022-04-18,7.43,14.8,0.000833333333334352,0.0493749999999995,-0.000282440347718158,7.43028244034772,TRUE
9,2022-04-18T03:30:00Z,2022-04-18,7.4,14.8,0.000833333333334352,0.0193750000000001,-0.000282440347718158,7.40028244034772,TRUE
9,2022-04-18T04:00:00Z,2022-04-18,7.48,14.82,0.0208333333333339,0.0993750000000002,0.0338853420030938,7.44611465799691,TRUE
9,2022-04-18T04:30:00Z,2022-04-18,7.54,14.84,0.0408333333333335,0.159375,0.0684236795638249,7.47157632043618,TRUE
9,2022-04-18T05:00:00Z,2022-04-18,7.54,14.86,0.0608333333333331,0.159375,0.103332572334475,7.43666742766553,TRUE
9,2022-04-18T05:30:00Z,2022-04-18,7.57,14.86,0.0608333333333331,0.189375,0.103332572334475,7.46666742766553,TRUE
9,2022-04-18T06:00:00Z,2022-04-18,7.63,14.9,0.100833333333334,0.249375,0.174262023505537,7.45573797649446,TRUE
9,2022-04-18T06:30:00Z,2022-04-18,7.41,14.82,0.0208333333333339,0.0293749999999999,0.0338853420030938,7.37611465799691,TRUE
9,2022-04-18T07:00:00Z,2022-04-18,7.57,14.88,0.0808333333333344,0.189375,0.138612020315048,7.43138797968495,TRUE
9,2022-04-18T07:30:00Z,2022-04-18,7.45,14.86,0.0608333333333331,0.069375,0.103332572334475,7.34666742766553,TRUE
9,2022-04-18T08:00:00Z,2022-04-18,7.29,14.8,0.000833333333334352,-0.0906250000000002,-0.000282440347718158,7.29028244034772,TRUE
9,2022-04-18T08:30:00Z,2022-04-18,7.26,14.76,-0.0391666666666666,-0.120625,-0.0675063394195874,7.32750633941959,TRUE
9,2022-04-18T09:00:00Z,2022-04-18,7.25,14.78,-0.019166666666667,-0.130625,-0.0340796674886139,7.28407966748861,TRUE
9,2022-04-18T09:30:00Z,2022-04-18,7.36,14.82,0.0208333333333339,-0.0206249999999999,0.0338853420030938,7.32611465799691,TRUE
9,2022-04-18T10:00:00Z,2022-04-18,7.49,14.86,0.0608333333333331,0.109375,0.103332572334475,7.38666742766553,TRUE
9,2022-04-18T10:30:00Z,2022-04-18,7.54,14.88,0.0808333333333344,0.159375,0.138612020315048,7.40138797968495,TRUE
9,2022-04-18T11:00:00Z,2022-04-18,7.41,14.86,0.0608333333333331,0.0293749999999999,0.103332572334475,7.30666742766553,TRUE
9,2022-04-18T11:30:00Z,2022-04-18,7.5,14.84,0.0408333333333335,0.119375,0.0684236795638249,7.43157632043618,TRUE
9,2022-04-18T12:00:00Z,2022-04-18,7.44,14.82,0.0208333333333339,0.0593750000000002,0.0338853420030938,7.40611465799691,TRUE
9,2022-04-18T12:30:00Z,2022-04-18,7.48,14.84,0.0408333333333335,0.0993750000000002,0.0684236795638249,7.41157632043618,TRUE
9,2022-04-18T13:00:00Z,2022-04-18,7.38,14.78,-0.019166666666667,-0.00062500000000032,-0.0340796674886139,7.41407966748861,TRUE
9,2022-04-18T13:30:00Z,2022-04-18,7.41,14.8,0.000833333333334352,0.0293749999999999,-0.000282440347718158,7.41028244034772,TRUE
9,2022-04-18T14:00:00Z,2022-04-18,7.39,14.78,-0.019166666666667,0.00937499999999947,-0.0340796674886139,7.42407966748861,TRUE
9,2022-04-18T14:30:00Z,2022-04-18,7.4,14.8,0.000833333333334352,0.0193750000000001,-0.000282440347718158,7.40028244034772,TRUE
9,2022-04-18T15:00:00Z,2022-04-18,7.42,14.88,0.0808333333333344,0.0393749999999997,0.138612020315048,7.28138797968495,TRUE
9,2022-04-18T15:30:00Z,2022-04-18,7.32,14.78,-0.019166666666667,-0.0606249999999999,-0.0340796674886139,7.35407966748861,TRUE
9,2022-04-18T16:00:00Z,2022-04-18,7.37,14.76,-0.0391666666666666,-0.0106250000000001,-0.0675063394195874,7.43750633941959,TRUE
9,2022-04-18T16:30:00Z,2022-04-18,7.14,14.66,-0.139166666666666,-0.240625000000001,-0.22908137092567,7.36908137092567,TRUE
9,2022-04-18T17:00:00Z,2022-04-18,7.12,14.66,-0.139166666666666,-0.260625,-0.22908137092567,7.34908137092567,TRUE
9,2022-04-18T17:30:00Z,2022-04-18,7.05,14.6,-0.199166666666667,-0.330625,-0.32157972731029,7.37157972731029,TRUE
9,2022-04-18T18:00:00Z,2022-04-18,7.25,14.68,-0.119166666666667,-0.130625,-0.197507475044292,7.44750747504429,TRUE
9,2022-04-18T18:30:00Z,2022-04-18,7.21,14.74,-0.0591666666666662,-0.170625,-0.100562456140642,7.31056245614064,TRUE
9,2022-04-18T19:00:00Z,2022-04-18,7.27,14.74,-0.0591666666666662,-0.110625000000001,-0.100562456140642,7.37056245614064,TRUE
9,2022-04-18T19:30:00Z,2022-04-18,7.34,14.76,-0.0391666666666666,-0.0406250000000004,-0.0675063394195874,7.40750633941959,TRUE
9,2022-04-18T20:00:00Z,2022-04-18,7.41,14.8,0.000833333333334352,0.0293749999999999,-0.000282440347718158,7.41028244034772,TRUE
9,2022-04-18T20:30:00Z,2022-04-18,7.42,14.8,0.000833333333334352,0.0393749999999997,-0.000282440347718158,7.42028244034772,TRUE
9,2022-04-18T21:00:00Z,2022-04-18,7.42,14.84,0.0408333333333335,0.0393749999999997,0.0684236795638249,7.35157632043618,TRUE
9,2022-04-18T21:30:00Z,2022-04-18,7.42,14.86,0.0608333333333331,0.0393749999999997,0.103332572334475,7.31666742766553,TRUE
9,2022-04-18T22:00:00Z,2022-04-18,7.39,14.86,0.0608333333333331,0.00937499999999947,0.103332572334475,7.28666742766553,TRUE
9,2022-04-18T22:30:00Z,2022-04-18,7.32,14.82,0.0208333333333339,-0.0606249999999999,0.0338853420030938,7.28611465799691,TRUE
9,2022-04-18T23:00:00Z,2022-04-18,7.34,14.82,0.0208333333333339,-0.0406250000000004,0.0338853420030938,7.30611465799691,TRUE
9,2022-04-18T23:30:00Z,2022-04-18,7.3,14.8,0.000833333333334352,-0.0806250000000004,-0.000282440347718158,7.30028244034772,TRUE
9,2022-04-19T00:00:00Z,2022-04-19,7.37,14.8,-0.145,-0.140833333333333,-0.191597690061196,7.5615976900612,TRUE
9,2022-04-19T00:30:00Z,2022-04-19,7.3,14.8,-0.145,-0.210833333333333,-0.191597690061196,7.4915976900612,TRUE
9,2022-04-19T01:00:00Z,2022-04-19,7.54,14.82,-0.125,0.0291666666666668,-0.162010605734403,7.7020106057344,TRUE
9,2022-04-19T01:30:00Z,2022-04-19,7.65,14.9,-0.0449999999999999,0.139166666666667,-0.0485085276726507,7.69850852767265,TRUE
9,2022-04-19T02:00:00Z,2022-04-19,7.78,14.98,0.0350000000000001,0.269166666666667,0.0572395355964216,7.72276046440358,TRUE
9,2022-04-19T02:30:00Z,2022-04-19,7.83,15,0.0549999999999997,0.319166666666667,0.0824649866023329,7.74753501339767,TRUE
9,2022-04-19T03:00:00Z,2022-04-19,7.78,15.04,0.0949999999999989,0.269166666666667,0.131462010840528,7.64853798915947,TRUE
9,2022-04-19T03:30:00Z,2022-04-19,7.74,15.04,0.0949999999999989,0.229166666666667,0.131462010840528,7.60853798915947,TRUE
9,2022-04-19T04:00:00Z,2022-04-19,7.58,14.92,-0.0250000000000004,0.0691666666666668,-0.0213445729685695,7.60134457296857,TRUE
9,2022-04-19T04:30:00Z,2022-04-19,7.65,14.98,0.0350000000000001,0.139166666666667,0.0572395355964216,7.59276046440358,TRUE
9,2022-04-19T05:00:00Z,2022-04-19,7.7,15,0.0549999999999997,0.189166666666667,0.0824649866023329,7.61753501339767,TRUE
9,2022-04-19T05:30:00Z,2022-04-19,7.66,15.02,0.0749999999999993,0.149166666666667,0.107205811683702,7.5527941883163,TRUE
9,2022-04-19T06:00:00Z,2022-04-19,7.63,14.96,0.0150000000000006,0.119166666666667,0.0315294586659678,7.59847054133403,TRUE
9,2022-04-19T06:30:00Z,2022-04-19,7.56,14.96,0.0150000000000006,0.0491666666666664,0.0315294586659678,7.52847054133403,TRUE
9,2022-04-19T07:00:00Z,2022-04-19,7.58,15.02,0.0749999999999993,0.0691666666666668,0.107205811683702,7.4727941883163,TRUE
9,2022-04-19T07:30:00Z,2022-04-19,7.8,15.12,0.174999999999999,0.289166666666667,0.223640548222411,7.57635945177759,TRUE
9,2022-04-19T08:00:00Z,2022-04-19,7.67,15.12,0.174999999999999,0.159166666666667,0.223640548222411,7.44635945177759,TRUE
9,2022-04-19T08:30:00Z,2022-04-19,7.78,15.14,0.195,0.269166666666667,0.245473617756526,7.53452638224347,TRUE
9,2022-04-19T09:00:00Z,2022-04-19,7.67,15.12,0.174999999999999,0.159166666666667,0.223640548222411,7.44635945177759,TRUE
9,2022-04-19T09:30:00Z,2022-04-19,7.72,15.14,0.195,0.209166666666667,0.245473617756526,7.47452638224347,TRUE
9,2022-04-19T10:00:00Z,2022-04-19,7.74,15.18,0.234999999999999,0.229166666666667,0.287685879051127,7.45231412094887,TRUE
9,2022-04-19T10:30:00Z,2022-04-19,7.68,15.14,0.195,0.169166666666666,0.245473617756526,7.43452638224347,TRUE
9,2022-04-19T11:00:00Z,2022-04-19,7.7,15.1,0.154999999999999,0.189166666666667,0.201322852763754,7.49867714723625,TRUE
9,2022-04-19T11:30:00Z,2022-04-19,7.63,15.04,0.0949999999999989,0.119166666666667,0.131462010840528,7.49853798915947,TRUE
9,2022-04-19T12:00:00Z,2022-04-19,7.58,15.08,0.135,0.0691666666666668,0.178520531380555,7.40147946861945,TRUE
9,2022-04-19T12:30:00Z,2022-04-19,7.48,14.98,0.0350000000000001,-0.0308333333333328,0.0572395355964216,7.42276046440358,TRUE
9,2022-04-19T13:00:00Z,2022-04-19,7.23,14.9,-0.0449999999999999,-0.280833333333333,-0.0485085276726507,7.27850852767265,TRUE
9,2022-04-19T13:30:00Z,2022-04-19,7.23,14.82,-0.125,-0.280833333333333,-0.162010605734403,7.3920106057344,TRUE
9,2022-04-19T14:00:00Z,2022-04-19,7.26,14.8,-0.145,-0.250833333333333,-0.191597690061196,7.4515976900612,TRUE
9,2022-04-19T14:30:00Z,2022-04-19,7.32,14.84,-0.105,-0.190833333333333,-0.132908147332152,7.45290814733215,TRUE
9,2022-04-19T15:00:00Z,2022-04-19,7.29,14.76,-0.185000000000001,-0.220833333333333,-0.252225736488414,7.54222573648841,TRUE
9,2022-04-19T15:30:00Z,2022-04-19,7.09,14.82,-0.125,-0.420833333333333,-0.162010605734403,7.2520106057344,TRUE
9,2022-04-19T16:00:00Z,2022-04-19,7.09,14.64,-0.305,-0.420833333333333,-0.44574089795908,7.53574089795908,TRUE
9,2022-04-19T16:30:00Z,2022-04-19,7.03,14.58,-0.365,-0.480833333333333,-0.549040928675739,7.57904092867574,TRUE
9,2022-04-19T17:00:00Z,2022-04-19,7.19,14.7,-0.245000000000001,-0.320833333333333,-0.346802500563307,7.53680250056331,TRUE
9,2022-04-19T17:30:00Z,2022-04-19,7.17,14.7,-0.245000000000001,-0.340833333333333,-0.346802500563307,7.51680250056331,TRUE
9,2022-04-19T18:00:00Z,2022-04-19,7.31,14.88,-0.0649999999999995,-0.200833333333334,-0.0761571083012744,7.38615710830127,TRUE
9,2022-04-19T18:30:00Z,2022-04-19,7.3,14.82,-0.125,-0.210833333333333,-0.162010605734403,7.4620106057344,TRUE
9,2022-04-19T19:00:00Z,2022-04-19,7.43,14.9,-0.0449999999999999,-0.0808333333333335,-0.0485085276726507,7.47850852767265,TRUE
9,2022-04-19T19:30:00Z,2022-04-19,7.64,15.02,0.0749999999999993,0.129166666666666,0.107205811683702,7.5327941883163,TRUE
9,2022-04-19T20:00:00Z,2022-04-19,7.33,14.84,-0.105,-0.180833333333333,-0.132908147332152,7.46290814733215,TRUE
9,2022-04-19T20:30:00Z,2022-04-19,7.44,14.9,-0.0449999999999999,-0.0708333333333329,-0.0485085276726507,7.48850852767265,TRUE
9,2022-04-19T21:00:00Z,2022-04-19,7.31,14.9,-0.0449999999999999,-0.200833333333334,-0.0485085276726507,7.35850852767265,TRUE
9,2022-04-19T21:30:00Z,2022-04-19,7.53,14.94,-0.00500000000000078,0.019166666666667,0.00533475581096927,7.52466524418903,TRUE
9,2022-04-19T22:00:00Z,2022-04-19,7.57,15.04,0.0949999999999989,0.059166666666667,0.131462010840528,7.43853798915947,TRUE
9,2022-04-19T22:30:00Z,2022-04-19,7.68,15.06,0.115,0.169166666666666,0.155233584072814,7.52476641592719,TRUE
9,2022-04-19T23:00:00Z,2022-04-19,7.69,15.06,0.115,0.179166666666667,0.155233584072814,7.53476641592719,TRUE
9,2022-04-19T23:30:00Z,2022-04-19,7.59,15.04,0.0949999999999989,0.0791666666666666,0.131462010840528,7.45853798915947,TRUE
19,2022-04-12T00:00:00Z,2022-04-12,4.57,12.52,0.237916666666667,0.457916666666667,0.786767497133955,3.78323250286605,TRUE
19,2022-04-12T00:30:00Z,2022-04-12,4.91,12.52,0.237916666666667,0.797916666666667,0.786767497133955,4.12323250286605,TRUE
19,2022-04-12T01:00:00Z,2022-04-12,4.97,12.52,0.237916666666667,0.857916666666666,0.786767497133955,4.18323250286605,TRUE
19,2022-04-12T01:30:00Z,2022-04-12,4.96,12.6,0.317916666666667,0.847916666666666,1.0442346825841,3.9157653174159,TRUE
19,2022-04-12T02:00:00Z,2022-04-12,4.7,12.44,0.157916666666667,0.587916666666667,0.526334603586905,4.1736653964131,TRUE
19,2022-04-12T02:30:00Z,2022-04-12,4.44,12.36,0.0779166666666669,0.327916666666667,0.262936001942955,4.17706399805705,TRUE
19,2022-04-12T03:00:00Z,2022-04-12,4.49,12.38,0.0979166666666682,0.377916666666667,0.329063687488031,4.16093631251197,TRUE
19,2022-04-12T03:30:00Z,2022-04-12,4.93,12.44,0.157916666666667,0.817916666666666,0.526334603586905,4.40366539641309,TRUE
19,2022-04-12T04:00:00Z,2022-04-12,4.66,12.44,0.157916666666667,0.547916666666667,0.526334603586905,4.1336653964131,TRUE
19,2022-04-12T04:30:00Z,2022-04-12,4.83,12.44,0.157916666666667,0.717916666666667,0.526334603586905,4.3036653964131,TRUE
19,2022-04-12T05:00:00Z,2022-04-12,4.68,12.42,0.137916666666667,0.567916666666666,0.460762988310004,4.21923701169,TRUE
19,2022-04-12T05:30:00Z,2022-04-12,4.71,12.4,0.117916666666668,0.597916666666666,0.395006016277046,4.31499398372295,TRUE
19,2022-04-12T06:00:00Z,2022-04-12,4.61,12.28,-0.00208333333333322,0.497916666666667,-0.00342830779789608,4.6134283077979,TRUE
19,2022-04-12T06:30:00Z,2022-04-12,4.26,12.28,-0.00208333333333322,0.147916666666666,-0.00342830779789608,4.2634283077979,TRUE
19,2022-04-12T07:00:00Z,2022-04-12,4.36,12.38,0.0979166666666682,0.247916666666667,0.329063687488031,4.03093631251197,TRUE
19,2022-04-12T07:30:00Z,2022-04-12,4.14,12.26,-0.0220833333333328,0.0279166666666661,-0.0704827771232481,4.21048277712325,TRUE
19,2022-04-12T08:00:00Z,2022-04-12,4.33,12.28,-0.00208333333333322,0.217916666666667,-0.00342830779789608,4.3334283077979,TRUE
19,2022-04-12T08:30:00Z,2022-04-12,4.29,12.32,0.0379166666666677,0.177916666666667,0.130124560584645,4.15987543941536,TRUE
19,2022-04-12T09:00:00Z,2022-04-12,4.25,12.3,0.0179166666666681,0.137916666666666,0.0634408047714056,4.18655919522859,TRUE
19,2022-04-12T09:30:00Z,2022-04-12,3.98,12.26,-0.0220833333333328,-0.132083333333334,-0.0704827771232481,4.05048277712325,TRUE
19,2022-04-12T10:00:00Z,2022-04-12,3.98,12.24,-0.0420833333333324,-0.132083333333334,-0.137722603204656,4.11772260320466,TRUE
19,2022-04-12T10:30:00Z,2022-04-12,3.86,12.2,-0.0820833333333333,-0.252083333333334,-0.272758325635648,4.13275832563565,TRUE
19,2022-04-12T11:00:00Z,2022-04-12,3.91,12.22,-0.0620833333333319,-0.202083333333333,-0.205147786042121,4.11514778604212,TRUE
19,2022-04-12T11:30:00Z,2022-04-12,3.83,12.2,-0.0820833333333333,-0.282083333333333,-0.272758325635648,4.10275832563565,TRUE
19,2022-04-12T12:00:00Z,2022-04-12,3.92,12.18,-0.102083333333333,-0.192083333333334,-0.340554221985225,4.26055422198523,TRUE
19,2022-04-12T12:30:00Z,2022-04-12,3.94,12.16,-0.122083333333332,-0.172083333333334,-0.408535475090858,4.34853547509086,TRUE
19,2022-04-12T13:00:00Z,2022-04-12,3.98,12.22,-0.0620833333333319,-0.132083333333334,-0.205147786042121,4.18514778604212,TRUE
19,2022-04-12T13:30:00Z,2022-04-12,4.03,12.24,-0.0420833333333324,-0.0820833333333333,-0.137722603204656,4.16772260320466,TRUE
19,2022-04-12T14:00:00Z,2022-04-12,4.08,12.24,-0.0420833333333324,-0.0320833333333335,-0.137722603204656,4.21772260320466,TRUE
19,2022-04-12T14:30:00Z,2022-04-12,4.1,12.26,-0.0220833333333328,-0.0120833333333339,-0.0704827771232481,4.17048277712325,TRUE
19,2022-04-12T15:00:00Z,2022-04-12,3.88,12.22,-0.0620833333333319,-0.232083333333334,-0.205147786042121,4.08514778604212,TRUE
19,2022-04-12T15:30:00Z,2022-04-12,3.78,12.18,-0.102083333333333,-0.332083333333334,-0.340554221985225,4.12055422198523,TRUE
19,2022-04-12T16:00:00Z,2022-04-12,3.29,12.04,-0.242083333333333,-0.822083333333334,-0.820315485601853,4.11031548560185,TRUE
19,2022-04-12T16:30:00Z,2022-04-12,3.45,12.02,-0.262083333333333,-0.662083333333333,-0.889594235999881,4.33959423599988,TRUE
19,2022-04-12T17:00:00Z,2022-04-12,3.8,12.1,-0.182083333333333,-0.312083333333334,-0.613591374944102,4.4135913749441,TRUE
19,2022-04-12T17:30:00Z,2022-04-12,4.12,12.16,-0.122083333333332,0.00791666666666657,-0.408535475090858,4.52853547509086,TRUE
19,2022-04-12T18:00:00Z,2022-04-12,4.1,12.24,-0.0420833333333324,-0.0120833333333339,-0.137722603204656,4.23772260320466,TRUE
19,2022-04-12T18:30:00Z,2022-04-12,3.51,12.2,-0.0820833333333333,-0.602083333333334,-0.272758325635648,3.78275832563565,TRUE
19,2022-04-12T19:00:00Z,2022-04-12,3.38,12.18,-0.102083333333333,-0.732083333333334,-0.340554221985225,3.72055422198523,TRUE
19,2022-04-12T19:30:00Z,2022-04-12,3.56,12.22,-0.0620833333333319,-0.552083333333334,-0.205147786042121,3.76514778604212,TRUE
19,2022-04-12T20:00:00Z,2022-04-12,3.57,12.24,-0.0420833333333324,-0.542083333333334,-0.137722603204656,3.70772260320466,TRUE
19,2022-04-12T20:30:00Z,2022-04-12,3.89,12.3,0.0179166666666681,-0.222083333333333,0.0634408047714056,3.82655919522859,TRUE
19,2022-04-12T21:00:00Z,2022-04-12,3.35,12.18,-0.102083333333333,-0.762083333333333,-0.340554221985225,3.69055422198523,TRUE
19,2022-04-12T21:30:00Z,2022-04-12,3.15,12.14,-0.142083333333332,-0.962083333333334,-0.476702084952548,3.62670208495255,TRUE
19,2022-04-12T22:00:00Z,2022-04-12,3.9,12.24,-0.0420833333333324,-0.212083333333334,-0.137722603204656,4.03772260320466,TRUE
19,2022-04-12T22:30:00Z,2022-04-12,4.25,12.34,0.0579166666666673,0.137916666666666,0.196622959641828,4.05337704035817,TRUE
19,2022-04-12T23:00:00Z,2022-04-12,3.9,12.28,-0.00208333333333322,-0.212083333333334,-0.00342830779789608,3.9034283077979,TRUE
19,2022-04-12T23:30:00Z,2022-04-12,3.8,12.26,-0.0220833333333328,-0.312083333333334,-0.0704827771232481,3.87048277712325,TRUE
19,2022-04-13T00:00:00Z,2022-04-13,3.85,12.24,-0.0737500000000004,-0.192291666666666,-0.200725731482046,4.05072573148205,TRUE
19,2022-04-13T00:30:00Z,2022-04-13,3.77,12.26,-0.0537500000000009,-0.272291666666666,-0.163473930853881,3.93347393085388,TRUE
19,2022-04-13T01:00:00Z,2022-04-13,3.83,12.28,-0.0337500000000013,-0.212291666666666,-0.119015337808766,3.94901533780877,TRUE
19,2022-04-13T01:30:00Z,2022-04-13,3.95,12.28,-0.0337500000000013,-0.0922916666666662,-0.119015337808766,4.06901533780877,TRUE
19,2022-04-13T02:00:00Z,2022-04-13,3.77,12.32,0.00624999999999965,-0.272291666666666,-0.00847777446768248,3.77847777446768,TRUE
19,2022-04-13T02:30:00Z,2022-04-13,3.63,12.34,0.0262499999999992,-0.412291666666667,0.0576011958282817,3.57239880417172,TRUE
19,2022-04-13T03:00:00Z,2022-04-13,3.86,12.36,0.0462499999999988,-0.182291666666667,0.130886958541196,3.7291130414588,TRUE
19,2022-04-13T03:30:00Z,2022-04-13,3.52,12.36,0.0462499999999988,-0.522291666666666,0.130886958541196,3.3891130414588,TRUE
19,2022-04-13T04:00:00Z,2022-04-13,3.86,12.32,0.00624999999999965,-0.182291666666667,-0.00847777446768248,3.86847777446768,TRUE
19,2022-04-13T04:30:00Z,2022-04-13,3.81,12.28,-0.0337500000000013,-0.232291666666666,-0.119015337808766,3.92901533780877,TRUE
19,2022-04-13T05:00:00Z,2022-04-13,3.93,12.3,-0.0137499999999999,-0.112291666666666,-0.067349952346697,3.9973499523467,TRUE
19,2022-04-13T05:30:00Z,2022-04-13,3.86,12.32,0.00624999999999965,-0.182291666666667,-0.00847777446768248,3.86847777446768,TRUE
19,2022-04-13T06:00:00Z,2022-04-13,3.9,12.36,0.0462499999999988,-0.142291666666666,0.130886958541196,3.7691130414588,TRUE
19,2022-04-13T06:30:00Z,2022-04-13,4.51,12.36,0.0462499999999988,0.467708333333333,0.130886958541196,4.3791130414588,TRUE
19,2022-04-13T07:00:00Z,2022-04-13,4.68,12.38,0.0662500000000001,0.637708333333333,0.211379513671067,4.46862048632893,TRUE
19,2022-04-13T07:30:00Z,2022-04-13,5.1,12.42,0.106249999999999,1.05770833333333,0.393985001181644,4.70601499881836,TRUE
19,2022-04-13T08:00:00Z,2022-04-13,4.88,12.42,0.106249999999999,0.837708333333334,0.393985001181644,4.48601499881836,TRUE
19,2022-04-13T08:30:00Z,2022-04-13,4.51,12.36,0.0462499999999988,0.467708333333333,0.130886958541196,4.3791130414588,TRUE
19,2022-04-13T09:00:00Z,2022-04-13,4.33,12.32,0.00624999999999965,0.287708333333334,-0.00847777446768248,4.33847777446768,TRUE
19,2022-04-13T09:30:00Z,2022-04-13,4.42,12.26,-0.0537500000000009,0.377708333333334,-0.163473930853881,4.58347393085388,TRUE
19,2022-04-13T10:00:00Z,2022-04-13,4.11,12.24,-0.0737500000000004,0.0677083333333339,-0.200725731482046,4.31072573148205,TRUE
19,2022-04-13T10:30:00Z,2022-04-13,4.28,12.3,-0.0137499999999999,0.237708333333334,-0.067349952346697,4.3473499523467,TRUE
19,2022-04-13T11:00:00Z,2022-04-13,4.13,12.28,-0.0337500000000013,0.0877083333333335,-0.119015337808766,4.24901533780877,TRUE
19,2022-04-13T11:30:00Z,2022-04-13,4.12,12.26,-0.0537500000000009,0.0777083333333337,-0.163473930853881,4.28347393085388,TRUE
19,2022-04-13T12:00:00Z,2022-04-13,4.2,12.28,-0.0337500000000013,0.157708333333334,-0.119015337808766,4.31901533780877,TRUE
19,2022-04-13T12:30:00Z,2022-04-13,4.25,12.3,-0.0137499999999999,0.207708333333334,-0.067349952346697,4.3173499523467,TRUE
19,2022-04-13T13:00:00Z,2022-04-13,4.05,12.3,-0.0137499999999999,0.00770833333333343,-0.067349952346697,4.1173499523467,TRUE
19,2022-04-13T13:30:00Z,2022-04-13,4.12,12.28,-0.0337500000000013,0.0777083333333337,-0.119015337808766,4.23901533780877,TRUE
19,2022-04-13T14:00:00Z,2022-04-13,4.07,12.28,-0.0337500000000013,0.0277083333333339,-0.119015337808766,4.18901533780877,TRUE
19,2022-04-13T14:30:00Z,2022-04-13,4.07,12.26,-0.0537500000000009,0.0277083333333339,-0.163473930853881,4.23347393085388,TRUE
19,2022-04-13T15:00:00Z,2022-04-13,4.17,12.3,-0.0137499999999999,0.127708333333334,-0.067349952346697,4.2373499523467,TRUE
19,2022-04-13T15:30:00Z,2022-04-13,4.23,12.38,0.0662500000000001,0.187708333333334,0.211379513671067,4.01862048632893,TRUE
19,2022-04-13T16:00:00Z,2022-04-13,4.72,12.38,0.0662500000000001,0.677708333333333,0.211379513671067,4.50862048632893,TRUE
19,2022-04-13T16:30:00Z,2022-04-13,4.19,12.28,-0.0337500000000013,0.147708333333334,-0.119015337808766,4.30901533780877,TRUE
19,2022-04-13T17:00:00Z,2022-04-13,3.69,12.32,0.00624999999999965,-0.352291666666666,-0.00847777446768248,3.69847777446768,TRUE
19,2022-04-13T17:30:00Z,2022-04-13,3.61,12.3,-0.0137499999999999,-0.432291666666667,-0.067349952346697,3.6773499523467,TRUE
19,2022-04-13T18:00:00Z,2022-04-13,3.89,12.36,0.0462499999999988,-0.152291666666666,0.130886958541196,3.7591130414588,TRUE
19,2022-04-13T18:30:00Z,2022-04-13,4.14,12.42,0.106249999999999,0.0977083333333333,0.393985001181644,3.74601499881836,TRUE
19,2022-04-13T19:00:00Z,2022-04-13,4.03,12.42,0.106249999999999,-0.0122916666666661,0.393985001181644,3.63601499881836,TRUE
19,2022-04-13T19:30:00Z,2022-04-13,3.69,12.32,0.00624999999999965,-0.352291666666666,-0.00847777446768248,3.69847777446768,TRUE
19,2022-04-13T20:00:00Z,2022-04-13,4.1,12.4,0.0862499999999997,0.0577083333333333,0.29907886121788,3.80092113878212,TRUE
19,2022-04-13T20:30:00Z,2022-04-13,3.82,12.32,0.00624999999999965,-0.222291666666667,-0.00847777446768248,3.82847777446768,TRUE
19,2022-04-13T21:00:00Z,2022-04-13,3.62,12.3,-0.0137499999999999,-0.422291666666666,-0.067349952346697,3.6873499523467,TRUE
19,2022-04-13T21:30:00Z,2022-04-13,3.89,12.32,0.00624999999999965,-0.152291666666666,-0.00847777446768248,3.89847777446768,TRUE
19,2022-04-13T22:00:00Z,2022-04-13,4.19,12.3,-0.0137499999999999,0.147708333333334,-0.067349952346697,4.2573499523467,TRUE
19,2022-04-13T22:30:00Z,2022-04-13,3.89,12.22,-0.09375,-0.152291666666666,-0.230770739693261,4.12077073969326,TRUE
19,2022-04-13T23:00:00Z,2022-04-13,3.4,12.2,-0.113750000000001,-0.642291666666667,-0.253608955487528,3.65360895548753,TRUE
19,2022-04-13T23:30:00Z,2022-04-13,3.39,12.2,-0.113750000000001,-0.652291666666666,-0.253608955487528,3.64360895548753,TRUE
19,2022-04-14T00:00:00Z,2022-04-14,3.97,12.22,-0.106249999999999,0.0252083333333335,-0.203706678417272,4.17370667841727,TRUE
19,2022-04-14T00:30:00Z,2022-04-14,3.96,12.26,-0.0662500000000001,0.0152083333333333,-0.133559304279843,4.09355930427984,TRUE
19,2022-04-14T01:00:00Z,2022-04-14,3.83,12.22,-0.106249999999999,-0.114791666666667,-0.203706678417272,4.03370667841727,TRUE
19,2022-04-14T01:30:00Z,2022-04-14,3.69,12.24,-0.0862499999999997,-0.254791666666667,-0.169116545181315,3.85911654518132,TRUE
19,2022-04-14T02:00:00Z,2022-04-14,3.56,12.3,-0.0262499999999992,-0.384791666666667,-0.0595434994803508,3.61954349948035,TRUE
19,2022-04-14T02:30:00Z,2022-04-14,3.7,12.3,-0.0262499999999992,-0.244791666666667,-0.0595434994803508,3.75954349948035,TRUE
19,2022-04-14T03:00:00Z,2022-04-14,4.15,12.38,0.0537500000000009,0.205208333333334,0.100093402104811,4.04990659789519,TRUE
19,2022-04-14T03:30:00Z,2022-04-14,4.17,12.4,0.0737500000000004,0.225208333333333,0.142420396664888,4.02757960333511,TRUE
19,2022-04-14T04:00:00Z,2022-04-14,3.96,12.36,0.0337499999999995,0.0152083333333333,0.0587335152102451,3.90126648478975,TRUE
19,2022-04-14T04:30:00Z,2022-04-14,3.51,12.28,-0.0462500000000006,-0.434791666666667,-0.0970349557128561,3.60703495571286,TRUE
19,2022-04-14T05:00:00Z,2022-04-14,4,12.32,-0.00624999999999965,0.0552083333333333,-0.0210849355823339,4.02108493558233,TRUE
19,2022-04-14T05:30:00Z,2022-04-14,4.29,12.34,0.0137499999999999,0.345208333333333,0.0183407359811981,4.2716592640188,TRUE
19,2022-04-14T06:00:00Z,2022-04-14,4.25,12.36,0.0337499999999995,0.305208333333333,0.0587335152102451,4.19126648478975,TRUE
19,2022-04-14T06:30:00Z,2022-04-14,3.68,12.28,-0.0462500000000006,-0.264791666666667,-0.0970349557128561,3.77703495571286,TRUE
19,2022-04-14T07:00:00Z,2022-04-14,3.57,12.3,-0.0262499999999992,-0.374791666666667,-0.0595434994803508,3.62954349948035,TRUE
19,2022-04-14T07:30:00Z,2022-04-14,3.69,12.3,-0.0262499999999992,-0.254791666666667,-0.0595434994803508,3.74954349948035,TRUE
19,2022-04-14T08:00:00Z,2022-04-14,3.68,12.3,-0.0262499999999992,-0.264791666666667,-0.0595434994803508,3.73954349948035,TRUE
19,2022-04-14T08:30:00Z,2022-04-14,4.19,12.34,0.0137499999999999,0.245208333333334,0.0183407359811981,4.1716592640188,TRUE
19,2022-04-14T09:00:00Z,2022-04-14,3.71,12.34,0.0137499999999999,-0.234791666666667,0.0183407359811981,3.6916592640188,TRUE
19,2022-04-14T09:30:00Z,2022-04-14,4.14,12.32,-0.00624999999999965,0.195208333333333,-0.0210849355823339,4.16108493558233,TRUE
19,2022-04-14T10:00:00Z,2022-04-14,4.13,12.32,-0.00624999999999965,0.185208333333333,-0.0210849355823339,4.15108493558233,TRUE
19,2022-04-14T10:30:00Z,2022-04-14,4.2,12.36,0.0337499999999995,0.255208333333334,0.0587335152102451,4.14126648478976,TRUE
19,2022-04-14T11:00:00Z,2022-04-14,4.07,12.32,-0.00624999999999965,0.125208333333334,-0.0210849355823339,4.09108493558233,TRUE
19,2022-04-14T11:30:00Z,2022-04-14,3.91,12.26,-0.0662500000000001,-0.0347916666666666,-0.133559304279843,4.04355930427984,TRUE
19,2022-04-14T12:00:00Z,2022-04-14,3.72,12.22,-0.106249999999999,-0.224791666666667,-0.203706678417272,3.92370667841727,TRUE
19,2022-04-14T12:30:00Z,2022-04-14,3.68,12.18,-0.14625,-0.264791666666667,-0.269985621892644,3.94998562189264,TRUE
19,2022-04-14T13:00:00Z,2022-04-14,3.74,12.2,-0.126250000000001,-0.204791666666666,-0.237329703987717,3.97732970398772,TRUE
19,2022-04-14T13:30:00Z,2022-04-14,4.06,12.24,-0.0862499999999997,0.115208333333333,-0.169116545181315,4.22911654518131,TRUE
19,2022-04-14T14:00:00Z,2022-04-14,4.1,12.28,-0.0462500000000006,0.155208333333333,-0.0970349557128561,4.19703495571286,TRUE
19,2022-04-14T14:30:00Z,2022-04-14,3.99,12.26,-0.0662500000000001,0.0452083333333335,-0.133559304279843,4.12355930427984,TRUE
19,2022-04-14T15:00:00Z,2022-04-14,3.8,12.22,-0.106249999999999,-0.144791666666667,-0.203706678417272,4.00370667841727,TRUE
19,2022-04-14T15:30:00Z,2022-04-14,3.86,12.22,-0.106249999999999,-0.0847916666666668,-0.203706678417272,4.06370667841727,TRUE
19,2022-04-14T16:00:00Z,2022-04-14,3.57,12.26,-0.0662500000000001,-0.374791666666667,-0.133559304279843,3.70355930427984,TRUE
19,2022-04-14T16:30:00Z,2022-04-14,3.49,12.32,-0.00624999999999965,-0.454791666666667,-0.0210849355823339,3.51108493558233,TRUE
19,2022-04-14T17:00:00Z,2022-04-14,3.71,12.3,-0.0262499999999992,-0.234791666666667,-0.0595434994803508,3.76954349948035,TRUE
19,2022-04-14T17:30:00Z,2022-04-14,3.99,12.38,0.0537500000000009,0.0452083333333335,0.100093402104811,3.88990659789519,TRUE
19,2022-04-14T18:00:00Z,2022-04-14,4.5,12.5,0.17375,0.555208333333333,0.368561984448002,4.131438015552,TRUE
19,2022-04-14T18:30:00Z,2022-04-14,4.12,12.46,0.133750000000001,0.175208333333333,0.275204026338213,3.84479597366179,TRUE
19,2022-04-14T19:00:00Z,2022-04-14,4.38,12.46,0.133750000000001,0.435208333333333,0.275204026338213,4.10479597366179,TRUE
19,2022-04-14T19:30:00Z,2022-04-14,4.21,12.52,0.19375,0.265208333333333,0.416691625001169,3.79330837499883,TRUE
19,2022-04-14T20:00:00Z,2022-04-14,4.28,12.5,0.17375,0.335208333333334,0.368561984448002,3.911438015552,TRUE
19,2022-04-14T20:30:00Z,2022-04-14,3.95,12.46,0.133750000000001,0.00520833333333348,0.275204026338213,3.67479597366179,TRUE
19,2022-04-14T21:00:00Z,2022-04-14,4.17,12.44,0.11375,0.225208333333333,0.229975708781587,3.94002429121841,TRUE
19,2022-04-14T21:30:00Z,2022-04-14,4.16,12.44,0.11375,0.215208333333333,0.229975708781587,3.93002429121841,TRUE
19,2022-04-14T22:00:00Z,2022-04-14,4.04,12.4,0.0737500000000004,0.0952083333333333,0.142420396664888,3.89757960333511,TRUE
19,2022-04-14T22:30:00Z,2022-04-14,4.31,12.38,0.0537500000000009,0.365208333333333,0.100093402104811,4.20990659789519,TRUE
19,2022-04-14T23:00:00Z,2022-04-14,4.07,12.38,0.0537500000000009,0.125208333333334,0.100093402104811,3.96990659789519,TRUE
19,2022-04-14T23:30:00Z,2022-04-14,3.44,12.22,-0.106249999999999,-0.504791666666667,-0.203706678417272,3.64370667841727,TRUE
19,2022-04-15T00:00:00Z,2022-04-15,3.18,12.2,-0.0795833333333338,-0.641875,-0.220961004762454,3.40096100476245,TRUE
19,2022-04-15T00:30:00Z,2022-04-15,3.69,12.3,0.0204166666666676,-0.131875,0.074242614829404,3.6157573851706,TRUE
19,2022-04-15T01:00:00Z,2022-04-15,3.98,12.3,0.0204166666666676,0.158125,0.074242614829404,3.9057573851706,TRUE
19,2022-04-15T01:30:00Z,2022-04-15,3.86,12.3,0.0204166666666676,0.038125,0.074242614829404,3.7857573851706,TRUE
19,2022-04-15T02:00:00Z,2022-04-15,3.92,12.28,0.000416666666666288,0.098125,0.0255995659468616,3.89440043405314,TRUE
19,2022-04-15T02:30:00Z,2022-04-15,4.14,12.32,0.0404166666666672,0.318125,0.117686826194026,4.02231317380597,TRUE
19,2022-04-15T03:00:00Z,2022-04-15,4.11,12.34,0.0604166666666668,0.288125,0.155932200040733,3.95406779995927,TRUE
19,2022-04-15T03:30:00Z,2022-04-15,3.99,12.3,0.0204166666666676,0.168125,0.074242614829404,3.9157573851706,TRUE
19,2022-04-15T04:00:00Z,2022-04-15,3.89,12.28,0.000416666666666288,0.0681250000000002,0.0255995659468616,3.86440043405314,TRUE
19,2022-04-15T04:30:00Z,2022-04-15,3.91,12.3,0.0204166666666676,0.0881250000000002,0.074242614829404,3.8357573851706,TRUE
19,2022-04-15T05:00:00Z,2022-04-15,3.9,12.34,0.0604166666666668,0.078125,0.155932200040733,3.74406779995927,TRUE
19,2022-04-15T05:30:00Z,2022-04-15,3.91,12.36,0.0804166666666664,0.0881250000000002,0.188978736369524,3.72102126363048,TRUE
19,2022-04-15T06:00:00Z,2022-04-15,4.02,12.32,0.0404166666666672,0.198125,0.117686826194026,3.90231317380597,TRUE
19,2022-04-15T06:30:00Z,2022-04-15,3.96,12.28,0.000416666666666288,0.138125,0.0255995659468616,3.93440043405314,TRUE
19,2022-04-15T07:00:00Z,2022-04-15,3.74,12.28,0.000416666666666288,-0.0818749999999997,0.0255995659468616,3.71440043405314,TRUE
19,2022-04-15T07:30:00Z,2022-04-15,3.58,12.22,-0.0595833333333324,-0.241875,-0.151522605808247,3.73152260580825,TRUE
19,2022-04-15T08:00:00Z,2022-04-15,3.31,12.12,-0.159583333333334,-0.511875,-0.550702975758422,3.86070297575842,TRUE
19,2022-04-15T08:30:00Z,2022-04-15,3.6,12.26,-0.0195833333333333,-0.221875,-0.0282423204535923,3.62824232045359,TRUE
19,2022-04-15T09:00:00Z,2022-04-15,3.52,12.24,-0.0395833333333329,-0.301875,-0.0872830443719617,3.60728304437196,TRUE
19,2022-04-15T09:30:00Z,2022-04-15,3.76,12.24,-0.0395833333333329,-0.0618750000000001,-0.0872830443719617,3.84728304437196,TRUE
19,2022-04-15T10:00:00Z,2022-04-15,3.65,12.22,-0.0595833333333324,-0.171875,-0.151522605808247,3.80152260580825,TRUE
19,2022-04-15T10:30:00Z,2022-04-15,3.51,12.14,-0.139583333333333,-0.311875,-0.460469226732551,3.97046922673255,TRUE
19,2022-04-15T11:00:00Z,2022-04-15,3.63,12.2,-0.0795833333333338,-0.191875,-0.220961004762454,3.85096100476245,TRUE
19,2022-04-15T11:30:00Z,2022-04-15,3.71,12.2,-0.0795833333333338,-0.111875,-0.220961004762454,3.93096100476245,TRUE
19,2022-04-15T12:00:00Z,2022-04-15,3.77,12.2,-0.0795833333333338,-0.0518749999999999,-0.220961004762454,3.99096100476245,TRUE
19,2022-04-15T12:30:00Z,2022-04-15,3.69,12.2,-0.0795833333333338,-0.131875,-0.220961004762454,3.91096100476245,TRUE
19,2022-04-15T13:00:00Z,2022-04-15,3.87,12.24,-0.0395833333333329,0.0481250000000002,-0.0872830443719617,3.95728304437196,TRUE
19,2022-04-15T13:30:00Z,2022-04-15,3.85,12.24,-0.0395833333333329,0.0281250000000002,-0.0872830443719617,3.93728304437196,TRUE
19,2022-04-15T14:00:00Z,2022-04-15,3.58,12.24,-0.0395833333333329,-0.241875,-0.0872830443719617,3.66728304437196,TRUE
19,2022-04-15T14:30:00Z,2022-04-15,3.26,12.2,-0.0795833333333338,-0.561875,-0.220961004762454,3.48096100476245,TRUE
19,2022-04-15T15:00:00Z,2022-04-15,3.74,12.24,-0.0395833333333329,-0.0818749999999997,-0.0872830443719617,3.82728304437196,TRUE
19,2022-04-15T15:30:00Z,2022-04-15,3.77,12.22,-0.0595833333333324,-0.0518749999999999,-0.151522605808247,3.92152260580825,TRUE
19,2022-04-15T16:00:00Z,2022-04-15,3.86,12.32,0.0404166666666672,0.038125,0.117686826194026,3.74231317380597,TRUE
19,2022-04-15T16:30:00Z,2022-04-15,3.83,12.38,0.100416666666668,0.00812500000000016,0.216826435180402,3.6131735648196,TRUE
19,2022-04-15T17:00:00Z,2022-04-15,3.79,12.36,0.0804166666666664,-0.0318749999999999,0.188978736369524,3.60102126363048,TRUE
19,2022-04-15T17:30:00Z,2022-04-15,3.78,12.36,0.0804166666666664,-0.0418750000000001,0.188978736369524,3.59102126363048,TRUE
19,2022-04-15T18:00:00Z,2022-04-15,3.91,12.34,0.0604166666666668,0.0881250000000002,0.155932200040733,3.75406779995927,TRUE
19,2022-04-15T18:30:00Z,2022-04-15,3.86,12.32,0.0404166666666672,0.038125,0.117686826194026,3.74231317380597,TRUE
19,2022-04-15T19:00:00Z,2022-04-15,3.95,12.3,0.0204166666666676,0.128125,0.074242614829404,3.8757573851706,TRUE
19,2022-04-15T19:30:00Z,2022-04-15,3.98,12.32,0.0404166666666672,0.158125,0.117686826194026,3.86231317380597,TRUE
19,2022-04-15T20:00:00Z,2022-04-15,3.89,12.3,0.0204166666666676,0.0681250000000002,0.074242614829404,3.8157573851706,TRUE
19,2022-04-15T20:30:00Z,2022-04-15,3.89,12.3,0.0204166666666676,0.0681250000000002,0.074242614829404,3.8157573851706,TRUE
19,2022-04-15T21:00:00Z,2022-04-15,4.07,12.3,0.0204166666666676,0.248125,0.074242614829404,3.9957573851706,TRUE
19,2022-04-15T21:30:00Z,2022-04-15,4.06,12.28,0.000416666666666288,0.238125,0.0255995659468616,4.03440043405314,TRUE
19,2022-04-15T22:00:00Z,2022-04-15,4.13,12.34,0.0604166666666668,0.308125,0.155932200040733,3.97406779995927,TRUE
19,2022-04-15T22:30:00Z,2022-04-15,4.12,12.34,0.0604166666666668,0.298125,0.155932200040733,3.96406779995927,TRUE
19,2022-04-15T23:00:00Z,2022-04-15,4.09,12.34,0.0604166666666668,0.268125,0.155932200040733,3.93406779995927,TRUE
19,2022-04-15T23:30:00Z,2022-04-15,4.24,12.4,0.120416666666667,0.418125,0.239475296473361,4.00052470352664,TRUE
19,2022-04-16T00:00:00Z,2022-04-16,4.11,12.4,0.0729166666666679,0.0306250000000006,0.0368213980449293,4.07317860195507,TRUE
19,2022-04-16T00:30:00Z,2022-04-16,4.04,12.38,0.0529166666666683,-0.0393749999999997,0.0630521864140167,3.97694781358598,TRUE
19,2022-04-16T01:00:00Z,2022-04-16,4,12.36,0.0329166666666669,-0.0793749999999998,0.0678038698143649,3.93219613018564,TRUE
19,2022-04-16T01:30:00Z,2022-04-16,4.06,12.34,0.0129166666666674,-0.0193750000000001,0.0510764482459731,4.00892355175403,TRUE
19,2022-04-16T02:00:00Z,2022-04-16,4.24,12.36,0.0329166666666669,0.160625,0.0678038698143649,4.17219613018564,TRUE
19,2022-04-16T02:30:00Z,2022-04-16,4.21,12.34,0.0129166666666674,0.130625,0.0510764482459731,4.15892355175403,TRUE
19,2022-04-16T03:00:00Z,2022-04-16,4.19,12.34,0.0129166666666674,0.110625000000001,0.0510764482459731,4.13892355175403,TRUE
19,2022-04-16T03:30:00Z,2022-04-16,4.13,12.32,-0.00708333333333222,0.0506250000000001,0.0128699217088426,4.11713007829116,TRUE
19,2022-04-16T04:00:00Z,2022-04-16,4.11,12.34,0.0129166666666674,0.0306250000000006,0.0510764482459731,4.05892355175403,TRUE
19,2022-04-16T04:30:00Z,2022-04-16,4.11,12.34,0.0129166666666674,0.0306250000000006,0.0510764482459731,4.05892355175403,TRUE
19,2022-04-16T05:00:00Z,2022-04-16,4.14,12.32,-0.00708333333333222,0.0606249999999999,0.0128699217088426,4.12713007829116,TRUE
19,2022-04-16T05:30:00Z,2022-04-16,4.13,12.32,-0.00708333333333222,0.0506250000000001,0.0128699217088426,4.11713007829116,TRUE
19,2022-04-16T06:00:00Z,2022-04-16,4.16,12.32,-0.00708333333333222,0.0806250000000004,0.0128699217088426,4.14713007829116,TRUE
19,2022-04-16T06:30:00Z,2022-04-16,4.16,12.34,0.0129166666666674,0.0806250000000004,0.0510764482459731,4.10892355175403,TRUE
19,2022-04-16T07:00:00Z,2022-04-16,4.15,12.34,0.0129166666666674,0.0706250000000006,0.0510764482459731,4.09892355175403,TRUE
19,2022-04-16T07:30:00Z,2022-04-16,4.12,12.34,0.0129166666666674,0.0406250000000004,0.0510764482459731,4.06892355175403,TRUE
19,2022-04-16T08:00:00Z,2022-04-16,4.24,12.4,0.0729166666666679,0.160625,0.0368213980449293,4.20317860195507,TRUE
19,2022-04-16T08:30:00Z,2022-04-16,4.13,12.36,0.0329166666666669,0.0506250000000001,0.0678038698143649,4.06219613018564,TRUE
19,2022-04-16T09:00:00Z,2022-04-16,4,12.32,-0.00708333333333222,-0.0793749999999998,0.0128699217088426,3.98713007829116,TRUE
19,2022-04-16T09:30:00Z,2022-04-16,4.09,12.32,-0.00708333333333222,0.0106250000000001,0.0128699217088426,4.07713007829116,TRUE
19,2022-04-16T10:00:00Z,2022-04-16,4.17,12.36,0.0329166666666669,0.0906250000000002,0.0678038698143649,4.10219613018564,TRUE
19,2022-04-16T10:30:00Z,2022-04-16,3.99,12.32,-0.00708333333333222,-0.0893749999999995,0.0128699217088426,3.97713007829116,TRUE
19,2022-04-16T11:00:00Z,2022-04-16,4.15,12.28,-0.0470833333333331,0.0706250000000006,-0.127980446271642,4.27798044627164,TRUE
19,2022-04-16T11:30:00Z,2022-04-16,3.74,12.24,-0.0870833333333323,-0.339375,-0.354747234127078,4.09474723412708,TRUE
19,2022-04-16T12:00:00Z,2022-04-16,3.76,12.24,-0.0870833333333323,-0.319375,-0.354747234127078,4.11474723412708,TRUE
19,2022-04-16T12:30:00Z,2022-04-16,4.15,12.32,-0.00708333333333222,0.0706250000000006,0.0128699217088426,4.13713007829116,TRUE
19,2022-04-16T13:00:00Z,2022-04-16,4.09,12.34,0.0129166666666674,0.0106250000000001,0.0510764482459731,4.03892355175403,TRUE
19,2022-04-16T13:30:00Z,2022-04-16,3.98,12.34,0.0129166666666674,-0.0993749999999998,0.0510764482459731,3.92892355175403,TRUE
19,2022-04-16T14:00:00Z,2022-04-16,3.71,12.26,-0.0670833333333327,-0.369375,-0.230624287714991,3.94062428771499,TRUE
19,2022-04-16T14:30:00Z,2022-04-16,4.08,12.3,-0.0270833333333318,0.00062500000000032,-0.0468157097970265,4.12681570979703,TRUE
19,2022-04-16T15:00:00Z,2022-04-16,3.87,12.28,-0.0470833333333331,-0.209375,-0.127980446271642,3.99798044627164,TRUE
19,2022-04-16T15:30:00Z,2022-04-16,4.28,12.36,0.0329166666666669,0.200625000000001,0.0678038698143649,4.21219613018564,TRUE
19,2022-04-16T16:00:00Z,2022-04-16,3.82,12.3,-0.0270833333333318,-0.259375,-0.0468157097970265,3.86681570979703,TRUE
19,2022-04-16T16:30:00Z,2022-04-16,3.93,12.28,-0.0470833333333331,-0.149375,-0.127980446271642,4.05798044627164,TRUE
19,2022-04-16T17:00:00Z,2022-04-16,3.91,12.32,-0.00708333333333222,-0.169375,0.0128699217088426,3.89713007829116,TRUE
19,2022-04-16T17:30:00Z,2022-04-16,3.98,12.36,0.0329166666666669,-0.0993749999999998,0.0678038698143649,3.91219613018564,TRUE
19,2022-04-16T18:00:00Z,2022-04-16,3.95,12.34,0.0129166666666674,-0.129375,0.0510764482459731,3.89892355175403,TRUE
19,2022-04-16T18:30:00Z,2022-04-16,4.04,12.34,0.0129166666666674,-0.0393749999999997,0.0510764482459731,3.98892355175403,TRUE
19,2022-04-16T19:00:00Z,2022-04-16,4.11,12.34,0.0129166666666674,0.0306250000000006,0.0510764482459731,4.05892355175403,TRUE
19,2022-04-16T19:30:00Z,2022-04-16,4.29,12.32,-0.00708333333333222,0.210625,0.0128699217088426,4.27713007829116,TRUE
19,2022-04-16T20:00:00Z,2022-04-16,4.27,12.32,-0.00708333333333222,0.190625,0.0128699217088426,4.25713007829116,TRUE
19,2022-04-16T20:30:00Z,2022-04-16,4.07,12.32,-0.00708333333333222,-0.00937499999999947,0.0128699217088426,4.05713007829116,TRUE
19,2022-04-16T21:00:00Z,2022-04-16,4.17,12.32,-0.00708333333333222,0.0906250000000002,0.0128699217088426,4.15713007829116,TRUE
19,2022-04-16T21:30:00Z,2022-04-16,4.21,12.32,-0.00708333333333222,0.130625,0.0128699217088426,4.19713007829116,TRUE
19,2022-04-16T22:00:00Z,2022-04-16,4.16,12.32,-0.00708333333333222,0.0806250000000004,0.0128699217088426,4.14713007829116,TRUE
19,2022-04-16T22:30:00Z,2022-04-16,3.92,12.3,-0.0270833333333318,-0.159375,-0.0468157097970265,3.96681570979703,TRUE
19,2022-04-16T23:00:00Z,2022-04-16,4.24,12.32,-0.00708333333333222,0.160625,0.0128699217088426,4.22713007829116,TRUE
19,2022-04-16T23:30:00Z,2022-04-16,4.25,12.34,0.0129166666666674,0.170625,0.0510764482459731,4.19892355175403,TRUE
19,2022-04-17T00:00:00Z,2022-04-17,4.23,12.34,-0.0400000000000009,0.247083333333334,-0.102862540721843,4.33286254072184,TRUE
19,2022-04-17T00:30:00Z,2022-04-17,4.22,12.34,-0.0400000000000009,0.237083333333333,-0.102862540721843,4.32286254072184,TRUE
19,2022-04-17T01:00:00Z,2022-04-17,4.13,12.36,-0.0200000000000014,0.147083333333333,-0.0468979067194115,4.17689790671941,TRUE
19,2022-04-17T01:30:00Z,2022-04-17,4.08,12.4,0.0199999999999996,0.0970833333333334,0.0591236294811339,4.02087637051887,TRUE
19,2022-04-17T02:00:00Z,2022-04-17,4.04,12.34,-0.0400000000000009,0.0570833333333334,-0.102862540721843,4.14286254072184,TRUE
19,2022-04-17T02:30:00Z,2022-04-17,4.08,12.36,-0.0200000000000014,0.0970833333333334,-0.0468979067194115,4.12689790671941,TRUE
19,2022-04-17T03:00:00Z,2022-04-17,4.09,12.36,-0.0200000000000014,0.107083333333333,-0.0468979067194115,4.13689790671941,TRUE
19,2022-04-17T03:30:00Z,2022-04-17,4.2,12.42,0.0399999999999991,0.217083333333334,0.109180531679243,4.09081946832076,TRUE
19,2022-04-17T04:00:00Z,2022-04-17,4.21,12.38,0,0.227083333333333,0.00709748334825076,4.20290251665175,TRUE
19,2022-04-17T04:30:00Z,2022-04-17,4.11,12.4,0.0199999999999996,0.127083333333334,0.0591236294811339,4.05087637051887,TRUE
19,2022-04-17T05:00:00Z,2022-04-17,4.11,12.4,0.0199999999999996,0.127083333333334,0.0591236294811339,4.05087637051887,TRUE
19,2022-04-17T05:30:00Z,2022-04-17,4.08,12.34,-0.0400000000000009,0.0970833333333334,-0.102862540721843,4.18286254072184,TRUE
19,2022-04-17T06:00:00Z,2022-04-17,3.76,12.28,-0.100000000000001,-0.222916666666667,-0.282571906337789,4.04257190633779,TRUE
19,2022-04-17T06:30:00Z,2022-04-17,3.81,12.3,-0.0800000000000001,-0.172916666666667,-0.220699540531029,4.03069954053103,TRUE
19,2022-04-17T07:00:00Z,2022-04-17,4.07,12.3,-0.0800000000000001,0.0870833333333336,-0.220699540531029,4.29069954053103,TRUE
19,2022-04-17T07:30:00Z,2022-04-17,4.32,12.38,0,0.337083333333334,0.00709748334825076,4.31290251665175,TRUE
19,2022-04-17T08:00:00Z,2022-04-17,3.98,12.36,-0.0200000000000014,-0.00291666666666668,-0.0468979067194115,4.02689790671941,TRUE
19,2022-04-17T08:30:00Z,2022-04-17,3.77,12.32,-0.0600000000000005,-0.212916666666667,-0.160796418659049,3.93079641865905,TRUE
19,2022-04-17T09:00:00Z,2022-04-17,3.94,12.36,-0.0200000000000014,-0.0429166666666667,-0.0468979067194115,3.98689790671941,TRUE
19,2022-04-17T09:30:00Z,2022-04-17,4.09,12.38,0,0.107083333333333,0.00709748334825076,4.08290251665175,TRUE
19,2022-04-17T10:00:00Z,2022-04-17,3.77,12.38,0,-0.212916666666667,0.00709748334825076,3.76290251665175,TRUE
19,2022-04-17T10:30:00Z,2022-04-17,3.69,12.34,-0.0400000000000009,-0.292916666666667,-0.102862540721843,3.79286254072184,TRUE
19,2022-04-17T11:00:00Z,2022-04-17,3.52,12.28,-0.100000000000001,-0.462916666666667,-0.282571906337789,3.80257190633779,TRUE
19,2022-04-17T11:30:00Z,2022-04-17,3.72,12.34,-0.0400000000000009,-0.262916666666666,-0.102862540721843,3.82286254072184,TRUE
19,2022-04-17T12:00:00Z,2022-04-17,3.8,12.36,-0.0200000000000014,-0.182916666666667,-0.0468979067194115,3.84689790671941,TRUE
19,2022-04-17T12:30:00Z,2022-04-17,3.74,12.36,-0.0200000000000014,-0.242916666666666,-0.0468979067194115,3.78689790671941,TRUE
19,2022-04-17T13:00:00Z,2022-04-17,3.91,12.38,0,-0.0729166666666665,0.00709748334825076,3.90290251665175,TRUE
19,2022-04-17T13:30:00Z,2022-04-17,3.39,12.28,-0.100000000000001,-0.592916666666667,-0.282571906337789,3.67257190633779,TRUE
19,2022-04-17T14:00:00Z,2022-04-17,3.61,12.32,-0.0600000000000005,-0.372916666666667,-0.160796418659049,3.77079641865905,TRUE
19,2022-04-17T14:30:00Z,2022-04-17,4.04,12.4,0.0199999999999996,0.0570833333333334,0.0591236294811339,3.98087637051887,TRUE
19,2022-04-17T15:00:00Z,2022-04-17,4.12,12.44,0.0599999999999987,0.137083333333333,0.157268189942578,3.96273181005742,TRUE
19,2022-04-17T15:30:00Z,2022-04-17,4.02,12.4,0.0199999999999996,0.0370833333333329,0.0591236294811339,3.96087637051887,TRUE
19,2022-04-17T16:00:00Z,2022-04-17,3.99,12.42,0.0399999999999991,0.00708333333333355,0.109180531679243,3.88081946832076,TRUE
19,2022-04-17T16:30:00Z,2022-04-17,3.64,12.38,0,-0.342916666666667,0.00709748334825076,3.63290251665175,TRUE
19,2022-04-17T17:00:00Z,2022-04-17,3.89,12.4,0.0199999999999996,-0.0929166666666665,0.0591236294811339,3.83087637051887,TRUE
19,2022-04-17T17:30:00Z,2022-04-17,3.96,12.4,0.0199999999999996,-0.0229166666666667,0.0591236294811339,3.90087637051887,TRUE
19,2022-04-17T18:00:00Z,2022-04-17,3.89,12.38,0,-0.0929166666666665,0.00709748334825076,3.88290251665175,TRUE
19,2022-04-17T18:30:00Z,2022-04-17,3.97,12.38,0,-0.0129166666666665,0.00709748334825076,3.96290251665175,TRUE
19,2022-04-17T19:00:00Z,2022-04-17,3.93,12.4,0.0199999999999996,-0.0529166666666665,0.0591236294811339,3.87087637051887,TRUE
19,2022-04-17T19:30:00Z,2022-04-17,4.03,12.42,0.0399999999999991,0.0470833333333336,0.109180531679243,3.92081946832076,TRUE
19,2022-04-17T20:00:00Z,2022-04-17,4.05,12.42,0.0399999999999991,0.0670833333333332,0.109180531679243,3.94081946832076,TRUE
19,2022-04-17T20:30:00Z,2022-04-17,3.87,12.4,0.0199999999999996,-0.112916666666667,0.0591236294811339,3.81087637051887,TRUE
19,2022-04-17T21:00:00Z,2022-04-17,4.15,12.42,0.0399999999999991,0.167083333333334,0.109180531679243,4.04081946832076,TRUE
19,2022-04-17T21:30:00Z,2022-04-17,4.28,12.48,0.0999999999999996,0.297083333333334,0.247535774664929,4.03246422533507,TRUE
19,2022-04-17T22:00:00Z,2022-04-17,3.92,12.42,0.0399999999999991,-0.0629166666666667,0.109180531679243,3.81081946832076,TRUE
19,2022-04-17T22:30:00Z,2022-04-17,4.25,12.48,0.0999999999999996,0.267083333333333,0.247535774664929,4.00246422533507,TRUE
19,2022-04-17T23:00:00Z,2022-04-17,4.37,12.52,0.139999999999999,0.387083333333333,0.329926383648179,4.04007361635182,TRUE
19,2022-04-17T23:30:00Z,2022-04-17,4.34,12.52,0.139999999999999,0.357083333333333,0.329926383648179,4.01007361635182,TRUE
19,2022-04-18T00:00:00Z,2022-04-18,4.5,12.58,0.141249999999999,0.569583333333333,0.493167314438464,4.00683268556154,TRUE
19,2022-04-18T00:30:00Z,2022-04-18,4.43,12.58,0.141249999999999,0.499583333333333,0.493167314438464,3.93683268556154,TRUE
19,2022-04-18T01:00:00Z,2022-04-18,4.41,12.58,0.141249999999999,0.479583333333333,0.493167314438464,3.91683268556154,TRUE
19,2022-04-18T01:30:00Z,2022-04-18,4.41,12.58,0.141249999999999,0.479583333333333,0.493167314438464,3.91683268556154,TRUE
19,2022-04-18T02:00:00Z,2022-04-18,4.3,12.56,0.12125,0.369583333333333,0.447519246426105,3.85248075357389,TRUE
19,2022-04-18T02:30:00Z,2022-04-18,4.24,12.54,0.101249999999999,0.309583333333333,0.396090264424422,3.84390973557558,TRUE
19,2022-04-18T03:00:00Z,2022-04-18,4.15,12.5,0.0612499999999994,0.219583333333333,0.275889558453103,3.8741104415469,TRUE
19,2022-04-18T03:30:00Z,2022-04-18,4.28,12.54,0.101249999999999,0.349583333333333,0.396090264424422,3.88390973557558,TRUE
19,2022-04-18T04:00:00Z,2022-04-18,4.27,12.54,0.101249999999999,0.339583333333333,0.396090264424422,3.87390973557558,TRUE
19,2022-04-18T04:30:00Z,2022-04-18,4.25,12.54,0.101249999999999,0.319583333333333,0.396090264424422,3.85390973557558,TRUE
19,2022-04-18T05:00:00Z,2022-04-18,4.19,12.48,0.0412499999999998,0.259583333333334,0.207117834483463,3.98288216551654,TRUE
19,2022-04-18T05:30:00Z,2022-04-18,4.24,12.48,0.0412499999999998,0.309583333333333,0.207117834483463,4.03288216551654,TRUE
19,2022-04-18T06:00:00Z,2022-04-18,4.29,12.54,0.101249999999999,0.359583333333333,0.396090264424422,3.89390973557558,TRUE
19,2022-04-18T06:30:00Z,2022-04-18,4.2,12.5,0.0612499999999994,0.269583333333333,0.275889558453103,3.9241104415469,TRUE
19,2022-04-18T07:00:00Z,2022-04-18,4.16,12.48,0.0412499999999998,0.229583333333333,0.207117834483463,3.95288216551654,TRUE
19,2022-04-18T07:30:00Z,2022-04-18,4.27,12.48,0.0412499999999998,0.339583333333333,0.207117834483463,4.06288216551654,TRUE
19,2022-04-18T08:00:00Z,2022-04-18,4.17,12.48,0.0412499999999998,0.239583333333333,0.207117834483463,3.96288216551654,TRUE
19,2022-04-18T08:30:00Z,2022-04-18,4.19,12.48,0.0412499999999998,0.259583333333334,0.207117834483463,3.98288216551654,TRUE
19,2022-04-18T09:00:00Z,2022-04-18,4.19,12.48,0.0412499999999998,0.259583333333334,0.207117834483463,3.98288216551654,TRUE
19,2022-04-18T09:30:00Z,2022-04-18,4.2,12.46,0.0212500000000002,0.269583333333333,0.132565196524503,4.0674348034755,TRUE
19,2022-04-18T10:00:00Z,2022-04-18,4.22,12.48,0.0412499999999998,0.289583333333333,0.207117834483463,4.01288216551654,TRUE
19,2022-04-18T10:30:00Z,2022-04-18,4.13,12.46,0.0212500000000002,0.199583333333333,0.132565196524503,3.9974348034755,TRUE
19,2022-04-18T11:00:00Z,2022-04-18,4.07,12.44,0.00124999999999886,0.139583333333333,0.0522316445762152,4.01776835542379,TRUE
19,2022-04-18T11:30:00Z,2022-04-18,3.89,12.4,-0.0387500000000003,-0.0404166666666668,-0.125778201288307,4.01577820128831,TRUE
19,2022-04-18T12:00:00Z,2022-04-18,3.92,12.4,-0.0387500000000003,-0.010416666666667,-0.125778201288307,4.04577820128831,TRUE
19,2022-04-18T12:30:00Z,2022-04-18,3.71,12.4,-0.0387500000000003,-0.220416666666667,-0.125778201288307,3.83577820128831,TRUE
19,2022-04-18T13:00:00Z,2022-04-18,3.64,12.38,-0.0587499999999999,-0.290416666666667,-0.223454495204548,3.86345449520455,TRUE
19,2022-04-18T13:30:00Z,2022-04-18,3.76,12.38,-0.0587499999999999,-0.170416666666667,-0.223454495204548,3.98345449520455,TRUE
19,2022-04-18T14:00:00Z,2022-04-18,4,12.4,-0.0387500000000003,0.0695833333333331,-0.125778201288307,4.12577820128831,TRUE
19,2022-04-18T14:30:00Z,2022-04-18,3.86,12.36,-0.0787500000000012,-0.070416666666667,-0.326911703110118,4.18691170311012,TRUE
19,2022-04-18T15:00:00Z,2022-04-18,3.09,12.28,-0.158750000000001,-0.840416666666667,-0.798549674625579,3.88854967462558,TRUE
19,2022-04-18T15:30:00Z,2022-04-18,3.65,12.3,-0.13875,-0.280416666666667,-0.671968810762725,4.32196881076272,TRUE
19,2022-04-18T16:00:00Z,2022-04-18,3.38,12.34,-0.0987500000000008,-0.550416666666667,-0.436149825005,3.816149825005,TRUE
19,2022-04-18T16:30:00Z,2022-04-18,3.95,12.36,-0.0787500000000012,0.0195833333333333,-0.326911703110118,4.27691170311012,TRUE
19,2022-04-18T17:00:00Z,2022-04-18,3.54,12.38,-0.0587499999999999,-0.390416666666667,-0.223454495204548,3.76345449520455,TRUE
19,2022-04-18T17:30:00Z,2022-04-18,3.56,12.4,-0.0387500000000003,-0.370416666666667,-0.125778201288307,3.68577820128831,TRUE
19,2022-04-18T18:00:00Z,2022-04-18,3.4,12.32,-0.11875,-0.530416666666667,-0.551168860889202,3.9511688608892,TRUE
19,2022-04-18T18:30:00Z,2022-04-18,3.53,12.36,-0.0787500000000012,-0.400416666666667,-0.326911703110118,3.85691170311012,TRUE
19,2022-04-18T19:00:00Z,2022-04-18,3.79,12.4,-0.0387500000000003,-0.140416666666667,-0.125778201288307,3.91577820128831,TRUE
19,2022-04-18T19:30:00Z,2022-04-18,3.78,12.38,-0.0587499999999999,-0.150416666666667,-0.223454495204548,4.00345449520455,TRUE
19,2022-04-18T20:00:00Z,2022-04-18,3.8,12.4,-0.0387500000000003,-0.130416666666667,-0.125778201288307,3.92577820128831,TRUE
19,2022-04-18T20:30:00Z,2022-04-18,3.44,12.34,-0.0987500000000008,-0.490416666666667,-0.436149825005,3.876149825005,TRUE
19,2022-04-18T21:00:00Z,2022-04-18,3.62,12.4,-0.0387500000000003,-0.310416666666667,-0.125778201288307,3.74577820128831,TRUE
19,2022-04-18T21:30:00Z,2022-04-18,4.06,12.44,0.00124999999999886,0.129583333333333,0.0522316445762152,4.00776835542378,TRUE
19,2022-04-18T22:00:00Z,2022-04-18,3.31,12.36,-0.0787500000000012,-0.620416666666667,-0.326911703110118,3.63691170311012,TRUE
19,2022-04-18T22:30:00Z,2022-04-18,3.53,12.36,-0.0787500000000012,-0.400416666666667,-0.326911703110118,3.85691170311012,TRUE
19,2022-04-18T23:00:00Z,2022-04-18,3.23,12.36,-0.0787500000000012,-0.700416666666667,-0.326911703110118,3.55691170311012,TRUE
19,2022-04-18T23:30:00Z,2022-04-18,3.46,12.38,-0.0587499999999999,-0.470416666666667,-0.223454495204548,3.68345449520455,TRUE
19,2022-04-19T00:00:00Z,2022-04-19,3.92,12.44,0.0024999999999995,0.116666666666667,0.0591712452989064,3.86082875470109,TRUE
19,2022-04-19T00:30:00Z,2022-04-19,3.74,12.44,0.0024999999999995,-0.063333333333333,0.0591712452989064,3.68082875470109,TRUE
19,2022-04-19T01:00:00Z,2022-04-19,3.43,12.46,0.0225000000000009,-0.373333333333333,0.104358439603263,3.32564156039674,TRUE
19,2022-04-19T01:30:00Z,2022-04-19,3.55,12.46,0.0225000000000009,-0.253333333333333,0.104358439603263,3.44564156039674,TRUE
19,2022-04-19T02:00:00Z,2022-04-19,3.9,12.52,0.0824999999999996,0.0966666666666667,0.217117389896307,3.68288261010369,TRUE
19,2022-04-19T02:30:00Z,2022-04-19,3.97,12.6,0.1625,0.166666666666667,0.314256514173672,3.65574348582633,TRUE
19,2022-04-19T03:00:00Z,2022-04-19,4.15,12.64,0.202500000000001,0.346666666666667,0.340023443692343,3.80997655630766,TRUE
19,2022-04-19T03:30:00Z,2022-04-19,4.21,12.66,0.2225,0.406666666666667,0.347206250296674,3.86279374970333,TRUE
19,2022-04-19T04:00:00Z,2022-04-19,3.81,12.5,0.0625,0.00666666666666682,0.183331511901961,3.62666848809804,TRUE
19,2022-04-19T04:30:00Z,2022-04-19,3.58,12.48,0.0425000000000004,-0.223333333333333,0.145745195137613,3.43425480486239,TRUE
19,2022-04-19T05:00:00Z,2022-04-19,3.88,12.4,-0.0374999999999996,0.0766666666666667,-0.0426044596198041,3.9226044596198,TRUE
19,2022-04-19T05:30:00Z,2022-04-19,3.78,12.4,-0.0374999999999996,-0.0233333333333334,-0.0426044596198041,3.8226044596198,TRUE
19,2022-04-19T06:00:00Z,2022-04-19,3.92,12.62,0.182499999999999,0.116666666666667,0.329040198318008,3.59095980168199,TRUE
19,2022-04-19T06:30:00Z,2022-04-19,4.23,12.58,0.1425,0.426666666666667,0.295672391259335,3.93432760874067,TRUE
19,2022-04-19T07:00:00Z,2022-04-19,3.9,12.44,0.0024999999999995,0.0966666666666667,0.0591712452989064,3.84082875470109,TRUE
19,2022-04-19T07:30:00Z,2022-04-19,4.16,12.5,0.0625,0.356666666666667,0.183331511901961,3.97666848809804,TRUE
19,2022-04-19T08:00:00Z,2022-04-19,4.16,12.54,0.102499999999999,0.356666666666667,0.247102829120651,3.91289717087935,TRUE
19,2022-04-19T08:30:00Z,2022-04-19,4.09,12.48,0.0425000000000004,0.286666666666667,0.145745195137613,3.94425480486239,TRUE
19,2022-04-19T09:00:00Z,2022-04-19,4.3,12.52,0.0824999999999996,0.496666666666667,0.217117389896307,4.08288261010369,TRUE
19,2022-04-19T09:30:00Z,2022-04-19,3.97,12.44,0.0024999999999995,0.166666666666667,0.0591712452989064,3.91082875470109,TRUE
19,2022-04-19T10:00:00Z,2022-04-19,4.15,12.48,0.0425000000000004,0.346666666666667,0.145745195137613,4.00425480486239,TRUE
19,2022-04-19T10:30:00Z,2022-04-19,4.21,12.48,0.0425000000000004,0.406666666666667,0.145745195137613,4.06425480486239,TRUE
19,2022-04-19T11:00:00Z,2022-04-19,4.16,12.42,-0.0175000000000001,0.356666666666667,0.0101836122245522,4.14981638777545,TRUE
19,2022-04-19T11:30:00Z,2022-04-19,3.97,12.38,-0.0574999999999992,0.166666666666667,-0.0991929702341623,4.06919297023416,TRUE
19,2022-04-19T12:00:00Z,2022-04-19,3.95,12.4,-0.0374999999999996,0.146666666666667,-0.0426044596198041,3.9926044596198,TRUE
19,2022-04-19T12:30:00Z,2022-04-19,3.96,12.4,-0.0374999999999996,0.156666666666667,-0.0426044596198041,4.0026044596198,TRUE
19,2022-04-19T13:00:00Z,2022-04-19,3.4,12.24,-0.1975,-0.403333333333333,-0.60172483009474,4.00172483009474,TRUE
19,2022-04-19T13:30:00Z,2022-04-19,3.38,12.26,-0.1775,-0.423333333333333,-0.518533248090367,3.89853324809037,TRUE
19,2022-04-19T14:00:00Z,2022-04-19,2.89,12.2,-0.237500000000001,-0.913333333333333,-0.779509310413499,3.6695093104135,TRUE
19,2022-04-19T14:30:00Z,2022-04-19,3.01,12.22,-0.217499999999999,-0.793333333333333,-0.688716850869115,3.69871685086911,TRUE
19,2022-04-19T15:00:00Z,2022-04-19,3.01,12.26,-0.1775,-0.793333333333333,-0.518533248090367,3.52853324809037,TRUE
19,2022-04-19T15:30:00Z,2022-04-19,3.52,12.24,-0.1975,-0.283333333333333,-0.60172483009474,4.12172483009474,TRUE
19,2022-04-19T16:00:00Z,2022-04-19,3.71,12.3,-0.137499999999999,-0.0933333333333333,-0.363551400391621,4.07355140039162,TRUE
19,2022-04-19T16:30:00Z,2022-04-19,3.66,12.34,-0.0975000000000001,-0.143333333333333,-0.22377130777289,3.88377130777289,TRUE
19,2022-04-19T17:00:00Z,2022-04-19,2.81,12.34,-0.0975000000000001,-0.993333333333333,-0.22377130777289,3.03377130777289,TRUE
19,2022-04-19T17:30:00Z,2022-04-19,3.47,12.42,-0.0175000000000001,-0.333333333333333,0.0101836122245522,3.45981638777545,TRUE
19,2022-04-19T18:00:00Z,2022-04-19,3.42,12.4,-0.0374999999999996,-0.383333333333333,-0.0426044596198041,3.4626044596198,TRUE
19,2022-04-19T18:30:00Z,2022-04-19,3.38,12.4,-0.0374999999999996,-0.423333333333333,-0.0426044596198041,3.4226044596198,TRUE
19,2022-04-19T19:00:00Z,2022-04-19,3.73,12.5,0.0625,-0.0733333333333333,0.183331511901961,3.54666848809804,TRUE
19,2022-04-19T19:30:00Z,2022-04-19,3.74,12.42,-0.0175000000000001,-0.063333333333333,0.0101836122245522,3.72981638777545,TRUE
19,2022-04-19T20:00:00Z,2022-04-19,3.82,12.44,0.0024999999999995,0.0166666666666666,0.0591712452989064,3.76082875470109,TRUE
19,2022-04-19T20:30:00Z,2022-04-19,4.14,12.44,0.0024999999999995,0.336666666666666,0.0591712452989064,4.08082875470109,TRUE
19,2022-04-19T21:00:00Z,2022-04-19,4.13,12.42,-0.0175000000000001,0.326666666666667,0.0101836122245522,4.11981638777545,TRUE
19,2022-04-19T21:30:00Z,2022-04-19,3.87,12.44,0.0024999999999995,0.0666666666666669,0.0591712452989064,3.81082875470109,TRUE
19,2022-04-19T22:00:00Z,2022-04-19,4.02,12.44,0.0024999999999995,0.216666666666666,0.0591712452989064,3.96082875470109,TRUE
19,2022-04-19T22:30:00Z,2022-04-19,4.22,12.54,0.102499999999999,0.416666666666667,0.247102829120651,3.97289717087935,TRUE
19,2022-04-19T23:00:00Z,2022-04-19,4.08,12.54,0.102499999999999,0.276666666666667,0.247102829120651,3.83289717087935,TRUE
19,2022-04-19T23:30:00Z,2022-04-19,4.1,12.52,0.0824999999999996,0.296666666666666,0.217117389896307,3.88288261010369,TRUE
